{
  "type": "FeatureCollection",
  "features": [
    {
      "type": "Feature",
      "properties": {
        "kd_propinsi": "63",
        "kd_dati2": "05",
        "kd_kecamatan": "12",
        "kd_kelurahan": "120",
        "nm_kelurahan": "Antasari Hilir"
      },
      "geometry": {
        "type": "MultiPolygon",
        "coordinates": [
          [
            [
              [115.135744097, -2.94251584399996, 0],
              [115.135736816, -2.94251715299993, 0],
              [115.136004062, -2.94407016799994, 0],
              [115.136119911, -2.94475654199994, 0],
              [115.136177865, -2.94509990499995, 0],
              [115.136362881, -2.94619691999998, 0],
              [115.136544159, -2.94730514899993, 0],
              [115.136958577, -2.94972858199998, 0],
              [115.137241825, -2.95144850899993, 0],
              [115.137610485, -2.95359841799996, 0],
              [115.137647659, -2.95385733699993, 0],
              [115.137390726, -2.95386052199996, 0],
              [115.137001528, -2.95386534699998, 0],
              [115.136169656, -2.95387565799996, 0],
              [115.135121507, -2.95388864999995, 0],
              [115.135121216, -2.95388865399997, 0],
              [115.134657466, -2.95389440199995, 0],
              [115.13349617, -2.95390879699994, 0],
              [115.132523313, -2.95006199699998, 0],
              [115.131423185, -2.94571195099996, 0],
              [115.130198272, -2.94086848499995, 0],
              [115.129999822, -2.94049993599998, 0],
              [115.128912535, -2.93848068899996, 0],
              [115.127932926, -2.93725617699994, 0],
              [115.127443123, -2.93548063699996, 0],
              [115.127248889, -2.93553526399995, 0],
              [115.127609265, -2.93425392699993, 0],
              [115.12790705, -2.93319514199993, 0],
              [115.128071652, -2.93260988399993, 0],
              [115.129097242, -2.93055870499995, 0],
              [115.129707397, -2.93023698699994, 0],
              [115.130558014, -2.92978848099995, 0],
              [115.131676301, -2.92919883799993, 0],
              [115.131659112, -2.92952543399997, 0],
              [115.13167028, -2.92957111999994, 0],
              [115.131854317, -2.93032400099997, 0],
              [115.132262622, -2.93121716599995, 0],
              [115.132706123, -2.93218732499997, 0],
              [115.133132025, -2.93312785999996, 0],
              [115.133611166, -2.93454753599997, 0],
              [115.13392775, -2.93639197999994, 0],
              [115.134019323, -2.93692549199994, 0],
              [115.134702541, -2.93778616999992, 0],
              [115.135075207, -2.93835404199996, 0],
              [115.13541238, -2.93908162499997, 0],
              [115.135607585, -2.93991568399997, 0],
              [115.13571406, -2.94053679199993, 0],
              [115.13571406, -2.94124662899998, 0],
              [115.13562533, -2.94172576999995, 0],
              [115.135359142, -2.94229363999995, 0],
              [115.135580966, -2.94249771899996, 0],
              [115.135744097, -2.94251584399996, 0]
            ]
          ]
        ]
      }
    },
    {
      "type": "Feature",
      "properties": {
        "kd_propinsi": "63",
        "kd_dati2": "05",
        "kd_kecamatan": "3",
        "kd_kelurahan": "25",
        "nm_kelurahan": "Banua Padang"
      },
      "geometry": {
        "type": "MultiPolygon",
        "coordinates": [
          [
            [
              [115.157145524, -2.97166433999996, 0],
              [115.157038751, -2.97181019299995, 0],
              [115.155965936, -2.97331009999994, 0],
              [115.155244325, -2.97433846299998, 0],
              [115.153511043, -2.97680853699995, 0],
              [115.152722792, -2.97793186199993, 0],
              [115.14877783, -2.97560766399994, 0],
              [115.145324315, -2.97357020399994, 0],
              [115.142697192, -2.97249648999997, 0],
              [115.139014753, -2.97099146299996, 0],
              [115.138995928, -2.97099097499995, 0],
              [115.138940901, -2.96713906599996, 0],
              [115.137177986, -2.96321581699993, 0],
              [115.137156953, -2.96288884099994, 0],
              [115.137151452, -2.96280331799994, 0],
              [115.139075461, -2.96359997799993, 0],
              [115.144275022, -2.96574906399997, 0],
              [115.147030258, -2.96688162399994, 0],
              [115.148461251, -2.96751724599994, 0],
              [115.150016751, -2.96825967999996, 0],
              [115.151362152, -2.96890183399995, 0],
              [115.15395906, -2.97014163699993, 0],
              [115.156145865, -2.97118662899993, 0],
              [115.157145524, -2.97166433999996, 0]
            ]
          ]
        ]
      }
    },
    {
      "type": "Feature",
      "properties": {
        "kd_propinsi": "63",
        "kd_dati2": "05",
        "kd_kecamatan": "1",
        "kd_kelurahan": "3",
        "nm_kelurahan": "Gadung"
      },
      "geometry": {
        "type": "MultiPolygon",
        "coordinates": [
          [
            [
              [115.119009034, -2.87788696499996, 0],
              [115.121163795, -2.87976269899997, 0],
              [115.124667757, -2.88308480899997, 0],
              [115.1263125, -2.88464418499996, 0],
              [115.128011412, -2.88647217399995, 0],
              [115.128069024, -2.88652862499993, 0],
              [115.128084745, -2.88658021399994, 0],
              [115.128167029, -2.88685024699993, 0],
              [115.131691, -2.89841482999998, 0],
              [115.125084719, -2.90050639299994, 0],
              [115.125073635, -2.90050860999997, 0],
              [115.124216161, -2.90068010599993, 0],
              [115.122255833, -2.90107217099995, 0],
              [115.121194921, -2.90128435299994, 0],
              [115.120013007, -2.90123812299993, 0],
              [115.113613289, -2.90098779699997, 0],
              [115.108479743, -2.90078696899997, 0],
              [115.105634716, -2.90068223099996, 0],
              [115.09694922, -2.90036246199998, 0],
              [115.098452818, -2.89871468499996, 0],
              [115.099646716, -2.89635750099995, 0],
              [115.099218138, -2.89384725399998, 0],
              [115.099051583, -2.89362032299994, 0],
              [115.096299243, -2.88987026199993, 0],
              [115.094320093, -2.88717366599997, 0],
              [115.094032905, -2.88678402299996, 0],
              [115.092810128, -2.88512501399993, 0],
              [115.097483282, -2.88338424999995, 0],
              [115.099071768, -2.88492276799997, 0],
              [115.118242702, -2.87785322599996, 0],
              [115.119009034, -2.87788696499996, 0]
            ]
          ]
        ]
      }
    },
    {
      "type": "Feature",
      "properties": {
        "kd_propinsi": "63",
        "kd_dati2": "05",
        "kd_kecamatan": "5",
        "kd_kelurahan": "51",
        "nm_kelurahan": "Keladan"
      },
      "geometry": {
        "type": "MultiPolygon",
        "coordinates": [
          [
            [
              [114.867885597, -2.99572137899997, 0],
              [114.859865171, -2.99559135199996, 0],
              [114.858618898, -2.99557114599998, 0],
              [114.849528169, -2.99542369099993, 0],
              [114.847622367, -2.99539281399996, 0],
              [114.826600746, -2.99505192499993, 0],
              [114.826626208, -2.99283171999997, 0],
              [114.815063106, -2.99221592899994, 0],
              [114.814933, -2.992209, 0],
              [114.815122856, -2.99166176699993, 0],
              [114.815200017, -2.99078246199997, 0],
              [114.815162611, -2.99045381099995, 0],
              [114.815070338, -2.98964310199995, 0],
              [114.814834366, -2.98937519599997, 0],
              [114.814654208, -2.98917065799998, 0],
              [114.813846058, -2.98751428399993, 0],
              [114.813513684, -2.98683305599997, 0],
              [114.813277405, -2.98634878199994, 0],
              [114.812605999, -2.98503657199996, 0],
              [114.811545459, -2.98397671699996, 0],
              [114.810412532, -2.98249689399995, 0],
              [114.810295682, -2.98234426599993, 0],
              [114.810016574, -2.98197969599994, 0],
              [114.809119319, -2.98080770599995, 0],
              [114.80720435, -2.97784765199998, 0],
              [114.806945795, -2.97770973299993, 0],
              [114.806427761, -2.97743340099993, 0],
              [114.806326137, -2.97737919199994, 0],
              [114.805724147, -2.97705807599994, 0],
              [114.808142828, -2.97525853299993, 0],
              [114.809060038, -2.97465910499994, 0],
              [114.8091322, -2.97461194499994, 0],
              [114.809286404, -2.97451116799994, 0],
              [114.80938, -2.97445, 0],
              [114.809376405, -2.97444715299997, 0],
              [114.808692904, -2.97390587799993, 0],
              [114.80868579, -2.97389862299997, 0],
              [114.808678675, -2.97389136599998, 0],
              [114.808127537, -2.97332927699995, 0],
              [114.80805507, -2.97325055199997, 0],
              [114.807860178, -2.97303882399996, 0],
              [114.807251099, -2.97237713199996, 0],
              [114.806868662, -2.97196165799994, 0],
              [114.806744281, -2.97186044999995, 0],
              [114.806621774, -2.97176076599993, 0],
              [114.80643437, -2.97160827599993, 0],
              [114.806298923, -2.97149806299996, 0],
              [114.806097974, -2.97133454999994, 0],
              [114.805992022, -2.97124833699996, 0],
              [114.805743001, -2.97104570899995, 0],
              [114.805416123, -2.97069309799997, 0],
              [114.804884934, -2.96981511599995, 0],
              [114.804862353, -2.96970798599995, 0],
              [114.8048319, -2.96956351099993, 0],
              [114.804640919, -2.96865745499997, 0],
              [114.80437527, -2.96812382499996, 0],
              [114.803132175, -2.96562671999993, 0],
              [114.801038537, -2.96142106099995, 0],
              [114.800669554, -2.96067985399998, 0],
              [114.799881944, -2.95909771299995, 0],
              [114.799870844, -2.95906024499993, 0],
              [114.799598522, -2.958141, 0],
              [114.799459871, -2.95767297299994, 0],
              [114.799315148, -2.95718445099993, 0],
              [114.799158164, -2.95675838699998, 0],
              [114.799918479, -2.95567532099994, 0],
              [114.801601178, -2.95272532099995, 0],
              [114.801604804, -2.95271896399993, 0],
              [114.801714886, -2.95252597499996, 0],
              [114.801729954, -2.95249955799994, 0],
              [114.802285099, -2.95152630599995, 0],
              [114.802997456, -2.95027743399993, 0],
              [114.803412777, -2.94954930899996, 0],
              [114.803537204, -2.94933116699997, 0],
              [114.803727834, -2.94899695999993, 0],
              [114.803804939, -2.94886178099995, 0],
              [114.80459531, -2.94747612399993, 0],
              [114.80693584, -2.94321320499995, 0],
              [114.809865574, -2.93585305999994, 0],
              [114.809998284, -2.93551004699998, 0],
              [114.810798668, -2.93344130399993, 0],
              [114.811110595, -2.93263506699998, 0],
              [114.813305728, -2.93213311399995, 0],
              [114.815708861, -2.92708093099998, 0],
              [114.818493227, -2.92115218199996, 0],
              [114.818874124, -2.92034113899996, 0],
              [114.81889546, -2.92029512599993, 0],
              [114.820284452, -2.91729966199995, 0],
              [114.820561322, -2.91670257099997, 0],
              [114.821872336, -2.91376218399995, 0],
              [114.822592, -2.914422, 0],
              [114.823084536, -2.91373074899997, 0],
              [114.823256491, -2.91403532499993, 0],
              [114.823941361, -2.91524840799997, 0],
              [114.823941388, -2.91524845299995, 0],
              [114.823941407, -2.91524848599994, 0],
              [114.823941538, -2.91524871799993, 0],
              [114.823941661, -2.91524893599996, 0],
              [114.823941743, -2.91524908099996, 0],
              [114.823941825, -2.91524922699995, 0],
              [114.82394205, -2.91524962599993, 0],
              [114.823942311, -2.91525008899993, 0],
              [114.826156545, -2.91917202499997, 0],
              [114.842292666, -2.94775294499993, 0],
              [114.843825223, -2.95046746199995, 0],
              [114.844648183, -2.95192510899994, 0],
              [114.854589035, -2.97066094799993, 0],
              [114.867885597, -2.99572137899997, 0]
            ]
          ]
        ]
      }
    },
    {
      "type": "Feature",
      "properties": {
        "kd_propinsi": "63",
        "kd_dati2": "05",
        "kd_kecamatan": "11",
        "kd_kelurahan": "107",
        "nm_kelurahan": "Labung"
      },
      "geometry": {
        "type": "MultiPolygon",
        "coordinates": [
          [
            [
              [115.119840698, -2.95978407299998, 0],
              [115.121501939, -2.96130085699997, 0],
              [115.123892724, -2.96255662299996, 0],
              [115.125134261, -2.96257812199997, 0],
              [115.125674217, -2.96258747199994, 0],
              [115.124091785, -2.96618037399998, 0],
              [115.124373206, -2.96896900999997, 0],
              [115.121749144, -2.96835876299997, 0],
              [115.117336461, -2.96839074599996, 0],
              [115.116210961, -2.96839890099994, 0],
              [115.113300017, -2.96841998899993, 0],
              [115.112591103, -2.96845769799995, 0],
              [115.107546086, -2.96872604899994, 0],
              [115.107546087, -2.96872253499993, 0],
              [115.107618826, -2.96631780699994, 0],
              [115.107624077, -2.96631918599996, 0],
              [115.107697962, -2.96552050899993, 0],
              [115.107891475, -2.96349038999995, 0],
              [115.108156782, -2.96133328799994, 0],
              [115.108508547, -2.95875666899997, 0],
              [115.107458711, -2.95745632999996, 0],
              [115.106905633, -2.95677468099996, 0],
              [115.105703028, -2.95529251299996, 0],
              [115.105718097, -2.95529482899997, 0],
              [115.108622131, -2.95606602599997, 0],
              [115.111411319, -2.95680672199995, 0],
              [115.111548864, -2.95684324799993, 0],
              [115.112554482, -2.95735775099996, 0],
              [115.115354774, -2.95879045799995, 0],
              [115.11571024, -2.95897232399994, 0],
              [115.117355436, -2.96009734699993, 0],
              [115.117725508, -2.96005854099997, 0],
              [115.119720404, -2.95984935799993, 0],
              [115.119840698, -2.95978407299998, 0]
            ]
          ]
        ]
      }
    },
    {
      "type": "Feature",
      "properties": {
        "kd_propinsi": "63",
        "kd_dati2": "05",
        "kd_kecamatan": "12",
        "kd_kelurahan": "128",
        "nm_kelurahan": "Kakaran"
      },
      "geometry": {
        "type": "MultiPolygon",
        "coordinates": [
          [
            [
              [115.158526611, -2.89363713699993, 0],
              [115.157791181, -2.89422808199993, 0],
              [115.157384479, -2.89455488199997, 0],
              [115.157052449, -2.89482168199993, 0],
              [115.156769402, -2.89504911899996, 0],
              [115.156752948, -2.89506233999992, 0],
              [115.154537001, -2.89682417699993, 0],
              [115.155451103, -2.89731977399993, 0],
              [115.156511952, -2.89789493299998, 0],
              [115.156906875, -2.89806811599993, 0],
              [115.157158134, -2.89817829899994, 0],
              [115.158039188, -2.89883166799996, 0],
              [115.158274938, -2.89905562999996, 0],
              [115.158572123, -2.89933795399998, 0],
              [115.158705492, -2.89946465599996, 0],
              [115.158800616, -2.89955502499993, 0],
              [115.15892175, -2.89968394399995, 0],
              [115.159466866, -2.90026410299993, 0],
              [115.159733365, -2.90069716599993, 0],
              [115.1600189, -2.90106360199997, 0],
              [115.160356784, -2.90120636899997, 0],
              [115.160723221, -2.90159184299995, 0],
              [115.160889785, -2.90168226199995, 0],
              [115.160923097, -2.90196779699994, 0],
              [115.161498111, -2.90226837799997, 0],
              [115.161525511, -2.90246687099995, 0],
              [115.16107345, -2.90304282099993, 0],
              [115.16068039, -2.90326222499994, 0],
              [115.160080766, -2.90353348299993, 0],
              [115.159371688, -2.90370004499994, 0],
              [115.158829172, -2.90391895499994, 0],
              [115.158486926, -2.90410336299993, 0],
              [115.158306086, -2.90435082799996, 0],
              [115.158087174, -2.90490286199997, 0],
              [115.157907288, -2.90523026299996, 0],
              [115.157679436, -2.90536411999995, 0],
              [115.157594615, -2.90541395099996, 0],
              [115.157582849, -2.90542086399995, 0],
              [115.157520438, -2.90545752899993, 0],
              [115.15750011, -2.90546946999996, 0],
              [115.157473772, -2.90548494299998, 0],
              [115.156421643, -2.90610304199993, 0],
              [115.15639977, -2.90611588999997, 0],
              [115.15634218, -2.90614972399993, 0],
              [115.156141977, -2.90626685799998, 0],
              [115.15512867, -2.90685970999994, 0],
              [115.154610338, -2.90716297099993, 0],
              [115.154285181, -2.90735320899995, 0],
              [115.154025921, -2.90750489299995, 0],
              [115.153291497, -2.90793379899998, 0],
              [115.152448927, -2.90842586099996, 0],
              [115.152016504, -2.90867839599997, 0],
              [115.151937213, -2.90872441399995, 0],
              [115.151412694, -2.90902882199993, 0],
              [115.150906075, -2.90932284199994, 0],
              [115.15089507, -2.90932922899998, 0],
              [115.150655324, -2.90948659699996, 0],
              [115.150483799, -2.90929572599993, 0],
              [115.150268879, -2.90900162399993, 0],
              [115.150205283, -2.90891459899996, 0],
              [115.150144726, -2.90883173099996, 0],
              [115.149960318, -2.90860865699995, 0],
              [115.149790442, -2.90847766799993, 0],
              [115.149713449, -2.90841829999994, 0],
              [115.149674188, -2.90840759299994, 0],
              [115.149549861, -2.90837368499996, 0],
              [115.149371401, -2.90833799299998, 0],
              [115.149197462, -2.90832609599994, 0],
              [115.149056122, -2.90821901999993, 0],
              [115.148982423, -2.90818040599993, 0],
              [115.148860514, -2.90811728499995, 0],
              [115.148775312, -2.90801797799998, 0],
              [115.148764449, -2.90796995199997, 0],
              [115.148718206, -2.90789424699995, 0],
              [115.148633577, -2.90782718499997, 0],
              [115.148358031, -2.90771371899996, 0],
              [115.14802715, -2.90783015099993, 0],
              [115.147793963, -2.90798719499998, 0],
              [115.147537459, -2.90811311599993, 0],
              [115.147420863, -2.90812025499997, 0],
              [115.147327589, -2.90809189199996, 0],
              [115.147289517, -2.90797767899994, 0],
              [115.147181904, -2.90792492599996, 0],
              [115.147046815, -2.90785870499997, 0],
              [115.147008743, -2.90771593699998, 0],
              [115.147013469, -2.90758832999995, 0],
              [115.147013501, -2.90758744699997, 0],
              [115.147118399, -2.90752656899997, 0],
              [115.147171265, -2.90749588699993, 0],
              [115.147512573, -2.90697650399994, 0],
              [115.147757426, -2.90578934099995, 0],
              [115.147677907, -2.90432031799998, 0],
              [115.147475653, -2.90345181399994, 0],
              [115.147237706, -2.90270228399993, 0],
              [115.147190116, -2.90233584699996, 0],
              [115.147154426, -2.90210741899995, 0],
              [115.147094937, -2.90170291099997, 0],
              [115.146911718, -2.90092958599996, 0],
              [115.146868888, -2.90032996199994, 0],
              [115.147090656, -2.89978125699997, 0],
              [115.147254838, -2.89933867899993, 0],
              [115.147661724, -2.89912452699997, 0],
              [115.147890155, -2.89885326799993, 0],
              [115.147883015, -2.89826792099996, 0],
              [115.147883017, -2.89784675499993, 0],
              [115.147904431, -2.89752552899995, 0],
              [115.148054337, -2.89721857699993, 0],
              [115.148218521, -2.89689021199996, 0],
              [115.148332734, -2.89667606099994, 0],
              [115.149738994, -2.89594794599998, 0],
              [115.150210129, -2.89547681299996, 0],
              [115.1510822, -2.89443936799995, 0],
              [115.15395763, -2.89049923799996, 0],
              [115.154098278, -2.89030775999993, 0],
              [115.154156973, -2.89039703899994, 0],
              [115.154440012, -2.89082728899996, 0],
              [115.154674305, -2.89118343599995, 0],
              [115.154914542, -2.89154862299995, 0],
              [115.154931955, -2.89157509599994, 0],
              [115.155338134, -2.89187157499993, 0],
              [115.155985346, -2.89229036099994, 0],
              [115.156298336, -2.89250850499997, 0],
              [115.156613525, -2.89272818099994, 0],
              [115.156880024, -2.89293757399997, 0],
              [115.157070382, -2.89300895899993, 0],
              [115.157579585, -2.89327545699996, 0],
              [115.157714507, -2.89333179699997, 0],
              [115.158012648, -2.89345629699994, 0],
              [115.158093467, -2.89348473199993, 0],
              [115.158324022, -2.89356585299993, 0],
              [115.158526611, -2.89363713699993, 0]
            ]
          ]
        ]
      }
    },
    {
      "type": "Feature",
      "properties": {
        "kd_propinsi": "63",
        "kd_dati2": "05",
        "kd_kecamatan": "2",
        "kd_kelurahan": "16",
        "nm_kelurahan": "Karangan Putih"
      },
      "geometry": {
        "type": "MultiPolygon",
        "coordinates": [
          [
            [
              [115.095228049, -3.12273896199997, 0],
              [115.094310916, -3.12367588899997, 0],
              [115.094330146, -3.12692582999995, 0],
              [115.094334617, -3.12945996599996, 0],
              [115.094336557, -3.13056037999996, 0],
              [115.094342966, -3.13438723399997, 0],
              [115.094342983, -3.13439061799994, 0],
              [115.094358174, -3.13747397699996, 0],
              [115.094362197, -3.13829100999993, 0],
              [115.094362572, -3.13836516999993, 0],
              [115.094363797, -3.13860728699996, 0],
              [115.094148367, -3.13859584099993, 0],
              [115.092133374, -3.13866003499993, 0],
              [115.089954745, -3.13872944399998, 0],
              [115.089949549, -3.14158878999996, 0],
              [115.086147228, -3.14152943199997, 0],
              [115.082734692, -3.14147615899998, 0],
              [115.067954904, -3.14892340099993, 0],
              [115.066324624, -3.14834647199996, 0],
              [115.065468018, -3.14836550699994, 0],
              [115.064803205, -3.14867116399995, 0],
              [115.064421055, -3.14891754199994, 0],
              [115.064135519, -3.14889850699996, 0],
              [115.063678663, -3.14819418599996, 0],
              [115.062682498, -3.14850143899997, 0],
              [115.062293755, -3.14847032699993, 0],
              [115.061423183, -3.14844006599998, 0],
              [115.059913951, -3.14826253899997, 0],
              [115.057758563, -3.14817277099996, 0],
              [115.056753242, -3.14839287099994, 0],
              [115.051696886, -3.14640007299994, 0],
              [115.046967708, -3.14922568299994, 0],
              [115.045762969, -3.14708306199998, 0],
              [115.044389561, -3.14464046099994, 0],
              [115.030725721, -3.13961622599993, 0],
              [115.030722222, -3.13958333299996, 0],
              [115.02575, -3.13425, 0],
              [115.023053781, -3.13679523099995, 0],
              [115.022277778, -3.13752777799994, 0],
              [115.020104492, -3.13571076799997, 0],
              [115.0155, -3.13186111099998, 0],
              [115.010451958, -3.12818394299995, 0],
              [115.006805556, -3.12552777799994, 0],
              [114.997722222, -3.11988888899998, 0],
              [114.991131262, -3.11581860999996, 0],
              [114.99290224, -3.11592657199998, 0],
              [115.024737619, -3.11880244399993, 0],
              [115.02834069, -3.11912787199998, 0],
              [115.037054117, -3.11991499499993, 0],
              [115.049309442, -3.12102207299995, 0],
              [115.065084244, -3.12244708099996, 0],
              [115.06568823, -3.12233549499996, 0],
              [115.066294992, -3.12196667799998, 0],
              [115.067139702, -3.12096730499997, 0],
              [115.067471202, -3.12062305399996, 0],
              [115.067758362, -3.12032484899993, 0],
              [115.068388919, -3.12003931499993, 0],
              [115.068614968, -3.11976567599993, 0],
              [115.06957865, -3.11862353499993, 0],
              [115.069935568, -3.11786210799994, 0],
              [115.070685098, -3.11707688599995, 0],
              [115.071125298, -3.11686273399994, 0],
              [115.071839137, -3.11689842599998, 0],
              [115.072779023, -3.11686273399994, 0],
              [115.072886437, -3.11687132699996, 0],
              [115.073076457, -3.11688652899994, 0],
              [115.073290608, -3.11712447499997, 0],
              [115.074040139, -3.11831420599998, 0],
              [115.075420044, -3.12044727499995, 0],
              [115.076514778, -3.12149078599992, 0],
              [115.077585535, -3.12239498099996, 0],
              [115.078489731, -3.12332297099994, 0],
              [115.078620601, -3.12369178699993, 0],
              [115.079103878, -3.12366443199994, 0],
              [115.079251159, -3.12365609499994, 0],
              [115.080481678, -3.12358545899997, 0],
              [115.095228049, -3.12273896199997, 0]
            ]
          ]
        ]
      }
    },
    {
      "type": "Feature",
      "properties": {
        "kd_propinsi": "63",
        "kd_dati2": "05",
        "kd_kecamatan": "4",
        "kd_kelurahan": "38",
        "nm_kelurahan": "Baulin"
      },
      "geometry": {
        "type": "MultiPolygon",
        "coordinates": [
          [
            [
              [114.907240371, -2.83101249499993, 0],
              [114.907240479, -2.83101278299995, 0],
              [114.907553338, -2.83185043799995, 0],
              [114.907976722, -2.83298401199994, 0],
              [114.908925133, -2.83552330299995, 0],
              [114.909607578, -2.84014876099997, 0],
              [114.911579082, -2.85159866699996, 0],
              [114.913171453, -2.85652743299994, 0],
              [114.914536344, -2.85849893899996, 0],
              [114.916886985, -2.85872642199996, 0],
              [114.919768419, -2.85720987699995, 0],
              [114.921436618, -2.85690656799994, 0],
              [114.925227975, -2.85720987699995, 0],
              [114.928280151, -2.85850867499994, 0],
              [114.928791854, -2.85872642199996, 0],
              [114.93109052, -2.85949264299995, 0],
              [114.931749112, -2.85971217399998, 0],
              [114.937082449, -2.86249151799996, 0],
              [114.937132843, -2.86251777999996, 0],
              [114.937360324, -2.86350353299997, 0],
              [114.937360324, -2.86437709099994, 0],
              [114.937360324, -2.86441345899993, 0],
              [114.937208671, -2.86593000299996, 0],
              [114.936981943, -2.86663852899994, 0],
              [114.936751041, -2.86736010299995, 0],
              [114.935995437, -2.86972136199995, 0],
              [114.935995437, -2.87046124999995, 0],
              [114.935995436, -2.87047963499998, 0],
              [114.934175583, -2.87047963499998, 0],
              [114.908194745, -2.86457711599996, 0],
              [114.90442568, -2.86164561999993, 0],
              [114.900923112, -2.85781944699994, 0],
              [114.893804457, -2.84908151899998, 0],
              [114.883226673, -2.83609747599996, 0],
              [114.884554413, -2.83515521099997, 0],
              [114.88549668, -2.83515521099997, 0],
              [114.887673886, -2.83491845299994, 0],
              [114.888732746, -2.83481137799993, 0],
              [114.89066011, -2.83422841099997, 0],
              [114.895476932, -2.83127232699997, 0],
              [114.899016382, -2.82898209499996, 0],
              [114.902823518, -2.82690006699994, 0],
              [114.905475921, -2.82552860899995, 0],
              [114.907240371, -2.83101249499993, 0]
            ]
          ]
        ]
      }
    },
    {
      "type": "Feature",
      "properties": {
        "kd_propinsi": "63",
        "kd_dati2": "05",
        "kd_kecamatan": "2",
        "kd_kelurahan": "14",
        "nm_kelurahan": "Binuang"
      },
      "geometry": {
        "type": "MultiPolygon",
        "coordinates": [
          [
            [
              [115.094363797, -3.13860728699996, 0],
              [115.097177172, -3.14607203199995, 0],
              [115.099173964, -3.14740692599997, 0],
              [115.099173964, -3.14756159099994, 0],
              [115.099126375, -3.14804938099996, 0],
              [115.098876531, -3.14823973799997, 0],
              [115.098555304, -3.14825163499995, 0],
              [115.098198386, -3.14829922499996, 0],
              [115.097770083, -3.14837060799994, 0],
              [115.097532136, -3.14831112099995, 0],
              [115.097256118, -3.14811600699994, 0],
              [115.097091936, -3.14806603799997, 0],
              [115.09707766, -3.14830160399993, 0],
              [115.097199011, -3.14875132199995, 0],
              [115.09724898, -3.14909396399997, 0],
              [115.096977722, -3.14909396399997, 0],
              [115.09676357, -3.14894405799993, 0],
              [115.096570834, -3.14897261199997, 0],
              [115.096735016, -3.14942946799994, 0],
              [115.09694203, -3.14967931199993, 0],
              [115.097363194, -3.14980780199994, 0],
              [115.097434578, -3.14996484699998, 0],
              [115.097291811, -3.15008619899993, 0],
              [115.096770708, -3.15035031999997, 0],
              [115.095742782, -3.15082145299994, 0],
              [115.095414417, -3.15084286799993, 0],
              [115.095200265, -3.15082145299994, 0],
              [115.095086051, -3.15103560399996, 0],
              [115.095021806, -3.15127830899996, 0],
              [115.09512888, -3.15152815299996, 0],
              [115.095285925, -3.15175658099997, 0],
              [115.095321617, -3.15232051299995, 0],
              [115.095221679, -3.15289158399997, 0],
              [115.094950421, -3.15310573499994, 0],
              [115.094426511, -3.15350550199997, 0],
              [115.094136645, -3.15367680599996, 0],
              [115.094029569, -3.15391951099997, 0],
              [115.094153539, -3.15417910999997, 0],
              [115.09423682, -3.15426833999993, 0],
              [115.09442779, -3.15425646199998, 0],
              [115.095004197, -3.15426239099998, 0],
              [115.095129118, -3.15430403199997, 0],
              [115.095194553, -3.15448249199994, 0],
              [115.095135067, -3.15602319299995, 0],
              [115.094992299, -3.15631467699996, 0],
              [115.094458951, -3.15752080399994, 0],
              [115.094479942, -3.16215959299996, 0],
              [115.094482184, -3.16217080599995, 0],
              [115.094357714, -3.16217396799993, 0],
              [115.091746099, -3.16224032399992, 0],
              [115.091417445, -3.16224867499994, 0],
              [115.090881473, -3.16226229099993, 0],
              [115.088717334, -3.16205256399996, 0],
              [115.088874378, -3.16154335999994, 0],
              [115.088886276, -3.16080572599998, 0],
              [115.088767302, -3.16004429899994, 0],
              [115.088434178, -3.15921148699994, 0],
              [115.088029083, -3.15840293699995, 0],
              [115.0876475, -3.15862890099993, 0],
              [115.087475255, -3.15863089899995, 0],
              [115.087346764, -3.15853096099994, 0],
              [115.087100056, -3.15841376799995, 0],
              [115.08698528, -3.15845451199994, 0],
              [115.086775694, -3.15855951499998, 0],
              [115.086611512, -3.15850954599995, 0],
              [115.086155506, -3.15801442399993, 0],
              [115.085976195, -3.15795989099996, 0],
              [115.084077386, -3.15848099399995, 0],
              [115.083444801, -3.15877556099997, 0],
              [115.083342131, -3.15745306599996, 0],
              [115.083177055, -3.15725272099996, 0],
              [115.08208233, -3.15636759699993, 0],
              [115.08136004, -3.15580647899998, 0],
              [115.080122721, -3.15516402399993, 0],
              [115.079765801, -3.15493797499994, 0],
              [115.079319562, -3.15444837099994, 0],
              [115.079028168, -3.15421223999994, 0],
              [115.078242947, -3.15396239599994, 0],
              [115.077957411, -3.15374824499997, 0],
              [115.076934243, -3.15285594699998, 0],
              [115.075982458, -3.15226108199994, 0],
              [115.074090788, -3.15132119499998, 0],
              [115.07367914, -3.15090716899994, 0],
              [115.072099179, -3.15005056199993, 0],
              [115.071242573, -3.14970791999997, 0],
              [115.070366931, -3.14957466999994, 0],
              [115.06979586, -3.14963177699997, 0],
              [115.069262861, -3.14944141999996, 0],
              [115.067954904, -3.14892340099993, 0],
              [115.082734692, -3.14147615899998, 0],
              [115.086147228, -3.14152943199997, 0],
              [115.089949549, -3.14158878999996, 0],
              [115.089954745, -3.13872944399998, 0],
              [115.092133374, -3.13866003499993, 0],
              [115.094148367, -3.13859584099993, 0],
              [115.094363797, -3.13860728699996, 0]
            ]
          ],
          [
            [
              [115.120976047, -3.15654392499994, 0],
              [115.123925808, -3.15859533199995, 0],
              [115.123922724, -3.15860378499997, 0],
              [115.123920972, -3.15860858899993, 0],
              [115.123922411, -3.15860958299993, 0],
              [115.123803905, -3.15892955199996, 0],
              [115.123072895, -3.16093374799993, 0],
              [115.122819538, -3.16158733899994, 0],
              [115.11538273, -3.16164616599997, 0],
              [115.112316142, -3.16172738299997, 0],
              [115.111276477, -3.16175491899998, 0],
              [115.10317122, -3.16196958699993, 0],
              [115.100373956, -3.16356411099997, 0],
              [115.101033602, -3.16233663599996, 0],
              [115.101393092, -3.16199524199993, 0],
              [115.101718887, -3.16173701199995, 0],
              [115.102104359, -3.16156569199995, 0],
              [115.102703985, -3.16128015599998, 0],
              [115.103903398, -3.16050131099996, 0],
              [115.104468276, -3.15968591699993, 0],
              [115.104906095, -3.15947652399996, 0],
              [115.105401024, -3.15916243499993, 0],
              [115.10577222, -3.15859136499995, 0],
              [115.107190379, -3.15723031399995, 0],
              [115.107590127, -3.15696381299995, 0],
              [115.108820299, -3.15589684299994, 0],
              [115.109170081, -3.15563272299994, 0],
              [115.10951986, -3.15547567899995, 0],
              [115.109812535, -3.15559703099996, 0],
              [115.110512097, -3.15606102599998, 0],
              [115.111175965, -3.15661068199995, 0],
              [115.111654237, -3.15670347999998, 0],
              [115.111846974, -3.15686766299996, 0],
              [115.111939772, -3.15696760099996, 0],
              [115.11217534, -3.15702470799994, 0],
              [115.112582227, -3.15703898399994, 0],
              [115.112732133, -3.15708181499997, 0],
              [115.113117605, -3.15695332399997, 0],
              [115.113638707, -3.15641794499993, 0],
              [115.113795752, -3.15613954799994, 0],
              [115.113845722, -3.15587542799995, 0],
              [115.113838583, -3.15568269199997, 0],
              [115.113788614, -3.15553278699997, 0],
              [115.113645846, -3.15547567899995, 0],
              [115.113431694, -3.15544712499997, 0],
              [115.113153297, -3.15537574099994, 0],
              [115.112824933, -3.15516872799998, 0],
              [115.112710719, -3.15497599199995, 0],
              [115.112760687, -3.15478325599997, 0],
              [115.113017668, -3.15452627399998, 0],
              [115.113303204, -3.15416935399998, 0],
              [115.113503078, -3.15401944799993, 0],
              [115.113931381, -3.15394806499995, 0],
              [115.115094938, -3.15384812699995, 0],
              [115.115608902, -3.15384812699995, 0],
              [115.115894436, -3.15373391299994, 0],
              [115.115987236, -3.15356259199996, 0],
              [115.11607327, -3.15327645099995, 0],
              [115.117805585, -3.15463900799995, 0],
              [115.118298219, -3.15492618999997, 0],
              [115.118877831, -3.15526735899994, 0],
              [115.118980017, -3.15530359199994, 0],
              [115.11929982, -3.15538993899997, 0],
              [115.119327424, -3.15539739199994, 0],
              [115.120976047, -3.15654392499994, 0]
            ]
          ]
        ]
      }
    },
    {
      "type": "Feature",
      "properties": {
        "kd_propinsi": "63",
        "kd_dati2": "05",
        "kd_kecamatan": "4",
        "kd_kelurahan": "39",
        "nm_kelurahan": "Candi Laras"
      },
      "geometry": {
        "type": "MultiPolygon",
        "coordinates": [
          [
            [
              [114.946901999, -2.85550839299998, 0],
              [114.947633203, -2.85865010399994, 0],
              [114.947155174, -2.85969862399998, 0],
              [114.946412782, -2.86065040799997, 0],
              [114.945518105, -2.86165929899994, 0],
              [114.945651355, -2.86346768999994, 0],
              [114.944490178, -2.87481295999993, 0],
              [114.940835326, -2.87681170699995, 0],
              [114.936709099, -2.87861901399998, 0],
              [114.936706493, -2.87861474599993, 0],
              [114.935555551, -2.87672989399994, 0],
              [114.935293878, -2.87489818099994, 0],
              [114.935308054, -2.87477626499998, 0],
              [114.935552157, -2.87267697599998, 0],
              [114.935555551, -2.87264779099996, 0],
              [114.935654362, -2.87216076499993, 0],
              [114.935995436, -2.87047963499998, 0],
              [114.935995437, -2.87046124999995, 0],
              [114.935995437, -2.86972136199995, 0],
              [114.936751041, -2.86736010299995, 0],
              [114.936981943, -2.86663852899994, 0],
              [114.937208671, -2.86593000299996, 0],
              [114.937360324, -2.86441345899993, 0],
              [114.937360324, -2.86437709099994, 0],
              [114.937360324, -2.86350353299997, 0],
              [114.937132843, -2.86251777999996, 0],
              [114.937082449, -2.86249151799996, 0],
              [114.931749112, -2.85971217399998, 0],
              [114.93109052, -2.85949264299995, 0],
              [114.928791854, -2.85872642199996, 0],
              [114.928280151, -2.85850867499994, 0],
              [114.925227975, -2.85720987699995, 0],
              [114.921436618, -2.85690656799994, 0],
              [114.919768419, -2.85720987699995, 0],
              [114.916886985, -2.85872642199996, 0],
              [114.914536344, -2.85849893899996, 0],
              [114.913171453, -2.85652743299994, 0],
              [114.911579082, -2.85159866699996, 0],
              [114.909607578, -2.84014876099997, 0],
              [114.908925133, -2.83552330299995, 0],
              [114.907976722, -2.83298401199994, 0],
              [114.907553338, -2.83185043799995, 0],
              [114.907240479, -2.83101278299995, 0],
              [114.907240371, -2.83101249499993, 0],
              [114.907306084, -2.83092412499997, 0],
              [114.909938079, -2.82738454299994, 0],
              [114.914705709, -2.82097291199995, 0],
              [114.915631874, -2.81972736999995, 0],
              [114.915698708, -2.81972319199997, 0],
              [114.921685672, -2.81934900699997, 0],
              [114.929231408, -2.81887739899997, 0],
              [114.93089145, -2.81680234599997, 0],
              [114.932631291, -2.81462754499995, 0],
              [114.938679408, -2.81160348599997, 0],
              [114.943569504, -2.84406828699997, 0],
              [114.944992346, -2.85351437999998, 0],
              [114.946901999, -2.85550839299998, 0]
            ]
          ]
        ]
      }
    },
    {
      "type": "Feature",
      "properties": {
        "kd_propinsi": "63",
        "kd_dati2": "05",
        "kd_kecamatan": "1",
        "kd_kelurahan": "4",
        "nm_kelurahan": "Gadung Keramat"
      },
      "geometry": {
        "type": "MultiPolygon",
        "coordinates": [
          [
            [
              [115.125073635, -2.90050860999997, 0],
              [115.125538001, -2.90372433599993, 0],
              [115.125683582, -2.90473249099995, 0],
              [115.125853906, -2.90591198299995, 0],
              [115.126512628, -2.90753719199995, 0],
              [115.127365234, -2.90964075299996, 0],
              [115.121253383, -2.90915929399995, 0],
              [115.120020074, -2.90887361199998, 0],
              [115.115460226, -2.90784753299994, 0],
              [115.113114934, -2.90731978199995, 0],
              [115.108216047, -2.90621421699996, 0],
              [115.105802598, -2.90590053899996, 0],
              [115.105364777, -2.90564355799995, 0],
              [115.105256305, -2.90556530199996, 0],
              [115.102525928, -2.90359553499997, 0],
              [115.10087242, -2.90261648199993, 0],
              [115.09692317, -2.90039100999996, 0],
              [115.09694922, -2.90036246199998, 0],
              [115.105634716, -2.90068223099996, 0],
              [115.108479743, -2.90078696899997, 0],
              [115.113613289, -2.90098779699997, 0],
              [115.120013007, -2.90123812299993, 0],
              [115.121194921, -2.90128435299994, 0],
              [115.122255833, -2.90107217099995, 0],
              [115.124216161, -2.90068010599993, 0],
              [115.125073635, -2.90050860999997, 0]
            ]
          ]
        ]
      }
    },
    {
      "type": "Feature",
      "properties": {
        "kd_propinsi": "63",
        "kd_dati2": "05",
        "kd_kecamatan": "7",
        "kd_kelurahan": "72",
        "nm_kelurahan": "Bitahan"
      },
      "geometry": {
        "type": "MultiPolygon",
        "coordinates": [
          [
            [
              [115.164645551, -2.85248031299994, 0],
              [115.166027661, -2.85291074399993, 0],
              [115.166511601, -2.85307587899996, 0],
              [115.166789535, -2.85317071799994, 0],
              [115.167033773, -2.85324716899993, 0],
              [115.167354121, -2.85334744399995, 0],
              [115.167731212, -2.85346548099994, 0],
              [115.167859948, -2.85350748999997, 0],
              [115.168634325, -2.85376018199997, 0],
              [115.169601993, -2.85407462199993, 0],
              [115.169704078, -2.85410668199995, 0],
              [115.169751534, -2.85458618099995, 0],
              [115.169988409, -2.85697960299996, 0],
              [115.171035371, -2.85793138799994, 0],
              [115.171368496, -2.85888317199994, 0],
              [115.17184439, -2.86054879499994, 0],
              [115.17236787, -2.86154816899995, 0],
              [115.173367243, -2.86216682799994, 0],
              [115.174176261, -2.86321379099996, 0],
              [115.175699116, -2.86511735999994, 0],
              [115.176460542, -2.86592637599995, 0],
              [115.1766509, -2.86730646399997, 0],
              [115.176222597, -2.86863896299997, 0],
              [115.176746078, -2.86954315699995, 0],
              [115.176793667, -2.87082806699993, 0],
              [115.177364739, -2.87168467199996, 0],
              [115.177935808, -2.87239851099997, 0],
              [115.178887593, -2.87344547399994, 0],
              [115.179363486, -2.87382618699996, 0],
              [115.180124914, -2.87468279299998, 0],
              [115.180362859, -2.87549180999997, 0],
              [115.181029108, -2.87639600499995, 0],
              [115.181076698, -2.87710984399996, 0],
              [115.181647768, -2.87815680599994, 0],
              [115.181933304, -2.87915617999994, 0],
              [115.181647768, -2.88077421299994, 0],
              [115.182028482, -2.88186876599997, 0],
              [115.181790535, -2.88258260399994, 0],
              [115.181933304, -2.88381992299998, 0],
              [115.181790535, -2.88534277799994, 0],
              [115.181838126, -2.88600902699994, 0],
              [115.181647767, -2.88738911499996, 0],
              [115.181600179, -2.88886437999997, 0],
              [115.181409822, -2.89005411099993, 0],
              [115.181933304, -2.89086312899997, 0],
              [115.181933304, -2.89143419899995, 0],
              [115.182456785, -2.89229080499996, 0],
              [115.183218213, -2.89252875099993, 0],
              [115.18397964, -2.89295705399997, 0],
              [115.184693479, -2.89357571299996, 0],
              [115.185121782, -2.89390883899995, 0],
              [115.18578803, -2.89433714099994, 0],
              [115.186121155, -2.89467026599994, 0],
              [115.186549457, -2.89490821299995, 0],
              [115.187263297, -2.89500338999994, 0],
              [115.187976638, -2.89530304499994, 0],
              [115.190992609, -2.90556275799997, 0],
              [115.195696464, -2.91226414399995, 0],
              [115.199352989, -2.91713932999994, 0],
              [115.20675047, -2.92653789099995, 0],
              [115.215195502, -2.93745286999996, 0],
              [115.221975369, -2.94611279599997, 0],
              [115.2268215, -2.95228333599994, 0],
              [115.227931008, -2.95347265299995, 0],
              [115.22760397, -2.95358755799998, 0],
              [115.227132839, -2.95398730799997, 0],
              [115.226319063, -2.95387309299997, 0],
              [115.225462456, -2.95350189699997, 0],
              [115.224520189, -2.95347334399997, 0],
              [115.222592826, -2.95330202299994, 0],
              [115.221350747, -2.95318780799994, 0],
              [115.219580428, -2.95320208499993, 0],
              [115.217724449, -2.95273095199997, 0],
              [115.216625137, -2.95220271199997, 0],
              [115.215440166, -2.95144604299998, 0],
              [115.214469345, -2.95066082099993, 0],
              [115.212898902, -2.94971855499995, 0],
              [115.212427768, -2.94934735799996, 0],
              [115.212185064, -2.94921886699996, 0],
              [115.211399841, -2.94870490399995, 0],
              [115.210471852, -2.94841936899996, 0],
              [115.209401095, -2.94841936899996, 0],
              [115.208258954, -2.94847647499995, 0],
              [115.206817, -2.94877628799998, 0],
              [115.205903287, -2.94903326999997, 0],
              [115.205460706, -2.94846219899995, 0],
              [115.205075234, -2.94796251199995, 0],
              [115.20451844, -2.94743427199995, 0],
              [115.203890262, -2.94679181699996, 0],
              [115.20314787, -2.94620646999994, 0],
              [115.202391202, -2.94539269399996, 0],
              [115.201534596, -2.94400784799996, 0],
              [115.200920695, -2.94296564399997, 0],
              [115.200592329, -2.94236601999995, 0],
              [115.200180794, -2.94154108699996, 0],
              [115.193852673, -2.93983829299998, 0],
              [115.190972281, -2.94078917799993, 0],
              [115.190139469, -2.94097953399995, 0],
              [115.189711166, -2.94136024699998, 0],
              [115.188212107, -2.94178855199993, 0],
              [115.187165143, -2.94247859399997, 0],
              [115.185071217, -2.94278792499995, 0],
              [115.184119433, -2.94288310299993, 0],
              [115.183601363, -2.94282084899993, 0],
              [115.184318027, -2.94026133399996, 0],
              [115.180816696, -2.93810666899998, 0],
              [115.180798077, -2.93809521099996, 0],
              [115.180308492, -2.93535353899995, 0],
              [115.180121163, -2.93430449499994, 0],
              [115.178496571, -2.93024301299994, 0],
              [115.177953753, -2.92974954299996, 0],
              [115.177466403, -2.92930649599998, 0],
              [115.177007362, -2.92888918599994, 0],
              [115.176758026, -2.92876451899997, 0],
              [115.17669516, -2.92873308599997, 0],
              [115.176195064, -2.92848303799997, 0],
              [115.175382769, -2.92794150699996, 0],
              [115.173216645, -2.92469232199994, 0],
              [115.172993185, -2.92409642499996, 0],
              [115.172404349, -2.92252619899995, 0],
              [115.172355545, -2.92226307899995, 0],
              [115.172015123, -2.92042776699998, 0],
              [115.172015123, -2.91640859199993, 0],
              [115.171380518, -2.91513937899993, 0],
              [115.171380517, -2.91455848499993, 0],
              [115.172550951, -2.91194576399994, 0],
              [115.173025655, -2.90697150099993, 0],
              [115.17348251, -2.90394482699998, 0],
              [115.170687243, -2.90003435499995, 0],
              [115.168207485, -2.89673579199996, 0],
              [115.166919068, -2.89490488499996, 0],
              [115.165599658, -2.89302993399997, 0],
              [115.16459118, -2.89159683299994, 0],
              [115.163303562, -2.88950762399998, 0],
              [115.162275493, -2.88774521899995, 0],
              [115.161226814, -2.88594748199995, 0],
              [115.160967463, -2.88561128699996, 0],
              [115.160876373, -2.88549320799996, 0],
              [115.159434781, -2.88362447899993, 0],
              [115.155515355, -2.87854373999994, 0],
              [115.152759057, -2.87642223099994, 0],
              [115.152775329, -2.87635171899996, 0],
              [115.153196337, -2.87452735599993, 0],
              [115.153638135, -2.87261289799994, 0],
              [115.154114587, -2.86975421199998, 0],
              [115.154593049, -2.86688342399998, 0],
              [115.154999484, -2.86444479799997, 0],
              [115.155103262, -2.86382213099995, 0],
              [115.155103261, -2.85942674699993, 0],
              [115.154949157, -2.85877180399996, 0],
              [115.153931159, -2.85444531299993, 0],
              [115.153992763, -2.84951480199993, 0],
              [115.153997, -2.84917559799993, 0],
              [115.154560982, -2.84937955999993, 0],
              [115.155497674, -2.84965071599993, 0],
              [115.155988124, -2.84979269199994, 0],
              [115.157238873, -2.85015720599995, 0],
              [115.158726185, -2.85064328399994, 0],
              [115.158815989, -2.85067263299993, 0],
              [115.160608094, -2.85116294999995, 0],
              [115.160641684, -2.85117213999996, 0],
              [115.162823341, -2.85189645199995, 0],
              [115.162861519, -2.85190912699994, 0],
              [115.164498327, -2.85243446299995, 0],
              [115.164645551, -2.85248031299994, 0]
            ]
          ]
        ]
      }
    },
    {
      "type": "Feature",
      "properties": {
        "kd_propinsi": "63",
        "kd_dati2": "05",
        "kd_kecamatan": "11",
        "kd_kelurahan": "115",
        "nm_kelurahan": "Pematang Karangan Hulu"
      },
      "geometry": {
        "type": "MultiPolygon",
        "coordinates": [
          [
            [
              [115.106140533, -2.94501833099997, 0],
              [115.106357408, -2.94545600899994, 0],
              [115.106547107, -2.94583867099993, 0],
              [115.106846919, -2.94635263499993, 0],
              [115.107332329, -2.94709502599994, 0],
              [115.107712745, -2.94764558799994, 0],
              [115.106945025, -2.94880105999994, 0],
              [115.106325786, -2.94986361799994, 0],
              [115.105907096, -2.95140115899994, 0],
              [115.105762842, -2.95331165199997, 0],
              [115.105731176, -2.95363886299998, 0],
              [115.105730417, -2.95368341299997, 0],
              [115.105703028, -2.95529251299996, 0],
              [115.106905633, -2.95677468099996, 0],
              [115.107458711, -2.95745632999996, 0],
              [115.108508547, -2.95875666899997, 0],
              [115.108156782, -2.96133328799994, 0],
              [115.107891475, -2.96349038999995, 0],
              [115.107697962, -2.96552050899993, 0],
              [115.107624077, -2.96631918599996, 0],
              [115.107618826, -2.96631780699994, 0],
              [115.10582969, -2.96584771999994, 0],
              [115.105809836, -2.96585087199998, 0],
              [115.104347872, -2.96547002599993, 0],
              [115.09909567, -2.96410180699996, 0],
              [115.097821245, -2.96376981599997, 0],
              [115.094249765, -2.96283942399998, 0],
              [115.094186575, -2.96019482399993, 0],
              [115.095164669, -2.95833178699996, 0],
              [115.095535944, -2.95802715199994, 0],
              [115.096960462, -2.95685831699996, 0],
              [115.09698113, -2.95684135699997, 0],
              [115.0987712, -2.95227844399994, 0],
              [115.098989822, -2.95172116999993, 0],
              [115.099356502, -2.95078648799995, 0],
              [115.100050886, -2.94711897999997, 0],
              [115.100583229, -2.94430729499993, 0],
              [115.103930162, -2.94473552299996, 0],
              [115.106140533, -2.94501833099997, 0]
            ]
          ]
        ]
      }
    },
    {
      "type": "Feature",
      "properties": {
        "kd_propinsi": "63",
        "kd_dati2": "05",
        "kd_kecamatan": "11",
        "kd_kelurahan": "105",
        "nm_kelurahan": "Hiyung"
      },
      "geometry": {
        "type": "MultiPolygon",
        "coordinates": [
          [
            [
              [115.092810128, -2.88512501399993, 0],
              [115.094032905, -2.88678402299996, 0],
              [115.094320093, -2.88717366599997, 0],
              [115.096299243, -2.88987026199993, 0],
              [115.099051583, -2.89362032299994, 0],
              [115.099218138, -2.89384725399998, 0],
              [115.099646716, -2.89635750099995, 0],
              [115.098452818, -2.89871468499996, 0],
              [115.09694922, -2.90036246199998, 0],
              [115.09692317, -2.90039100999996, 0],
              [115.095445422, -2.90201046499993, 0],
              [115.093993777, -2.90360130499994, 0],
              [115.093983351, -2.90361272999996, 0],
              [115.093187419, -2.90434743699996, 0],
              [115.09246664, -2.90590912399995, 0],
              [115.091718006, -2.90753116599996, 0],
              [115.089942465, -2.90893935399993, 0],
              [115.088748566, -2.90933731999996, 0],
              [115.073004956, -2.91597395499997, 0],
              [115.065865728, -2.92074831299993, 0],
              [115.065662095, -2.92072148499995, 0],
              [115.061886621, -2.92022405199998, 0],
              [115.060413938, -2.91974641899998, 0],
              [115.056844749, -2.91946088399993, 0],
              [115.054893588, -2.91908017099996, 0],
              [115.052609309, -2.91836633199995, 0],
              [115.049753954, -2.91755731499995, 0],
              [115.04761244, -2.91679588699998, 0],
              [115.04648633, -2.91642051799994, 0],
              [115.045470925, -2.91608204999994, 0],
              [115.039522273, -2.91522544299994, 0],
              [115.034097101, -2.90614779899994, 0],
              [115.049310781, -2.89112237499995, 0],
              [115.049643904, -2.89077973399998, 0],
              [115.049957993, -2.89054178799995, 0],
              [115.052894248, -2.88827130499993, 0],
              [115.055820985, -2.88646291499993, 0],
              [115.059889863, -2.88295320999993, 0],
              [115.072211937, -2.87457797999997, 0],
              [115.080938601, -2.86864652499997, 0],
              [115.081762033, -2.86986675799994, 0],
              [115.083084546, -2.87169002799993, 0],
              [115.085957365, -2.87571134799993, 0],
              [115.088656727, -2.87948985799994, 0],
              [115.092072096, -2.88412368499996, 0],
              [115.092810128, -2.88512501399993, 0]
            ]
          ]
        ]
      }
    },
    {
      "type": "Feature",
      "properties": {
        "kd_propinsi": "63",
        "kd_dati2": "05",
        "kd_kecamatan": "4",
        "kd_kelurahan": "37",
        "nm_kelurahan": "Baringin B"
      },
      "geometry": {
        "type": "MultiPolygon",
        "coordinates": [
          [
            [
              [114.953513055, -2.86437156299996, 0],
              [114.953178776, -2.86479381099997, 0],
              [114.952828153, -2.86591949499996, 0],
              [114.952376034, -2.86806936599993, 0],
              [114.952315178, -2.86942172299996, 0],
              [114.952243166, -2.87102197899998, 0],
              [114.95211768, -2.87163464699995, 0],
              [114.951751556, -2.87320543699997, 0],
              [114.951580305, -2.87524273999998, 0],
              [114.95151123, -2.87608981199998, 0],
              [114.951400786, -2.87744420799993, 0],
              [114.951225299, -2.87795690199994, 0],
              [114.951159853, -2.87814811099997, 0],
              [114.950354852, -2.88051020199993, 0],
              [114.949535917, -2.88103234099998, 0],
              [114.94855286, -2.88165912199997, 0],
              [114.947860485, -2.88183145999994, 0],
              [114.946622069, -2.88214590199993, 0],
              [114.945207083, -2.88207575699994, 0],
              [114.945124326, -2.88207206699997, 0],
              [114.943991886, -2.88202157699993, 0],
              [114.943582284, -2.88187750999992, 0],
              [114.943150151, -2.88172551799994, 0],
              [114.941582007, -2.88116358699995, 0],
              [114.940339876, -2.88072147199995, 0],
              [114.940102479, -2.88063726599995, 0],
              [114.939381837, -2.88038165099994, 0],
              [114.938710518, -2.88014308299995, 0],
              [114.938296471, -2.87993447399998, 0],
              [114.937800882, -2.87968744099993, 0],
              [114.937374382, -2.87947439399994, 0],
              [114.93725394, -2.87932083699997, 0],
              [114.937131094, -2.87916474899993, 0],
              [114.937032818, -2.87903946299997, 0],
              [114.936954862, -2.87894023099995, 0],
              [114.936892498, -2.87886084499996, 0],
              [114.936842818, -2.87879797499994, 0],
              [114.936803756, -2.87874818999995, 0],
              [114.936771962, -2.87870754599993, 0],
              [114.93674609, -2.87867470199996, 0],
              [114.936725567, -2.87864860099995, 0],
              [114.936708661, -2.87862707599993, 0],
              [114.936709099, -2.87861901399998, 0],
              [114.940835326, -2.87681170699995, 0],
              [114.944490178, -2.87481295999993, 0],
              [114.945651355, -2.86346768999994, 0],
              [114.945518105, -2.86165929899994, 0],
              [114.946412782, -2.86065040799997, 0],
              [114.947155174, -2.85969862399998, 0],
              [114.947633203, -2.85865010399994, 0],
              [114.946901999, -2.85550839299998, 0],
              [114.953529398, -2.86435091899995, 0],
              [114.953513055, -2.86437156299996, 0]
            ]
          ]
        ]
      }
    },
    {
      "type": "Feature",
      "properties": {
        "kd_propinsi": "63",
        "kd_dati2": "05",
        "kd_kecamatan": "8",
        "kd_kelurahan": "82",
        "nm_kelurahan": "Buniin Jaya"
      },
      "geometry": {
        "type": "MultiPolygon",
        "coordinates": [
          [
            [
              [115.321939084, -2.96874761599997, 0],
              [115.322029979, -2.96888785399995, 0],
              [115.322147855, -2.96906647799995, 0],
              [115.317861823, -2.97106990999993, 0],
              [115.315277778, -2.97227777799998, 0],
              [115.313138889, -2.97369444399993, 0],
              [115.313101872, -2.97467706899994, 0],
              [115.312833333, -2.98180555599993, 0],
              [115.302833333, -2.98741666699993, 0],
              [115.297222222, -2.99169444399996, 0],
              [115.296490909, -2.99139843599994, 0],
              [115.296055556, -2.99122222199998, 0],
              [115.294224209, -2.99123991599993, 0],
              [115.291287884, -2.99126828699997, 0],
              [115.290305556, -2.99127777799993, 0],
              [115.282916667, -2.99380555599993, 0],
              [115.282906207, -2.99411410999994, 0],
              [115.282219479, -2.99165332799993, 0],
              [115.282034449, -2.99099030699995, 0],
              [115.281380791, -2.98864803499993, 0],
              [115.280479823, -2.98733123399995, 0],
              [115.278801537, -2.98636777399997, 0],
              [115.276737336, -2.98518276999994, 0],
              [115.278701362, -2.98308019899997, 0],
              [115.279676941, -2.98120042499994, 0],
              [115.280343191, -2.97991551599995, 0],
              [115.280819082, -2.97872578499994, 0],
              [115.280723904, -2.97772641099994, 0],
              [115.280819082, -2.97696498399995, 0],
              [115.281532922, -2.97587875999994, 0],
              [115.281732795, -2.97506498399997, 0],
              [115.280205182, -2.97285208599993, 0],
              [115.279976754, -2.97240950599996, 0],
              [115.280248013, -2.97166711499995, 0],
              [115.280819082, -2.97109604299993, 0],
              [115.280747699, -2.97056780299994, 0],
              [115.280176628, -2.97008239299993, 0],
              [115.279962476, -2.96959698299997, 0],
              [115.279962476, -2.96886886799996, 0],
              [115.280362227, -2.96774100299996, 0],
              [115.280290842, -2.96681301399997, 0],
              [115.280088588, -2.96585726299998, 0],
              [115.280159973, -2.96539326799996, 0],
              [115.280374124, -2.96522670599995, 0],
              [115.280659658, -2.96529808999998, 0],
              [115.28105227, -2.96555983099995, 0],
              [115.281468675, -2.96548844699993, 0],
              [115.281908875, -2.96515532199993, 0],
              [115.281968363, -2.96488168399998, 0],
              [115.28198026, -2.96438199799997, 0],
              [115.282468049, -2.96366815899995, 0],
              [115.282765481, -2.96277586099996, 0],
              [115.282929208, -2.96221443299993, 0],
              [115.282920147, -2.96168130899997, 0],
              [115.283312757, -2.96068193599996, 0],
              [115.283479321, -2.96024173499995, 0],
              [115.283812444, -2.95999189199995, 0],
              [115.284633359, -2.95984912399996, 0],
              [115.284918894, -2.95959928099995, 0],
              [115.285168738, -2.95931374599996, 0],
              [115.285918268, -2.95919477299998, 0],
              [115.286429852, -2.95901631399994, 0],
              [115.286881949, -2.95852852299993, 0],
              [115.287544986, -2.95702599299995, 0],
              [115.288179992, -2.95724885099997, 0],
              [115.289480417, -2.95813395599993, 0],
              [115.289665641, -2.95766075399996, 0],
              [115.290141534, -2.95732762899996, 0],
              [115.291188496, -2.95695881299997, 0],
              [115.291474031, -2.95729193699998, 0],
              [115.291914231, -2.95832700299997, 0],
              [115.293139655, -2.96002831799996, 0],
              [115.2938178, -2.96087302599995, 0],
              [115.294388872, -2.96098010199995, 0],
              [115.294555433, -2.96199375199996, 0],
              [115.293851113, -2.96266000099996, 0],
              [115.293717863, -2.96408767799994, 0],
              [115.29447929, -2.96534403299995, 0],
              [115.295373968, -2.96581992599994, 0],
              [115.29655418, -2.96566763999994, 0],
              [115.298038964, -2.96406864199997, 0],
              [115.299238212, -2.96218410899996, 0],
              [115.300285175, -2.96092775399995, 0],
              [115.301065638, -2.95982368399996, 0],
              [115.301922244, -2.95883382899996, 0],
              [115.303235708, -2.95809143599996, 0],
              [115.304244599, -2.95734904399996, 0],
              [115.305101205, -2.95731097299995, 0],
              [115.306014918, -2.95799625799998, 0],
              [115.306585988, -2.95913839899993, 0],
              [115.306814417, -2.96012825499997, 0],
              [115.307290308, -2.96100389699996, 0],
              [115.307766202, -2.96109907499994, 0],
              [115.308622808, -2.96028053999993, 0],
              [115.309803019, -2.95934779199996, 0],
              [115.311021303, -2.95856732899995, 0],
              [115.311630445, -2.95845311399995, 0],
              [115.31258223, -2.95881479199994, 0],
              [115.313229444, -2.95904322099995, 0],
              [115.32172606, -2.96851026399997, 0],
              [115.321853426, -2.96865217499993, 0],
              [115.321939084, -2.96874761599997, 0]
            ]
          ]
        ]
      }
    },
    {
      "type": "Feature",
      "properties": {
        "kd_propinsi": "63",
        "kd_dati2": "05",
        "kd_kecamatan": "7",
        "kd_kelurahan": "73",
        "nm_kelurahan": "Bitahan Baru"
      },
      "geometry": {
        "type": "MultiPolygon",
        "coordinates": [
          [
            [
              [115.227931008, -2.95347265299995, 0],
              [115.227934754, -2.95347133799993, 0],
              [115.228132211, -2.95340195999995, 0],
              [115.228731836, -2.95383026299993, 0],
              [115.229274353, -2.95451554799996, 0],
              [115.229531333, -2.95480108299995, 0],
              [115.22990253, -2.95487246699997, 0],
              [115.230373663, -2.95504378799996, 0],
              [115.23087335, -2.95504378999993, 0],
              [115.231572911, -2.95572907299993, 0],
              [115.231829893, -2.95622876099998, 0],
              [115.231972662, -2.95662850899993, 0],
              [115.232058321, -2.95708536499996, 0],
              [115.232272473, -2.95751366799993, 0],
              [115.232643669, -2.95819895299997, 0],
              [115.232829267, -2.95847021199995, 0],
              [115.233314677, -2.95891279199998, 0],
              [115.233800088, -2.95926971099993, 0],
              [115.234242666, -2.95938392499994, 0],
              [115.234613862, -2.95958379999996, 0],
              [115.235013612, -2.95975512099994, 0],
              [115.235085693, -2.96004641199994, 0],
              [115.235086492, -2.96004964599996, 0],
              [115.234427308, -2.96061589399994, 0],
              [115.231436006, -2.96350748599997, 0],
              [115.227580069, -2.96869481699997, 0],
              [115.227480059, -2.96882935599996, 0],
              [115.227441114, -2.96881714499995, 0],
              [115.225691519, -2.96826857399998, 0],
              [115.225678687, -2.96826567799997, 0],
              [115.221395781, -2.96692166899993, 0],
              [115.219625464, -2.96934953299996, 0],
              [115.217414942, -2.96951207199993, 0],
              [115.216185989, -2.96960243599995, 0],
              [115.213707547, -2.97051288299997, 0],
              [115.212088969, -2.96934953299996, 0],
              [115.209812847, -2.96884372699998, 0],
              [115.207707333, -2.96628184599996, 0],
              [115.206857485, -2.96675676099994, 0],
              [115.206019313, -2.96722515299996, 0],
              [115.205513506, -2.96768037699997, 0],
              [115.203845771, -2.96799307699996, 0],
              [115.203085643, -2.96813560099997, 0],
              [115.201214167, -2.96793327999995, 0],
              [115.199797913, -2.96838850399996, 0],
              [115.198179337, -2.96793327999995, 0],
              [115.19756081, -2.96738897799997, 0],
              [115.197195958, -2.96706790599995, 0],
              [115.196890724, -2.96681922499994, 0],
              [115.195120682, -2.96672496699995, 0],
              [115.19381939, -2.96665566899998, 0],
              [115.193269337, -2.96662637699996, 0],
              [115.19234942, -2.96657738599993, 0],
              [115.190914318, -2.96650096099995, 0],
              [115.19010083, -2.96645763599997, 0],
              [115.188366723, -2.96636528499994, 0],
              [115.18768785, -2.96498867799994, 0],
              [115.187673082, -2.96495873799995, 0],
              [115.187967022, -2.96485504599997, 0],
              [115.188238281, -2.96486932299996, 0],
              [115.188523815, -2.96492642899995, 0],
              [115.188752244, -2.96511202799997, 0],
              [115.189023502, -2.96535473399996, 0],
              [115.189366145, -2.96546894699998, 0],
              [115.189623128, -2.96556888399994, 0],
              [115.189980045, -2.96566882099995, 0],
              [115.190165644, -2.96581158899994, 0],
              [115.190651054, -2.96596863299993, 0],
              [115.190908035, -2.96554033099994, 0],
              [115.191079357, -2.96519768899998, 0],
              [115.191279231, -2.96478366199995, 0],
              [115.191550489, -2.96432680599997, 0],
              [115.191736088, -2.96396988599997, 0],
              [115.191964516, -2.96359868999997, 0],
              [115.192464202, -2.96322749399997, 0],
              [115.19304955, -2.96279919099993, 0],
              [115.193706281, -2.96229950499998, 0],
              [115.194291629, -2.96179981799997, 0],
              [115.194762762, -2.96141434499998, 0],
              [115.196047671, -2.96121447099995, 0],
              [115.197389687, -2.96118591699997, 0],
              [115.198460445, -2.96108597999995, 0],
              [115.199031516, -2.96111453399993, 0],
              [115.199773906, -2.96074333699994, 0],
              [115.200430639, -2.95992956099997, 0],
              [115.200816111, -2.95931566099995, 0],
              [115.201230138, -2.95870175899995, 0],
              [115.201529949, -2.95833056299995, 0],
              [115.201901145, -2.95781659999994, 0],
              [115.202172404, -2.95710276199998, 0],
              [115.202557876, -2.95623187899997, 0],
              [115.203034672, -2.95522563399993, 0],
              [115.202308149, -2.95311752799995, 0],
              [115.201822623, -2.94921484799994, 0],
              [115.201287245, -2.94650226299996, 0],
              [115.200180794, -2.94154108699996, 0],
              [115.200592329, -2.94236601999995, 0],
              [115.200920695, -2.94296564399997, 0],
              [115.201534596, -2.94400784799996, 0],
              [115.202391202, -2.94539269399996, 0],
              [115.20314787, -2.94620646999994, 0],
              [115.203890262, -2.94679181699996, 0],
              [115.20451844, -2.94743427199995, 0],
              [115.205075234, -2.94796251199995, 0],
              [115.205460706, -2.94846219899995, 0],
              [115.205903287, -2.94903326999997, 0],
              [115.206817, -2.94877628799998, 0],
              [115.208258954, -2.94847647499995, 0],
              [115.209401095, -2.94841936899996, 0],
              [115.210471852, -2.94841936899996, 0],
              [115.211399841, -2.94870490399995, 0],
              [115.212185064, -2.94921886699996, 0],
              [115.212427768, -2.94934735799996, 0],
              [115.212898902, -2.94971855499995, 0],
              [115.214469345, -2.95066082099993, 0],
              [115.215440166, -2.95144604299998, 0],
              [115.216625137, -2.95220271199997, 0],
              [115.217724449, -2.95273095199997, 0],
              [115.219580428, -2.95320208499993, 0],
              [115.221350747, -2.95318780799994, 0],
              [115.222592826, -2.95330202299994, 0],
              [115.224520189, -2.95347334399997, 0],
              [115.225462456, -2.95350189699997, 0],
              [115.226319063, -2.95387309299997, 0],
              [115.227132839, -2.95398730799997, 0],
              [115.22760397, -2.95358755799998, 0],
              [115.227931008, -2.95347265299995, 0]
            ]
          ]
        ]
      }
    },
    {
      "type": "Feature",
      "properties": {
        "kd_propinsi": "63",
        "kd_dati2": "05",
        "kd_kecamatan": "11",
        "kd_kelurahan": "103",
        "nm_kelurahan": "Andhika"
      },
      "geometry": {
        "type": "MultiPolygon",
        "coordinates": [
          [
            [
              [115.105809836, -2.96585087199998, 0],
              [115.105833349, -2.96585699699995, 0],
              [115.104608475, -2.96662761399995, 0],
              [115.102587801, -2.96793296799996, 0],
              [115.10209915, -2.96824863399996, 0],
              [115.098329977, -2.97068349099993, 0],
              [115.095098084, -2.97277089299996, 0],
              [115.094298435, -2.97328736399993, 0],
              [115.091289791, -2.97528364899995, 0],
              [115.090026471, -2.97612188199997, 0],
              [115.090021059, -2.97612547199998, 0],
              [115.086354943, -2.97192980999995, 0],
              [115.086072745, -2.97160684999994, 0],
              [115.085178973, -2.97058397599994, 0],
              [115.083378169, -2.96852305399995, 0],
              [115.08368912, -2.96715878299995, 0],
              [115.083801403, -2.96666615299995, 0],
              [115.083928659, -2.96570936999996, 0],
              [115.083955243, -2.96550949499994, 0],
              [115.083994139, -2.96521706099998, 0],
              [115.084040115, -2.96463031299993, 0],
              [115.084077878, -2.96414838999993, 0],
              [115.084120586, -2.96360334799994, 0],
              [115.0844518, -2.96205976299996, 0],
              [115.084452209, -2.96205785999996, 0],
              [115.084693701, -2.96191912799998, 0],
              [115.085393261, -2.96162645399994, 0],
              [115.085643105, -2.96152651699993, 0],
              [115.086085685, -2.96132664199996, 0],
              [115.086414051, -2.96120528999995, 0],
              [115.086806662, -2.96119815099996, 0],
              [115.087606162, -2.96113390599993, 0],
              [115.087984496, -2.96110535199995, 0],
              [115.088527013, -2.96112676699994, 0],
              [115.088703946, -2.96112859899995, 0],
              [115.08927666, -2.96113452499998, 0],
              [115.094186575, -2.96019482399993, 0],
              [115.094249765, -2.96283942399998, 0],
              [115.097821245, -2.96376981599997, 0],
              [115.09909567, -2.96410180699996, 0],
              [115.104347872, -2.96547002599993, 0],
              [115.105809836, -2.96585087199998, 0]
            ]
          ]
        ]
      }
    },
    {
      "type": "Feature",
      "properties": {
        "kd_propinsi": "63",
        "kd_dati2": "05",
        "kd_kecamatan": "1",
        "kd_kelurahan": "7",
        "nm_kelurahan": "Parigi"
      },
      "geometry": {
        "type": "MultiPolygon",
        "coordinates": [
          [
            [
              [115.110953772, -2.92509508799998, 0],
              [115.112539641, -2.92582188199998, 0],
              [115.113196372, -2.92585043699995, 0],
              [115.114176711, -2.92584091799995, 0],
              [115.114833442, -2.92603127499996, 0],
              [115.115908959, -2.92607886499997, 0],
              [115.116023173, -2.92598368599994, 0],
              [115.117289046, -2.92686884599993, 0],
              [115.118442106, -2.92711421999996, 0],
              [115.118117847, -2.92837398199993, 0],
              [115.117981537, -2.93084075199994, 0],
              [115.117895416, -2.93239925099994, 0],
              [115.117719346, -2.93482447899993, 0],
              [115.115849069, -2.93451671299994, 0],
              [115.116121185, -2.93427332099998, 0],
              [115.116263954, -2.93413055199994, 0],
              [115.116425756, -2.93395923199995, 0],
              [115.116444793, -2.93378790999998, 0],
              [115.116435274, -2.93363562499997, 0],
              [115.116368649, -2.93345478599997, 0],
              [115.116302025, -2.93331201899997, 0],
              [115.116197328, -2.93310262599994, 0],
              [115.1159689, -2.93307407199995, 0],
              [115.115721437, -2.93306455399994, 0],
              [115.115635775, -2.93299792899995, 0],
              [115.115531078, -2.93289323299996, 0],
              [115.115369276, -2.93280757399998, 0],
              [115.115102777, -2.93274094699996, 0],
              [115.114874348, -2.93262673299995, 0],
              [115.11459833, -2.93251251899994, 0],
              [115.114350866, -2.93245541299996, 0],
              [115.114093885, -2.93245541199997, 0],
              [115.114008224, -2.93252203699996, 0],
              [115.113760761, -2.93308358999997, 0],
              [115.113075476, -2.93332153599994, 0],
              [115.111704906, -2.93298841199993, 0],
              [115.111619246, -2.93330249999997, 0],
              [115.111165959, -2.93323656899997, 0],
              [115.11103901, -2.93389475899994, 0],
              [115.10908696, -2.93374555799994, 0],
              [115.106673246, -2.93356107199998, 0],
              [115.103350863, -2.93330712799997, 0],
              [115.102696908, -2.93320903499995, 0],
              [115.101632867, -2.93304942999993, 0],
              [115.101834817, -2.93222657899997, 0],
              [115.101987104, -2.93165550799995, 0],
              [115.102158424, -2.93119865199998, 0],
              [115.102156346, -2.93112595199995, 0],
              [115.102148906, -2.93086552699998, 0],
              [115.102166147, -2.93085010099998, 0],
              [115.102329745, -2.93070372299997, 0],
              [115.102700941, -2.93022783099997, 0],
              [115.103272012, -2.93004699299996, 0],
              [115.103614654, -2.93006602799994, 0],
              [115.103719351, -2.92955206399995, 0],
              [115.104314216, -2.92916754399994, 0],
              [115.10439099, -2.92909885199993, 0],
              [115.104500366, -2.92900098799993, 0],
              [115.104721104, -2.92880348599994, 0],
              [115.104856733, -2.92856078099993, 0],
              [115.104948624, -2.92842805099997, 0],
              [115.10504947, -2.92828238599998, 0],
              [115.105196596, -2.92778583099994, 0],
              [115.105220791, -2.92770417499997, 0],
              [115.10531359, -2.92756854499993, 0],
              [115.105417836, -2.92745099799993, 0],
              [115.105548846, -2.92730327299995, 0],
              [115.105660722, -2.92704222999993, 0],
              [115.105649899, -2.92691578099993, 0],
              [115.105625766, -2.92663381099993, 0],
              [115.105607307, -2.92641812499994, 0],
              [115.105900266, -2.92573455099995, 0],
              [115.106084644, -2.92530433299993, 0],
              [115.1065538, -2.92420962199998, 0],
              [115.10811437, -2.92452554299996, 0],
              [115.11095442, -2.92510047899998, 0],
              [115.110953772, -2.92509508799998, 0]
            ]
          ]
        ]
      }
    },
    {
      "type": "Feature",
      "properties": {
        "kd_propinsi": "63",
        "kd_dati2": "05",
        "kd_kecamatan": "4",
        "kd_kelurahan": "45",
        "nm_kelurahan": "Pabaungan Pantai"
      },
      "geometry": {
        "type": "MultiPolygon",
        "coordinates": [
          [
            [
              [115.035666667, -2.78236111099994, 0],
              [115.035501004, -2.78314295799993, 0],
              [115.035452677, -2.78312825799998, 0],
              [115.03503182, -2.78393051599994, 0],
              [115.031673555, -2.78756354899997, 0],
              [115.0301776, -2.79049439999994, 0],
              [115.028147374, -2.79163926399997, 0],
              [115.0245754, -2.79655454399995, 0],
              [115.024010601, -2.80090502599995, 0],
              [115.022468851, -2.81029290699996, 0],
              [115.023537391, -2.81319322799993, 0],
              [115.021659814, -2.81751317999994, 0],
              [115.020508604, -2.82332982099996, 0],
              [115.023110126, -2.82215610399993, 0],
              [115.023766856, -2.82459743099997, 0],
              [115.02248134, -2.82525416199997, 0],
              [115.022453395, -2.82526843899996, 0],
              [115.022453395, -2.82592516999995, 0],
              [115.022453395, -2.82752416799997, 0],
              [115.022481947, -2.82779542699996, 0],
              [115.022810313, -2.82849498799993, 0],
              [115.020140557, -2.82973706699994, 0],
              [115.020126832, -2.82985128099995, 0],
              [115.019908742, -2.83166610699993, 0],
              [115.019740808, -2.83306355299993, 0],
              [115.018408402, -2.83755592499995, 0],
              [115.016515561, -2.84057836499994, 0],
              [115.016397092, -2.84092596099993, 0],
              [115.01512646, -2.84465407999994, 0],
              [115.015001753, -2.85061923499995, 0],
              [115.015335553, -2.85459008099997, 0],
              [115.015064295, -2.85464718799994, 0],
              [115.014436118, -2.85423316199996, 0],
              [115.013599976, -2.85341610199993, 0],
              [115.013530506, -2.85334663199996, 0],
              [115.012716127, -2.85253225399993, 0],
              [115.012684085, -2.85250021099995, 0],
              [115.011676605, -2.85118743399994, 0],
              [115.010719918, -2.85121076799993, 0],
              [115.009173169, -2.85124849299996, 0],
              [115.006608674, -2.85182855699998, 0],
              [115.004196828, -2.85204226599996, 0],
              [115.002670344, -2.85149273099995, 0],
              [115.002181869, -2.85100425599995, 0],
              [115.00214237, -2.85099420099994, 0],
              [115.001769768, -2.85047255899997, 0],
              [115.000624178, -2.84886873099993, 0],
              [115.000491339, -2.84868275699995, 0],
              [115.000148158, -2.84691781999993, 0],
              [114.999807952, -2.84516819999993, 0],
              [115.000076426, -2.84372820799996, 0],
              [115.001101505, -2.84182448999997, 0],
              [115.003151662, -2.84045771799993, 0],
              [115.004451324, -2.84000955899995, 0],
              [115.004567248, -2.83996958499995, 0],
              [115.005677733, -2.84007705099998, 0],
              [115.006080461, -2.84011602499993, 0],
              [115.007154352, -2.84040890499995, 0],
              [115.008423499, -2.84158042399997, 0],
              [115.00964383, -2.84187330299994, 0],
              [115.011108229, -2.84182448999997, 0],
              [115.012865507, -2.84099466399994, 0],
              [115.013233613, -2.84050876499993, 0],
              [115.01408584, -2.83938382599996, 0],
              [115.01647769, -2.83455130999994, 0],
              [115.016672944, -2.83137844799995, 0],
              [115.015867524, -2.82905981499994, 0],
              [115.014891258, -2.82671677799993, 0],
              [115.014207872, -2.82569169799996, 0],
              [115.012401781, -2.82486187299998, 0],
              [115.010205183, -2.82456899299996, 0],
              [115.008887224, -2.82510593899997, 0],
              [115.006983506, -2.82705847099993, 0],
              [115.005909613, -2.83023133399996, 0],
              [115.005958427, -2.83184217299993, 0],
              [115.004689281, -2.83340419799993, 0],
              [115.003371322, -2.83428283699993, 0],
              [115.001516418, -2.83413639699995, 0],
              [115.005290123, -2.82311327699995, 0],
              [115.005889389, -2.82136280099996, 0],
              [115.007081133, -2.81788157199998, 0],
              [115.011938055, -2.80360368599997, 0],
              [115.01699023, -2.78878885299997, 0],
              [115.019874471, -2.78037375699995, 0],
              [115.020324714, -2.77906012499994, 0],
              [115.020324726, -2.77906008899993, 0],
              [115.020324735, -2.77906006399996, 0],
              [115.020876647, -2.77744976499997, 0],
              [115.020883148, -2.77743079699997, 0],
              [115.0245988, -2.77958761499997, 0],
              [115.025534184, -2.77990250999994, 0],
              [115.032292625, -2.78217772599993, 0],
              [115.032680148, -2.78219878899995, 0],
              [115.035666667, -2.78236111099994, 0]
            ]
          ]
        ]
      }
    },
    {
      "type": "Feature",
      "properties": {
        "kd_propinsi": "63",
        "kd_dati2": "05",
        "kd_kecamatan": "8",
        "kd_kelurahan": "78",
        "nm_kelurahan": "Balawaian"
      },
      "geometry": {
        "type": "MultiPolygon",
        "coordinates": [
          [
            [
              [115.474378401, -2.87472521499996, 0],
              [115.474440327, -2.87472140099993, 0],
              [115.476439107, -2.87347602799997, 0],
              [115.478392478, -2.87298123099993, 0],
              [115.47988764, -2.87378813899994, 0],
              [115.479954419, -2.87384192999997, 0],
              [115.481833228, -2.87535533499994, 0],
              [115.483824477, -2.87640708899994, 0],
              [115.485754759, -2.87744067199998, 0],
              [115.487257739, -2.87808479499995, 0],
              [115.488752789, -2.87865298199995, 0],
              [115.489096554, -2.87878362799995, 0],
              [115.491438659, -2.87916659099994, 0],
              [115.49345298, -2.87957624599994, 0],
              [115.495466984, -2.87958796399994, 0],
              [115.497817029, -2.87992570599994, 0],
              [115.49953372, -2.88030782599998, 0],
              [115.49998378, -2.88049834499998, 0],
              [115.500113393, -2.88090549599997, 0],
              [115.500251222, -2.88095892499996, 0],
              [115.502852377, -2.88196726299998, 0],
              [115.504566476, -2.88330994599994, 0],
              [115.504814776, -2.88350444399993, 0],
              [115.505988423, -2.88637113199997, 0],
              [115.506108163, -2.88666360199994, 0],
              [115.506108702, -2.88666484199996, 0],
              [115.506108889, -2.88666527799995, 0],
              [115.506108872, -2.88666533499998, 0],
              [115.506108703, -2.88666588699994, 0],
              [115.505461165, -2.88878104399993, 0],
              [115.505170166, -2.88973151899995, 0],
              [115.504305556, -2.89255555599993, 0],
              [115.504118069, -2.89300838499997, 0],
              [115.503882546, -2.89357723399996, 0],
              [115.50354291, -2.89439754299997, 0],
              [115.500627771, -2.90143835199996, 0],
              [115.49725, -2.90422222199993, 0],
              [115.49675362, -2.90562111199995, 0],
              [115.495365319, -2.90953359799994, 0],
              [115.494805556, -2.91111111099997, 0],
              [115.489588122, -2.91284195999998, 0],
              [115.488236217, -2.91329044599996, 0],
              [115.487720257, -2.91401298499994, 0],
              [115.485388889, -2.91727777799997, 0],
              [115.484305556, -2.92561111099997, 0],
              [115.479498998, -2.93402706399996, 0],
              [115.479086111, -2.93475, 0],
              [115.478783592, -2.93597902399995, 0],
              [115.477727945, -2.94026773699994, 0],
              [115.477198542, -2.94030375899996, 0],
              [115.465333333, -2.94111111099994, 0],
              [115.456833151, -2.95173003399998, 0],
              [115.455972222, -2.95280555599993, 0],
              [115.454633966, -2.95340670999997, 0],
              [115.45418984, -2.95251285699993, 0],
              [115.454176982, -2.95252071199997, 0],
              [115.454051355, -2.95220713599997, 0],
              [115.454006181, -2.95209437699998, 0],
              [115.453935679, -2.95191839999995, 0],
              [115.453908021, -2.95173592299994, 0],
              [115.453868069, -2.95147233899996, 0],
              [115.452643457, -2.94339296099997, 0],
              [115.452427626, -2.94196901499993, 0],
              [115.45300812, -2.93821560399994, 0],
              [115.454031054, -2.93160141599998, 0],
              [115.450338141, -2.92818362199995, 0],
              [115.449976463, -2.93084861799997, 0],
              [115.449481535, -2.93187654499997, 0],
              [115.447884917, -2.93256301999998, 0],
              [115.447071142, -2.93303415299994, 0],
              [115.446300195, -2.93306270599993, 0],
              [115.445357929, -2.93252018899995, 0],
              [115.444686921, -2.93240597499994, 0],
              [115.443973083, -2.93266295699993, 0],
              [115.442888048, -2.93216326999993, 0],
              [115.441917228, -2.93187773499994, 0],
              [115.44147465, -2.93196339499997, 0],
              [115.440118356, -2.93286283199996, 0],
              [115.439357901, -2.93392070099998, 0],
              [115.434775452, -2.93282404699994, 0],
              [115.433763638, -2.93236586699993, 0],
              [115.431496476, -2.93133922699997, 0],
              [115.428959912, -2.93041121599993, 0],
              [115.426124934, -2.92851256399996, 0],
              [115.422216358, -2.92589489099993, 0],
              [115.41983446, -2.92202817399993, 0],
              [115.419582114, -2.91959934499994, 0],
              [115.41933952, -2.91726437999995, 0],
              [115.419295454, -2.91444413299996, 0],
              [115.419277653, -2.91330486199996, 0],
              [115.420700604, -2.90946907999995, 0],
              [115.420824339, -2.90544769499996, 0],
              [115.420899561, -2.90490234199996, 0],
              [115.42131928, -2.90185938199994, 0],
              [115.4203294, -2.89443528699997, 0],
              [115.418328176, -2.89027890099993, 0],
              [115.418002546, -2.88977291899994, 0],
              [115.41871459, -2.88960336599996, 0],
              [115.421987632, -2.89014151599997, 0],
              [115.42391796, -2.89005377399997, 0],
              [115.424384365, -2.88999111899994, 0],
              [115.42514624, -2.88989270099995, 0],
              [115.427041136, -2.88899545599998, 0],
              [115.427602836, -2.88872948799997, 0],
              [115.429266109, -2.88825248599994, 0],
              [115.43096753, -2.88803779899996, 0],
              [115.432661349, -2.88721717299995, 0],
              [115.436529256, -2.88453635399998, 0],
              [115.437414505, -2.88392279399994, 0],
              [115.43878001, -2.88413268299996, 0],
              [115.439134086, -2.88473859899995, 0],
              [115.440107571, -2.88640448799993, 0],
              [115.440235534, -2.88656075899996, 0],
              [115.441679317, -2.88832392499995, 0],
              [115.442968662, -2.88914868099994, 0],
              [115.44514303, -2.88861809299993, 0],
              [115.446615482, -2.88729068599997, 0],
              [115.448271163, -2.88578265099994, 0],
              [115.449789438, -2.88403024099995, 0],
              [115.451483167, -2.88264886099995, 0],
              [115.453566044, -2.87888044799996, 0],
              [115.455755086, -2.87556445999996, 0],
              [115.456655852, -2.87419996899996, 0],
              [115.457861414, -2.87316156899993, 0],
              [115.459417969, -2.87260296399995, 0],
              [115.460502676, -2.87240399399997, 0],
              [115.462011898, -2.87212715399994, 0],
              [115.464361738, -2.87257347699995, 0],
              [115.466902242, -2.87295674799998, 0],
              [115.468740992, -2.87346568199996, 0],
              [115.470549279, -2.87405596799994, 0],
              [115.47072687, -2.87411921399996, 0],
              [115.472623788, -2.87479477299996, 0],
              [115.472715996, -2.87482761099994, 0],
              [115.473141788, -2.87480138399997, 0],
              [115.474378401, -2.87472521499996, 0]
            ]
          ]
        ]
      }
    },
    {
      "type": "Feature",
      "properties": {
        "kd_propinsi": "63",
        "kd_dati2": "05",
        "kd_kecamatan": "6",
        "kd_kelurahan": "63",
        "nm_kelurahan": "Batu Hapu"
      },
      "geometry": {
        "type": "MultiPolygon",
        "coordinates": [
          [
            [
              [115.184523408, -3.13130105199997, 0],
              [115.184490203, -3.13236341299995, 0],
              [115.184470163, -3.13300457499997, 0],
              [115.183161815, -3.13502957099996, 0],
              [115.183157857, -3.13503569899996, 0],
              [115.183014334, -3.13519288999993, 0],
              [115.182758106, -3.13547351999995, 0],
              [115.182529678, -3.13568291299993, 0],
              [115.182339322, -3.13585423399996, 0],
              [115.182339322, -3.13606362599995, 0],
              [115.182332138, -3.13624323299996, 0],
              [115.182320286, -3.13653951799995, 0],
              [115.18236971, -3.13686077099993, 0],
              [115.182396428, -3.13703444699996, 0],
              [115.180631427, -3.13838305599995, 0],
              [115.180600768, -3.13840648299993, 0],
              [115.179130262, -3.13906321399998, 0],
              [115.176803148, -3.13949151699995, 0],
              [115.175061383, -3.13950579399995, 0],
              [115.174190501, -3.13943441099997, 0],
              [115.172805653, -3.14039095399994, 0],
              [115.170835459, -3.14126659499993, 0],
              [115.169590263, -3.13975326499997, 0],
              [115.169250347, -3.13923249799996, 0],
              [115.169030399, -3.13897945799994, 0],
              [115.16872583, -3.13850356499995, 0],
              [115.168592581, -3.13831320799994, 0],
              [115.168249938, -3.13823706599993, 0],
              [115.167355261, -3.13827513699994, 0],
              [115.166765155, -3.13827513699994, 0],
              [115.166346368, -3.13785635299996, 0],
              [115.166993581, -3.13679035499996, 0],
              [115.167336225, -3.13621928299995, 0],
              [115.167774046, -3.13528653499998, 0],
              [115.167735975, -3.13479160599997, 0],
              [115.167678868, -3.13267864499994, 0],
              [115.167241045, -3.13022304099997, 0],
              [115.167145867, -3.12951872199994, 0],
              [115.167336225, -3.12904282799997, 0],
              [115.16775501, -3.12858597199994, 0],
              [115.167964401, -3.12845272199996, 0],
              [115.168097651, -3.12803393799993, 0],
              [115.167222009, -3.12696793999993, 0],
              [115.167317188, -3.12658722499998, 0],
              [115.167507545, -3.12632072499997, 0],
              [115.16792633, -3.12582579699995, 0],
              [115.167850188, -3.12557833299996, 0],
              [115.167888259, -3.12523569199993, 0],
              [115.167964401, -3.12502629899996, 0],
              [115.171619253, -3.11977244899993, 0],
              [115.172576137, -3.11809780999994, 0],
              [115.172681619, -3.11791320599997, 0],
              [115.173153956, -3.11708656299993, 0],
              [115.173444444, -3.11722222199995, 0],
              [115.177, -3.11902777799998, 0],
              [115.179027778, -3.12094444399997, 0],
              [115.1805, -3.12511111099997, 0],
              [115.181166667, -3.13069444399997, 0],
              [115.184194444, -3.13133333299993, 0],
              [115.184523408, -3.13130105199997, 0]
            ]
          ]
        ]
      }
    },
    {
      "type": "Feature",
      "properties": {
        "kd_propinsi": "63",
        "kd_dati2": "05",
        "kd_kecamatan": "12",
        "kd_kelurahan": "124",
        "nm_kelurahan": "Banua Halat Kanan"
      },
      "geometry": {
        "type": "MultiPolygon",
        "coordinates": [
          [
            [
              [115.170687243, -2.90003435499995, 0],
              [115.17015623, -2.90045730499998, 0],
              [115.169675729, -2.90084001699995, 0],
              [115.168627718, -2.90167473899993, 0],
              [115.162268846, -2.90673946899995, 0],
              [115.161216989, -2.90757724699995, 0],
              [115.159803726, -2.90857709699998, 0],
              [115.156150689, -2.91116152299998, 0],
              [115.155404611, -2.91160130199995, 0],
              [115.154655723, -2.91209447199998, 0],
              [115.154082465, -2.91245135199995, 0],
              [115.15367762, -2.91257796699995, 0],
              [115.153624648, -2.91214691299996, 0],
              [115.153517637, -2.91169262999995, 0],
              [115.153447386, -2.91155212599995, 0],
              [115.153444584, -2.91154923299996, 0],
              [115.153292372, -2.91149582299994, 0],
              [115.153235265, -2.91138446399998, 0],
              [115.153170811, -2.91128601499997, 0],
              [115.153104633, -2.91120517199994, 0],
              [115.153045146, -2.91117245399994, 0],
              [115.152971531, -2.91117893899997, 0],
              [115.152683021, -2.91125627099996, 0],
              [115.152394513, -2.91128898799997, 0],
              [115.152216052, -2.91120273299993, 0],
              [115.152156566, -2.91095883799994, 0],
              [115.152136433, -2.91070046499993, 0],
              [115.152123209, -2.91053074599995, 0],
              [115.152120874, -2.91050079199994, 0],
              [115.15209708, -2.91032233299995, 0],
              [115.151930517, -2.91018848799996, 0],
              [115.151662828, -2.91002787399998, 0],
              [115.151392164, -2.90990890099994, 0],
              [115.151079859, -2.90985536299996, 0],
              [115.151037727, -2.90981775699993, 0],
              [115.150738267, -2.90955046599993, 0],
              [115.150737053, -2.90954938299996, 0],
              [115.150706883, -2.90952394299995, 0],
              [115.150655324, -2.90948659699996, 0],
              [115.15089507, -2.90932922899998, 0],
              [115.150906075, -2.90932284199994, 0],
              [115.151412694, -2.90902882199993, 0],
              [115.151937213, -2.90872441399995, 0],
              [115.152016504, -2.90867839599997, 0],
              [115.152448927, -2.90842586099996, 0],
              [115.153291497, -2.90793379899998, 0],
              [115.154025921, -2.90750489299995, 0],
              [115.154285181, -2.90735320899995, 0],
              [115.154610338, -2.90716297099993, 0],
              [115.15512867, -2.90685970999994, 0],
              [115.156141977, -2.90626685799998, 0],
              [115.15634218, -2.90614972399993, 0],
              [115.15639977, -2.90611588999997, 0],
              [115.156421643, -2.90610304199993, 0],
              [115.157473772, -2.90548494299998, 0],
              [115.15750011, -2.90546946999996, 0],
              [115.157520438, -2.90545752899993, 0],
              [115.157582849, -2.90542086399995, 0],
              [115.157594615, -2.90541395099996, 0],
              [115.157679436, -2.90536411999995, 0],
              [115.157907288, -2.90523026299996, 0],
              [115.158087174, -2.90490286199997, 0],
              [115.158306086, -2.90435082799996, 0],
              [115.158486926, -2.90410336299993, 0],
              [115.158829172, -2.90391895499994, 0],
              [115.159371688, -2.90370004499994, 0],
              [115.160080766, -2.90353348299993, 0],
              [115.16068039, -2.90326222499994, 0],
              [115.16107345, -2.90304282099993, 0],
              [115.161525511, -2.90246687099995, 0],
              [115.161498111, -2.90226837799997, 0],
              [115.160923097, -2.90196779699994, 0],
              [115.160889785, -2.90168226199995, 0],
              [115.160723221, -2.90159184299995, 0],
              [115.160356784, -2.90120636899997, 0],
              [115.1600189, -2.90106360199997, 0],
              [115.159733365, -2.90069716599993, 0],
              [115.159466866, -2.90026410299993, 0],
              [115.15892175, -2.89968394399995, 0],
              [115.158800616, -2.89955502499993, 0],
              [115.158705492, -2.89946465599996, 0],
              [115.158572123, -2.89933795399998, 0],
              [115.158274938, -2.89905562999996, 0],
              [115.158039188, -2.89883166799996, 0],
              [115.157158134, -2.89817829899994, 0],
              [115.156906875, -2.89806811599993, 0],
              [115.161328872, -2.89522860499994, 0],
              [115.159767353, -2.89433898499993, 0],
              [115.158526611, -2.89363713699993, 0],
              [115.158324022, -2.89356585299993, 0],
              [115.158093467, -2.89348473199993, 0],
              [115.158012648, -2.89345629699994, 0],
              [115.157714507, -2.89333179699997, 0],
              [115.157579585, -2.89327545699996, 0],
              [115.157070382, -2.89300895899993, 0],
              [115.156880024, -2.89293757399997, 0],
              [115.156613525, -2.89272818099994, 0],
              [115.156298336, -2.89250850499997, 0],
              [115.155985346, -2.89229036099994, 0],
              [115.155338134, -2.89187157499993, 0],
              [115.154931955, -2.89157509599994, 0],
              [115.154914542, -2.89154862299995, 0],
              [115.154674305, -2.89118343599995, 0],
              [115.154440012, -2.89082728899996, 0],
              [115.154156973, -2.89039703899994, 0],
              [115.154098278, -2.89030775999993, 0],
              [115.15282011, -2.88836361199998, 0],
              [115.152132866, -2.88732504299998, 0],
              [115.152027641, -2.88715548499994, 0],
              [115.15158005, -2.88649744599996, 0],
              [115.15093398, -2.88554760999995, 0],
              [115.150605113, -2.88577880099996, 0],
              [115.151563912, -2.88041211899997, 0],
              [115.151611502, -2.88010278899998, 0],
              [115.15227775, -2.87643841899995, 0],
              [115.152775329, -2.87635171899996, 0],
              [115.152759057, -2.87642223099994, 0],
              [115.155515355, -2.87854373999994, 0],
              [115.159434781, -2.88362447899993, 0],
              [115.160876373, -2.88549320799996, 0],
              [115.160967463, -2.88561128699996, 0],
              [115.161226814, -2.88594748199995, 0],
              [115.162275493, -2.88774521899995, 0],
              [115.163303562, -2.88950762399998, 0],
              [115.16459118, -2.89159683299994, 0],
              [115.165599658, -2.89302993399997, 0],
              [115.166919068, -2.89490488499996, 0],
              [115.168207485, -2.89673579199996, 0],
              [115.170687243, -2.90003435499995, 0]
            ]
          ]
        ]
      }
    },
    {
      "type": "Feature",
      "properties": {
        "kd_propinsi": "63",
        "kd_dati2": "05",
        "kd_kecamatan": "12",
        "kd_kelurahan": "125",
        "nm_kelurahan": "Banua Halat Kiri"
      },
      "geometry": {
        "type": "MultiPolygon",
        "coordinates": [
          [
            [
              [115.15367762, -2.91257796699995, 0],
              [115.153689868, -2.91261487999998, 0],
              [115.153689904, -2.91261504199997, 0],
              [115.153725643, -2.91277212199998, 0],
              [115.153775472, -2.91299928399997, 0],
              [115.153804744, -2.91313272699995, 0],
              [115.153847271, -2.91316901299996, 0],
              [115.153973082, -2.91327635699997, 0],
              [115.154175939, -2.91348607699996, 0],
              [115.154259725, -2.91356455899995, 0],
              [115.154261849, -2.91356654799995, 0],
              [115.154457905, -2.91375019699996, 0],
              [115.154557843, -2.91387868699997, 0],
              [115.154573208, -2.91391518099994, 0],
              [115.15461495, -2.91401431799994, 0],
              [115.154594032, -2.91412238899994, 0],
              [115.154593536, -2.91412496199996, 0],
              [115.154543567, -2.91420348499997, 0],
              [115.154486461, -2.91428200599995, 0],
              [115.154393661, -2.91439978999995, 0],
              [115.154334331, -2.91441658099996, 0],
              [115.154204494, -2.91445332799998, 0],
              [115.154029602, -2.91448188099997, 0],
              [115.15384029, -2.91453434999994, 0],
              [115.153714737, -2.91456914699995, 0],
              [115.153592134, -2.91471479299997, 0],
              [115.153511044, -2.91481112399993, 0],
              [115.153487737, -2.91483881399995, 0],
              [115.153477163, -2.91485137299998, 0],
              [115.153407605, -2.91495846399994, 0],
              [115.153376441, -2.91507793699998, 0],
              [115.153262226, -2.91526353399996, 0],
              [115.153230057, -2.91538381899994, 0],
              [115.153218167, -2.91542827699993, 0],
              [115.153180135, -2.91557048499993, 0],
              [115.153083767, -2.91577392799997, 0],
              [115.153060417, -2.91581371099994, 0],
              [115.152987401, -2.91593811099995, 0],
              [115.152834018, -2.91605705999996, 0],
              [115.152723618, -2.91614267599994, 0],
              [115.152623341, -2.91623078599997, 0],
              [115.152455589, -2.91632358399994, 0],
              [115.152377068, -2.91648419799998, 0],
              [115.152450244, -2.91661800799994, 0],
              [115.15250199, -2.91671262499995, 0],
              [115.152697304, -2.91684173199997, 0],
              [115.15271257, -2.91685182399993, 0],
              [115.152836357, -2.91692555299994, 0],
              [115.152888546, -2.91702976299996, 0],
              [115.152947149, -2.91714676999993, 0],
              [115.152930293, -2.91728012699997, 0],
              [115.15311946, -2.91757280099995, 0],
              [115.153291253, -2.91788462499994, 0],
              [115.15341927, -2.91808676499994, 0],
              [115.153469157, -2.91811729299997, 0],
              [115.153658406, -2.91823310099994, 0],
              [115.153872557, -2.91828306999997, 0],
              [115.154086709, -2.91832589999996, 0],
              [115.15421877, -2.91842226799997, 0],
              [115.154248226, -2.91848290999997, 0],
              [115.154279448, -2.91854718999997, 0],
              [115.154265334, -2.91863891699995, 0],
              [115.154250892, -2.91873278899993, 0],
              [115.154183078, -2.91878989599996, 0],
              [115.154111694, -2.91883272699994, 0],
              [115.154053784, -2.91885792599993, 0],
              [115.15400319, -2.91887994199993, 0],
              [115.153939073, -2.91888619699995, 0],
              [115.153836137, -2.91889687299994, 0],
              [115.153645142, -2.91891668299996, 0],
              [115.153312017, -2.91880246899996, 0],
              [115.152978892, -2.91869301299994, 0],
              [115.152888473, -2.91879770899993, 0],
              [115.152936064, -2.91904041499993, 0],
              [115.153131179, -2.91927836199994, 0],
              [115.153139836, -2.91929139099995, 0],
              [115.153351512, -2.91960999599996, 0],
              [115.153375386, -2.91964593199998, 0],
              [115.153592794, -2.91997316299995, 0],
              [115.153656109, -2.92011245799995, 0],
              [115.153711767, -2.92023490399993, 0],
              [115.153711768, -2.92055012599997, 0],
              [115.153711768, -2.92059182299994, 0],
              [115.153699708, -2.92069634799998, 0],
              [115.153654661, -2.92108675199995, 0],
              [115.153683214, -2.92147222399996, 0],
              [115.153780247, -2.92159470899998, 0],
              [115.153795076, -2.92161342699995, 0],
              [115.153973507, -2.92183866099992, 0],
              [115.154169186, -2.92216469499994, 0],
              [115.154121035, -2.92263815999996, 0],
              [115.154061554, -2.92267210799997, 0],
              [115.153868812, -2.92278211799993, 0],
              [115.153397678, -2.92283446499994, 0],
              [115.15316925, -2.92287253699993, 0],
              [115.153021723, -2.92302958099998, 0],
              [115.152969375, -2.92315807199998, 0],
              [115.153026482, -2.92330559899995, 0],
              [115.15312642, -2.92351023199996, 0],
              [115.153183526, -2.92359113399994, 0],
              [115.153359607, -2.92386715199996, 0],
              [115.153521411, -2.92409082099994, 0],
              [115.153583753, -2.92423628699993, 0],
              [115.153621348, -2.92432400799993, 0],
              [115.153668936, -2.92453340099996, 0],
              [115.153635611, -2.92479003699998, 0],
              [115.152071022, -2.92470441099994, 0],
              [115.151306484, -2.92427464199994, 0],
              [115.149994557, -2.92330652899994, 0],
              [115.148316193, -2.92239722699998, 0],
              [115.145864245, -2.92158292699997, 0],
              [115.142978002, -2.92076862599993, 0],
              [115.142216067, -2.92072272599995, 0],
              [115.140340038, -2.92060971399997, 0],
              [115.139974138, -2.92058767099996, 0],
              [115.139957891, -2.92058710999993, 0],
              [115.140477432, -2.91871676499994, 0],
              [115.14052524, -2.91854465699993, 0],
              [115.14052524, -2.91598389399996, 0],
              [115.14052524, -2.91405090799998, 0],
              [115.14058791, -2.91390448499993, 0],
              [115.140786512, -2.91344047199993, 0],
              [115.140967352, -2.91309782899998, 0],
              [115.141176744, -2.91283132999996, 0],
              [115.141500351, -2.91266952699994, 0],
              [115.142096887, -2.91249886499998, 0],
              [115.142855969, -2.91251516399996, 0],
              [115.145355956, -2.91256884499995, 0],
              [115.145975409, -2.91258214599998, 0],
              [115.15171152, -2.91239425999993, 0],
              [115.151837805, -2.91239012399996, 0],
              [115.152094787, -2.91232944799998, 0],
              [115.152137618, -2.91220452499994, 0],
              [115.152858594, -2.91213671099996, 0],
              [115.15319271, -2.91180174699997, 0],
              [115.153302058, -2.91169212099993, 0],
              [115.153444584, -2.91154923299996, 0],
              [115.153447386, -2.91155212599995, 0],
              [115.153517637, -2.91169262999995, 0],
              [115.153624648, -2.91214691299996, 0],
              [115.15367762, -2.91257796699995, 0]
            ]
          ]
        ]
      }
    },
    {
      "type": "Feature",
      "properties": {
        "kd_propinsi": "63",
        "kd_dati2": "05",
        "kd_kecamatan": "12",
        "kd_kelurahan": "126",
        "nm_kelurahan": "Banua Hanyar"
      },
      "geometry": {
        "type": "MultiPolygon",
        "coordinates": [
          [
            [
              [115.152132866, -2.88732504299998, 0],
              [115.151741395, -2.88764708199994, 0],
              [115.151673871, -2.88770262999998, 0],
              [115.151359861, -2.88796094699995, 0],
              [115.151050316, -2.88821559099995, 0],
              [115.15005722, -2.88904874899993, 0],
              [115.149184287, -2.88978109699997, 0],
              [115.149144365, -2.88981458799998, 0],
              [115.148637543, -2.89018578499997, 0],
              [115.148018581, -2.89070894399993, 0],
              [115.147069477, -2.89151114599997, 0],
              [115.146662219, -2.89183695099996, 0],
              [115.14609899, -2.89228753199996, 0],
              [115.145998719, -2.89236774999995, 0],
              [115.145618005, -2.89268659799996, 0],
              [115.14519446, -2.89301972299995, 0],
              [115.144723328, -2.89358127499997, 0],
              [115.144605976, -2.89369293199997, 0],
              [115.14423316, -2.89404764999995, 0],
              [115.144023766, -2.89422848999993, 0],
              [115.143795338, -2.89434746299997, 0],
              [115.143543115, -2.89447595299993, 0],
              [115.143352758, -2.89459016699993, 0],
              [115.143229027, -2.89490425599996, 0],
              [115.14320999, -2.89522310299998, 0],
              [115.143304273, -2.89542091499993, 0],
              [115.143452696, -2.89573230799994, 0],
              [115.143515991, -2.89622961499993, 0],
              [115.143481723, -2.89637696299997, 0],
              [115.143373222, -2.89684351799997, 0],
              [115.143213212, -2.89711192199997, 0],
              [115.143151933, -2.89721471299993, 0],
              [115.142970279, -2.89751910499996, 0],
              [115.142887813, -2.89765729299995, 0],
              [115.142630829, -2.89808559599993, 0],
              [115.142548739, -2.89831216399995, 0],
              [115.142452372, -2.89857814299995, 0],
              [115.142422772, -2.89872406299998, 0],
              [115.142345295, -2.89910602799995, 0],
              [115.14236226, -2.89932374599994, 0],
              [115.142363142, -2.89933505099998, 0],
              [115.14234827, -2.89944212699993, 0],
              [115.142252406, -2.89953933399994, 0],
              [115.141943762, -2.89966222699997, 0],
              [115.141743868, -2.89971826399994, 0],
              [115.141735924, -2.89971896599997, 0],
              [115.141091908, -2.89977578999998, 0],
              [115.141044579, -2.89977996599993, 0],
              [115.140931335, -2.89953020599995, 0],
              [115.140837615, -2.89937116699997, 0],
              [115.140778142, -2.89929149299996, 0],
              [115.14056638, -2.89920215799998, 0],
              [115.140355798, -2.89915218799996, 0],
              [115.140184477, -2.89906652799994, 0],
              [115.140091677, -2.89901298999996, 0],
              [115.139963188, -2.89888449899996, 0],
              [115.139961092, -2.89887572599997, 0],
              [115.139955745, -2.89887085599997, 0],
              [115.139896256, -2.89873106299996, 0],
              [115.139857468, -2.89850560399998, 0],
              [115.139832707, -2.89843441399995, 0],
              [115.139732964, -2.89830920399993, 0],
              [115.139691929, -2.89826702899995, 0],
              [115.139484915, -2.89807429299998, 0],
              [115.139325308, -2.89794033699997, 0],
              [115.139089373, -2.89784524699996, 0],
              [115.139001051, -2.89781758099997, 0],
              [115.138934331, -2.89781317399996, 0],
              [115.138646156, -2.89781017299993, 0],
              [115.13858144, -2.89778986999994, 0],
              [115.138520135, -2.89778582099996, 0],
              [115.138296465, -2.89767636599993, 0],
              [115.138268276, -2.89762290099998, 0],
              [115.138117915, -2.89738900799995, 0],
              [115.138048672, -2.89713797499996, 0],
              [115.138040231, -2.89702612199994, 0],
              [115.137977618, -2.89668175099996, 0],
              [115.137964574, -2.89652360799994, 0],
              [115.137946528, -2.89642108199996, 0],
              [115.137932367, -2.89634709499995, 0],
              [115.137885445, -2.89617536199995, 0],
              [115.137898291, -2.89616905899993, 0],
              [115.138797688, -2.89573722599994, 0],
              [115.139432052, -2.89546358799993, 0],
              [115.141917111, -2.89107350899997, 0],
              [115.14772733, -2.88771590399995, 0],
              [115.150530334, -2.88583137099994, 0],
              [115.150605113, -2.88577880099996, 0],
              [115.15093398, -2.88554760999995, 0],
              [115.15158005, -2.88649744599996, 0],
              [115.152027641, -2.88715548499994, 0],
              [115.152132866, -2.88732504299998, 0]
            ]
          ]
        ]
      }
    },
    {
      "type": "Feature",
      "properties": {
        "kd_propinsi": "63",
        "kd_dati2": "05",
        "kd_kecamatan": "3",
        "kd_kelurahan": "25",
        "nm_kelurahan": "Banua Padang Hilir"
      },
      "geometry": {
        "type": "MultiPolygon",
        "coordinates": [
          [
            [
              [115.159227008, -2.96887011699994, 0],
              [115.158628886, -2.96963805699994, 0],
              [115.157145524, -2.97166433999996, 0],
              [115.156145865, -2.97118662899993, 0],
              [115.15395906, -2.97014163699993, 0],
              [115.151362152, -2.96890183399995, 0],
              [115.150016751, -2.96825967999996, 0],
              [115.148461251, -2.96751724599994, 0],
              [115.147030258, -2.96688162399994, 0],
              [115.144275022, -2.96574906399997, 0],
              [115.139075461, -2.96359997799993, 0],
              [115.137151452, -2.96280331799994, 0],
              [115.137395811, -2.96268194599998, 0],
              [115.137776526, -2.962444, 0],
              [115.138133444, -2.96242020599993, 0],
              [115.138442776, -2.96237261599993, 0],
              [115.138835386, -2.96224174599996, 0],
              [115.139620607, -2.96207518299997, 0],
              [115.140060807, -2.96186103199995, 0],
              [115.140322549, -2.96173016099993, 0],
              [115.140548599, -2.96149221599995, 0],
              [115.140584289, -2.96142083199993, 0],
              [115.14076275, -2.96114719399998, 0],
              [115.14110777, -2.96056422599997, 0],
              [115.141262435, -2.96033817699993, 0],
              [115.141785917, -2.95961244199998, 0],
              [115.142011396, -2.95936837599993, 0],
              [115.143392111, -2.95937635699994, 0],
              [115.144060001, -2.95938021799998, 0],
              [115.1470965, -2.95939776899996, 0],
              [115.147816645, -2.95964761499994, 0],
              [115.148227662, -2.95870814699993, 0],
              [115.148806596, -2.96045469099994, 0],
              [115.149263453, -2.96162538599998, 0],
              [115.150820778, -2.96113006299993, 0],
              [115.151605261, -2.96186713699996, 0],
              [115.151190817, -2.96200372099997, 0],
              [115.150983804, -2.96214648799997, 0],
              [115.150905281, -2.96258906799994, 0],
              [115.150848174, -2.96278180399997, 0],
              [115.15089547, -2.96308177499998, 0],
              [115.150976664, -2.96375262399994, 0],
              [115.150919557, -2.96383114599996, 0],
              [115.150833897, -2.96395249899996, 0],
              [115.151105156, -2.96413809699993, 0],
              [115.151440659, -2.96427372599993, 0],
              [115.151804717, -2.96443077099997, 0],
              [115.152175913, -2.96428800299998, 0],
              [115.152390065, -2.96399532899994, 0],
              [115.152861199, -2.96386683899993, 0],
              [115.153553622, -2.96402388299993, 0],
              [115.153903401, -2.96422375799995, 0],
              [115.154110415, -2.96486621199995, 0],
              [115.153960508, -2.96517316199993, 0],
              [115.153646419, -2.96570854199996, 0],
              [115.15368925, -2.96630102699993, 0],
              [115.154448298, -2.96689589199997, 0],
              [115.154600585, -2.96709576699993, 0],
              [115.1554096, -2.96720998099994, 0],
              [115.156045186, -2.96737302799994, 0],
              [115.156723062, -2.96696251699996, 0],
              [115.157393597, -2.96709236399994, 0],
              [115.1577703, -2.96769638699993, 0],
              [115.158264954, -2.96753358899997, 0],
              [115.15855049, -2.96720998099994, 0],
              [115.158940721, -2.96693396399996, 0],
              [115.15982588, -2.96706721399994, 0],
              [115.160187558, -2.96729564199995, 0],
              [115.159854434, -2.96755262399995, 0],
              [115.159102524, -2.96799044399995, 0],
              [115.158683739, -2.96836164099994, 0],
              [115.158531453, -2.96861862199995, 0],
              [115.159016863, -2.96881849699997, 0],
              [115.159227008, -2.96887011699994, 0]
            ]
          ]
        ]
      }
    },
    {
      "type": "Feature",
      "properties": {
        "kd_propinsi": "63",
        "kd_dati2": "05",
        "kd_kecamatan": "8",
        "kd_kelurahan": "81",
        "nm_kelurahan": "Batung"
      },
      "geometry": {
        "type": "MultiPolygon",
        "coordinates": [
          [
            [
              [115.382622004, -2.88180002299993, 0],
              [115.383809633, -2.88223781299996, 0],
              [115.385221295, -2.88456400199993, 0],
              [115.386380895, -2.88545191699996, 0],
              [115.390857037, -2.88538039399998, 0],
              [115.391057867, -2.88537718399994, 0],
              [115.39262934, -2.88560550499994, 0],
              [115.394651076, -2.88705533899997, 0],
              [115.395550974, -2.88814183999995, 0],
              [115.39587956, -2.88854022099997, 0],
              [115.396810605, -2.88899545599998, 0],
              [115.397771621, -2.88946534599995, 0],
              [115.399450251, -2.88985659699995, 0],
              [115.403745666, -2.88990788999996, 0],
              [115.405561253, -2.89025410999994, 0],
              [115.407796815, -2.89117970799993, 0],
              [115.409810949, -2.89186081499997, 0],
              [115.410172027, -2.89194271499997, 0],
              [115.411855721, -2.89234300299995, 0],
              [115.412847562, -2.89241674699997, 0],
              [115.413862159, -2.89249956499998, 0],
              [115.415609326, -2.89213122999996, 0],
              [115.416250236, -2.89169803499993, 0],
              [115.417242069, -2.88995400599993, 0],
              [115.418002546, -2.88977291899994, 0],
              [115.418328176, -2.89027890099993, 0],
              [115.4203294, -2.89443528699997, 0],
              [115.42131928, -2.90185938199994, 0],
              [115.420899561, -2.90490234199996, 0],
              [115.420824339, -2.90544769499996, 0],
              [115.420700604, -2.90946907999995, 0],
              [115.419277653, -2.91330486199996, 0],
              [115.419295454, -2.91444413299996, 0],
              [115.41933952, -2.91726437999995, 0],
              [115.419582114, -2.91959934499994, 0],
              [115.41983446, -2.92202817399993, 0],
              [115.422216358, -2.92589489099993, 0],
              [115.426124934, -2.92851256399996, 0],
              [115.428959912, -2.93041121599993, 0],
              [115.431496476, -2.93133922699997, 0],
              [115.433763638, -2.93236586699993, 0],
              [115.434775452, -2.93282404699994, 0],
              [115.439357901, -2.93392070099998, 0],
              [115.440118356, -2.93286283199996, 0],
              [115.44147465, -2.93196339499997, 0],
              [115.441917228, -2.93187773499994, 0],
              [115.442888048, -2.93216326999993, 0],
              [115.443973083, -2.93266295699993, 0],
              [115.444686921, -2.93240597499994, 0],
              [115.445357929, -2.93252018899995, 0],
              [115.446300195, -2.93306270599993, 0],
              [115.447071142, -2.93303415299994, 0],
              [115.447884917, -2.93256301999998, 0],
              [115.449481535, -2.93187654499997, 0],
              [115.449976463, -2.93084861799997, 0],
              [115.450338141, -2.92818362199995, 0],
              [115.454031054, -2.93160141599998, 0],
              [115.45300812, -2.93821560399994, 0],
              [115.452427626, -2.94196901499993, 0],
              [115.452643457, -2.94339296099997, 0],
              [115.453868069, -2.95147233899996, 0],
              [115.453908021, -2.95173592299994, 0],
              [115.453935679, -2.95191839999995, 0],
              [115.454006181, -2.95209437699998, 0],
              [115.454051355, -2.95220713599997, 0],
              [115.454176982, -2.95252071199997, 0],
              [115.45418984, -2.95251285699993, 0],
              [115.454633966, -2.95340670999997, 0],
              [115.447642417, -2.95654736299997, 0],
              [115.446478991, -2.95706998199995, 0],
              [115.445915326, -2.95791774199995, 0],
              [115.442222222, -2.96347222199995, 0],
              [115.438919673, -2.96859856699996, 0],
              [115.4385, -2.96925, 0],
              [115.437790739, -2.97080924899996, 0],
              [115.435, -2.97694444399997, 0],
              [115.430423259, -2.97749676699993, 0],
              [115.428464565, -2.97773314299997, 0],
              [115.424774613, -2.97995177599995, 0],
              [115.424531038, -2.97966489899994, 0],
              [115.423319733, -2.97823825199993, 0],
              [115.416149945, -2.97024825099993, 0],
              [115.41023876, -2.96360170199995, 0],
              [115.408810458, -2.96203198499995, 0],
              [115.401090673, -2.95428625399995, 0],
              [115.40039621, -2.95358945299995, 0],
              [115.396309288, -2.94834292199994, 0],
              [115.388299868, -2.94032039199993, 0],
              [115.386186907, -2.93735082399996, 0],
              [115.385080863, -2.93258918599997, 0],
              [115.384653101, -2.93184189099998, 0],
              [115.382733358, -2.92848812299997, 0],
              [115.37866058, -2.92235067099995, 0],
              [115.376690798, -2.92026502199997, 0],
              [115.376356977, -2.91989292999995, 0],
              [115.376363582, -2.91988751799994, 0],
              [115.377934958, -2.91864739099998, 0],
              [115.379689945, -2.91754663199993, 0],
              [115.381246162, -2.91588488699995, 0],
              [115.381346315, -2.91565789899994, 0],
              [115.382039705, -2.91408638399997, 0],
              [115.382177106, -2.91369285499997, 0],
              [115.382734012, -2.91209782299995, 0],
              [115.383573189, -2.91002807699994, 0],
              [115.383855481, -2.90819265799996, 0],
              [115.384420043, -2.90631242699993, 0],
              [115.384479385, -2.90550946799993, 0],
              [115.38456506, -2.90435020099994, 0],
              [115.384438468, -2.90420339799994, 0],
              [115.383229871, -2.90280184799997, 0],
              [115.382837104, -2.90250468699998, 0],
              [115.381337697, -2.90137025899998, 0],
              [115.379392337, -2.90018276699993, 0],
              [115.377996424, -2.89931346099996, 0],
              [115.37734002, -2.89890468499993, 0],
              [115.376679052, -2.89817119599996, 0],
              [115.376164996, -2.89760073699995, 0],
              [115.376127513, -2.89752006099997, 0],
              [115.376073088, -2.89740292299996, 0],
              [115.375218973, -2.89556459899995, 0],
              [115.375356315, -2.89366567499997, 0],
              [115.37668868, -2.89140758799994, 0],
              [115.381386165, -2.88344617799993, 0],
              [115.382405821, -2.88172033199993, 0],
              [115.382622004, -2.88180002299993, 0]
            ]
          ]
        ]
      }
    },
    {
      "type": "Feature",
      "properties": {
        "kd_propinsi": "63",
        "kd_dati2": "05",
        "kd_kecamatan": "4",
        "kd_kelurahan": "41",
        "nm_kelurahan": "Marampiau Hilir"
      },
      "geometry": {
        "type": "MultiPolygon",
        "coordinates": [
          [
            [
              [114.990877863, -2.90639158099998, 0],
              [114.978535231, -2.92852319699995, 0],
              [114.974221088, -2.93617074299993, 0],
              [114.973621021, -2.92396776699997, 0],
              [114.974016463, -2.91095296999993, 0],
              [114.974438817, -2.89355910899997, 0],
              [114.971732181, -2.89156630999997, 0],
              [114.971137315, -2.89272629699997, 0],
              [114.970423477, -2.89314270299997, 0],
              [114.969620409, -2.89355910899997, 0],
              [114.9689958, -2.89448114999993, 0],
              [114.968638882, -2.89457037999995, 0],
              [114.968490165, -2.89361859599995, 0],
              [114.96890657, -2.89293449999997, 0],
              [114.968728112, -2.89222066199994, 0],
              [114.968549651, -2.89135810699997, 0],
              [114.966943516, -2.89180425599994, 0],
              [114.965626186, -2.88654891899995, 0],
              [114.965326375, -2.88550671499996, 0],
              [114.965426312, -2.88499275199996, 0],
              [114.964098572, -2.88425035999995, 0],
              [114.963199136, -2.88350796799995, 0],
              [114.96287077, -2.88296545099996, 0],
              [114.96225687, -2.88155205099997, 0],
              [114.961685798, -2.88030997199996, 0],
              [114.961314602, -2.87989594699997, 0],
              [114.960914854, -2.87971034799995, 0],
              [114.960672148, -2.87941053599997, 0],
              [114.960131647, -2.87861885499996, 0],
              [114.953698223, -2.86471611899998, 0],
              [114.953543906, -2.86438263799994, 0],
              [114.953513055, -2.86437156299996, 0],
              [114.953529398, -2.86435091899995, 0],
              [114.946901999, -2.85550839299998, 0],
              [114.944992346, -2.85351437999998, 0],
              [114.943569504, -2.84406828699997, 0],
              [114.938679408, -2.81160348599997, 0],
              [114.946230824, -2.80782777799993, 0],
              [114.947628183, -2.80689620499993, 0],
              [114.94880051, -2.80611465399994, 0],
              [114.966352202, -2.84090115099997, 0],
              [114.964224163, -2.84483802499995, 0],
              [114.963798554, -2.84845569299995, 0],
              [114.964543368, -2.85069013499998, 0],
              [114.972097911, -2.85505261699996, 0],
              [114.971140292, -2.85962790299993, 0],
              [114.970874288, -2.86202194799995, 0],
              [114.970767885, -2.86436279199995, 0],
              [114.971087092, -2.86808686199993, 0],
              [114.972779118, -2.87242267899995, 0],
              [114.972789524, -2.87244934399996, 0],
              [114.972866247, -2.87259371799996, 0],
              [114.976531394, -2.87949053599994, 0],
              [114.977610704, -2.88152150099995, 0],
              [114.979473679, -2.88502710099994, 0],
              [114.987632602, -2.90037986799996, 0],
              [114.990877863, -2.90639158099998, 0]
            ]
          ]
        ]
      }
    },
    {
      "type": "Feature",
      "properties": {
        "kd_propinsi": "63",
        "kd_dati2": "05",
        "kd_kecamatan": "6",
        "kd_kelurahan": "64",
        "nm_kelurahan": "Burakai"
      },
      "geometry": {
        "type": "MultiPolygon",
        "coordinates": [
          [
            [
              [115.160092141, -3.16507194899998, 0],
              [115.160139944, -3.16506957599995, 0],
              [115.160656712, -3.16526417299997, 0],
              [115.161265854, -3.16562585299994, 0],
              [115.16145621, -3.16598752999994, 0],
              [115.162541247, -3.16593042199997, 0],
              [115.163431165, -3.16610174399995, 0],
              [115.163488271, -3.16674895699993, 0],
              [115.163088521, -3.16749134999998, 0],
              [115.162384202, -3.16810049099996, 0],
              [115.16208695, -3.16854086599994, 0],
              [115.161870237, -3.16886191899994, 0],
              [115.161736987, -3.16973755999993, 0],
              [115.160632919, -3.17101295199996, 0],
              [115.160347383, -3.17122234499993, 0],
              [115.160518705, -3.17164112899997, 0],
              [115.16027124, -3.17198377199998, 0],
              [115.160157025, -3.17253580599993, 0],
              [115.159814384, -3.17320205599998, 0],
              [115.159582768, -3.17573656299993, 0],
              [115.159820713, -3.17645040099995, 0],
              [115.160416801, -3.17683454599995, 0],
              [115.16115916, -3.17731295499993, 0],
              [115.161394071, -3.17757135899996, 0],
              [115.161456591, -3.17764013099998, 0],
              [115.161484079, -3.17802495899997, 0],
              [115.161483033, -3.17803353699998, 0],
              [115.161485041, -3.17803839499993, 0],
              [115.161545821, -3.17888934699994, 0],
              [115.161188904, -3.17963292999997, 0],
              [115.161040186, -3.18082265999993, 0],
              [115.159969428, -3.18186367399994, 0],
              [115.159820711, -3.18251802599997, 0],
              [115.159679398, -3.18277821699996, 0],
              [115.159460155, -3.18318189599995, 0],
              [115.158657086, -3.18350907199994, 0],
              [115.158151452, -3.18389573499997, 0],
              [115.157616074, -3.18463931699995, 0],
              [115.157556587, -3.18520443699993, 0],
              [115.157259153, -3.18597776199994, 0],
              [115.156902234, -3.18633468199994, 0],
              [115.15676084, -3.18671846899997, 0],
              [115.149391819, -3.18557428999998, 0],
              [115.1490775, -3.18552548599996, 0],
              [115.148555556, -3.18544444399993, 0],
              [115.146111111, -3.18747222199994, 0],
              [115.145807448, -3.18915249099996, 0],
              [115.145694444, -3.18977777799995, 0],
              [115.145257133, -3.18990011799997, 0],
              [115.144327, -3.19016032699994, 0],
              [115.136579349, -3.19232776699994, 0],
              [115.131774675, -3.19367189699995, 0],
              [115.131947357, -3.19253222199995, 0],
              [115.132161509, -3.19162802699998, 0],
              [115.132209098, -3.19091418899996, 0],
              [115.132566017, -3.19053347399995, 0],
              [115.132708786, -3.19008137599997, 0],
              [115.132518429, -3.18972445799994, 0],
              [115.132304278, -3.18901061999998, 0],
              [115.13242325, -3.18848713699993, 0],
              [115.132447043, -3.18798745099997, 0],
              [115.133250113, -3.18673823399996, 0],
              [115.133012166, -3.18638131499995, 0],
              [115.133309598, -3.18566747699992, 0],
              [115.133517801, -3.18504286899997, 0],
              [115.133666519, -3.18415056999993, 0],
              [115.133648264, -3.18373075299996, 0],
              [115.133636774, -3.18346647599998, 0],
              [115.133647915, -3.18344196699997, 0],
              [115.133785492, -3.18313930099993, 0],
              [115.134558815, -3.18194956899993, 0],
              [115.135034708, -3.18120598699994, 0],
              [115.135272656, -3.18049214999996, 0],
              [115.136730074, -3.17861832399996, 0],
              [115.137295198, -3.17763679499996, 0],
              [115.137592629, -3.17653629599994, 0],
              [115.137671505, -3.17604332699995, 0],
              [115.137711603, -3.17579271399995, 0],
              [115.137772634, -3.17567064799994, 0],
              [115.137949548, -3.17531682099997, 0],
              [115.138752616, -3.17466247099998, 0],
              [115.139228508, -3.17388914599997, 0],
              [115.13925825, -3.17323479299995, 0],
              [115.139139277, -3.17252095499993, 0],
              [115.139228508, -3.17171788699994, 0],
              [115.139496197, -3.17115276399994, 0],
              [115.14158132, -3.16867550799998, 0],
              [115.143579711, -3.16728058499996, 0],
              [115.146620254, -3.16638789399997, 0],
              [115.147814745, -3.16591200199997, 0],
              [115.148423885, -3.16555032299993, 0],
              [115.149052064, -3.16551225199993, 0],
              [115.149489883, -3.16585489599993, 0],
              [115.150289382, -3.16602621599998, 0],
              [115.150670098, -3.16564550299995, 0],
              [115.150422633, -3.16326604099993, 0],
              [115.150765276, -3.16282821999994, 0],
              [115.151222131, -3.16261882799995, 0],
              [115.151488632, -3.16269496999996, 0],
              [115.151926451, -3.16296147099996, 0],
              [115.152269095, -3.16341832599994, 0],
              [115.152973414, -3.16372289799995, 0],
              [115.153639664, -3.16400843399993, 0],
              [115.153944234, -3.16425589699998, 0],
              [115.154115558, -3.16457950299997, 0],
              [115.154210736, -3.16499828899993, 0],
              [115.154610483, -3.16480793199997, 0],
              [115.155276734, -3.16480793199997, 0],
              [115.155708664, -3.16462280999997, 0],
              [115.155937091, -3.16477985399996, 0],
              [115.156393948, -3.16500828399995, 0],
              [115.157207724, -3.16513677299997, 0],
              [115.157664579, -3.16505111299995, 0],
              [115.158007222, -3.16480840799994, 0],
              [115.158406972, -3.16485123899997, 0],
              [115.158635399, -3.16520815699994, 0],
              [115.15880672, -3.16546513799995, 0],
              [115.159006595, -3.16539375599996, 0],
              [115.159235023, -3.16517960399995, 0],
              [115.15964905, -3.16509394299993, 0],
              [115.160092141, -3.16507194899998, 0]
            ]
          ]
        ]
      }
    },
    {
      "type": "Feature",
      "properties": {
        "kd_propinsi": "63",
        "kd_dati2": "05",
        "kd_kecamatan": "5",
        "kd_kelurahan": "50",
        "nm_kelurahan": "Buas-buas Hilir"
      },
      "geometry": {
        "type": "MultiPolygon",
        "coordinates": [
          [
            [
              [114.951939985, -2.78713976999995, 0],
              [114.951554018, -2.78784557599994, 0],
              [114.951419825, -2.78807781699993, 0],
              [114.951285633, -2.78831005699993, 0],
              [114.95116449, -2.78851259699997, 0],
              [114.951045373, -2.78870746999996, 0],
              [114.950908708, -2.78892937499995, 0],
              [114.95074135, -2.78916902099996, 0],
              [114.950627012, -2.78933166499996, 0],
              [114.95049161, -2.78951864899995, 0],
              [114.950356209, -2.78970563299993, 0],
              [114.950237613, -2.78986183699993, 0],
              [114.950230749, -2.78987087999997, 0],
              [114.948192525, -2.79196258299993, 0],
              [114.948150332, -2.79194518899993, 0],
              [114.931464819, -2.78506644499993, 0],
              [114.921413976, -2.78004102399996, 0],
              [114.920043406, -2.77907020399994, 0],
              [114.91822627, -2.77856531399993, 0],
              [114.86638656, -2.76416168999998, 0],
              [114.805835988, -2.74358334899995, 0],
              [114.805425634, -2.74344387899993, 0],
              [114.804983559, -2.74329362799995, 0],
              [114.804527171, -2.74313851099993, 0],
              [114.804373047, -2.74314326899997, 0],
              [114.804352812, -2.74257939299997, 0],
              [114.804342225, -2.74228438099993, 0],
              [114.804386328, -2.74210242099997, 0],
              [114.804540473, -2.74146644299998, 0],
              [114.804614857, -2.74115954499996, 0],
              [114.805241207, -2.73857532899996, 0],
              [114.805729948, -2.73655886499995, 0],
              [114.80672223, -2.73246487399996, 0],
              [114.807376374, -2.72976598399993, 0],
              [114.80792159, -2.72751651099998, 0],
              [114.808175992, -2.72646688999993, 0],
              [114.808348587, -2.72575479299997, 0],
              [114.809370484, -2.72153861299995, 0],
              [114.810363117, -2.71744317299994, 0],
              [114.810490681, -2.71695078699997, 0],
              [114.811289075, -2.71386905699995, 0],
              [114.813595983, -2.70496460099997, 0],
              [114.81475328, -2.70049754099995, 0],
              [114.815320115, -2.69830960799993, 0],
              [114.815320429, -2.69830968899993, 0],
              [114.815472017, -2.69836637499998, 0],
              [114.815699315, -2.69845137299996, 0],
              [114.815847814, -2.69851857299994, 0],
              [114.815994334, -2.69859249599995, 0],
              [114.81667437, -2.69893559199994, 0],
              [114.863271196, -2.72244398999993, 0],
              [114.902743444, -2.74235800699995, 0],
              [114.90314223, -2.74267595399994, 0],
              [114.906294719, -2.74518938599994, 0],
              [114.909536735, -2.74762833299997, 0],
              [114.917863658, -2.75265494399997, 0],
              [114.919406739, -2.75355645599996, 0],
              [114.923068729, -2.75569589599996, 0],
              [114.927381503, -2.75849176099996, 0],
              [114.929998909, -2.76039533099993, 0],
              [114.931645285, -2.76157701499994, 0],
              [114.931986324, -2.76184984599996, 0],
              [114.933448059, -2.76301923499995, 0],
              [114.935679874, -2.76435118499995, 0],
              [114.937595531, -2.76473054599995, 0],
              [114.93813841, -2.76629750699993, 0],
              [114.938274463, -2.76669020699995, 0],
              [114.939030501, -2.76855570999993, 0],
              [114.939164174, -2.76886125199997, 0],
              [114.939660316, -2.76999530199993, 0],
              [114.940442102, -2.77138991199996, 0],
              [114.940549543, -2.77160845199995, 0],
              [114.940613738, -2.77168767599994, 0],
              [114.940716253, -2.77183639999993, 0],
              [114.940818769, -2.77198512299998, 0],
              [114.940932983, -2.77214877099993, 0],
              [114.941290074, -2.77270079999994, 0],
              [114.941442033, -2.77293571799993, 0],
              [114.941696114, -2.77324896099998, 0],
              [114.941762857, -2.77333124499995, 0],
              [114.942090764, -2.77373550399994, 0],
              [114.942407786, -2.77412634599995, 0],
              [114.942572068, -2.77432140899998, 0],
              [114.942805845, -2.77456121799997, 0],
              [114.942987105, -2.77471373899994, 0],
              [114.943168319, -2.77484627299998, 0],
              [114.94334953, -2.77497880799996, 0],
              [114.943628948, -2.77514734499994, 0],
              [114.943898265, -2.77529281499994, 0],
              [114.943958235, -2.77531308499994, 0],
              [114.944262243, -2.77541690899994, 0],
              [114.944384525, -2.77545747899995, 0],
              [114.944447489, -2.77547836799994, 0],
              [114.945676482, -2.77577478599994, 0],
              [114.947149876, -2.77586562699997, 0],
              [114.948399672, -2.77592375099994, 0],
              [114.948621383, -2.77593105299997, 0],
              [114.94885753, -2.77594429799996, 0],
              [114.949093676, -2.77595754199996, 0],
              [114.949329821, -2.77597078699995, 0],
              [114.949565967, -2.77598403099995, 0],
              [114.949618237, -2.77599316199996, 0],
              [114.949806666, -2.77602356199998, 0],
              [114.950745481, -2.77623293999994, 0],
              [114.952023794, -2.77683490199996, 0],
              [114.952887346, -2.77765267499996, 0],
              [114.953482684, -2.77885498899997, 0],
              [114.95375248, -2.78032882399998, 0],
              [114.953680658, -2.78180511799997, 0],
              [114.953650441, -2.78208624799993, 0],
              [114.953647884, -2.78211218699994, 0],
              [114.953613888, -2.78231732999996, 0],
              [114.953579891, -2.78252247499995, 0],
              [114.95353001, -2.78274334799994, 0],
              [114.953476864, -2.78299181299997, 0],
              [114.953467812, -2.78304077899998, 0],
              [114.953438609, -2.78316882599995, 0],
              [114.953068284, -2.78456048199996, 0],
              [114.953020446, -2.78468796899995, 0],
              [114.952997321, -2.78474104999998, 0],
              [114.952992327, -2.78475375799997, 0],
              [114.952831932, -2.78516188699996, 0],
              [114.952798407, -2.78524719799998, 0],
              [114.952787853, -2.78527870599993, 0],
              [114.952706825, -2.78548022699994, 0],
              [114.952664313, -2.78562825499995, 0],
              [114.952559185, -2.78593060299994, 0],
              [114.952503554, -2.78605295999995, 0],
              [114.952364453, -2.78633544299993, 0],
              [114.952225353, -2.78661792599996, 0],
              [114.951939985, -2.78713976999995, 0]
            ]
          ]
        ]
      }
    },
    {
      "type": "Feature",
      "properties": {
        "kd_propinsi": "63",
        "kd_dati2": "05",
        "kd_kecamatan": "7",
        "kd_kelurahan": "74",
        "nm_kelurahan": "Budi Mulya"
      },
      "geometry": {
        "type": "MultiPolygon",
        "coordinates": [
          [
            [
              [115.253525961, -2.90498255699993, 0],
              [115.255638889, -2.90844444399994, 0],
              [115.256186134, -2.90938031299993, 0],
              [115.257555556, -2.91172222199998, 0],
              [115.259611111, -2.91516666699994, 0],
              [115.261278835, -2.91796134899994, 0],
              [115.2617244, -2.91870800199996, 0],
              [115.263619282, -2.92059187099994, 0],
              [115.265996857, -2.93028053699993, 0],
              [115.280877335, -2.92771643999993, 0],
              [115.281636379, -2.92758564699994, 0],
              [115.282495027, -2.92972004399996, 0],
              [115.282508489, -2.92975350699993, 0],
              [115.281137612, -2.93155729299997, 0],
              [115.279766608, -2.93232189299994, 0],
              [115.277632993, -2.93351179199993, 0],
              [115.276454027, -2.93463030099997, 0],
              [115.275244687, -2.93577762199993, 0],
              [115.275244645, -2.93577765999993, 0],
              [115.275004526, -2.93600546499994, 0],
              [115.273935321, -2.93705285199997, 0],
              [115.271702096, -2.93924049899994, 0],
              [115.269169049, -2.94256716499996, 0],
              [115.263111864, -2.94270912999997, 0],
              [115.262694746, -2.94271890599993, 0],
              [115.262138361, -2.94221310299997, 0],
              [115.260873849, -2.94150497499993, 0],
              [115.260260731, -2.94143530199995, 0],
              [115.259545583, -2.94135403499996, 0],
              [115.258648307, -2.94125207199994, 0],
              [115.256722432, -2.94125207199994, 0],
              [115.255967542, -2.94125207199994, 0],
              [115.255418593, -2.94128519799995, 0],
              [115.253888356, -2.94137753999996, 0],
              [115.252968855, -2.94033756699997, 0],
              [115.249986895, -2.93695807699993, 0],
              [115.246650868, -2.93317384699998, 0],
              [115.243740298, -2.92986562699997, 0],
              [115.241547036, -2.92738087499993, 0],
              [115.237863925, -2.92320500199998, 0],
              [115.234594169, -2.92084359299997, 0],
              [115.231874334, -2.91888885099996, 0],
              [115.230606827, -2.91745565699995, 0],
              [115.229642084, -2.91636325299993, 0],
              [115.228900356, -2.91552203199996, 0],
              [115.228080205, -2.91458886199996, 0],
              [115.227386732, -2.91380091999997, 0],
              [115.22682788, -2.91316726999997, 0],
              [115.226218878, -2.91247675799997, 0],
              [115.224702842, -2.91076741899997, 0],
              [115.223844029, -2.90913539999997, 0],
              [115.223321288, -2.90814335899995, 0],
              [115.222707, -2.90697758799996, 0],
              [115.222115359, -2.90585479399994, 0],
              [115.221407511, -2.90451647999993, 0],
              [115.220741261, -2.90325681899998, 0],
              [115.220354513, -2.90252818399995, 0],
              [115.219851911, -2.90154688999996, 0],
              [115.218397989, -2.89861394199994, 0],
              [115.220581393, -2.89809052299995, 0],
              [115.22277975, -2.89711845999995, 0],
              [115.223273259, -2.89590711999995, 0],
              [115.226346474, -2.89592955199993, 0],
              [115.228465708, -2.89382498599997, 0],
              [115.228263195, -2.89279635999998, 0],
              [115.228746794, -2.89268455699994, 0],
              [115.229115611, -2.89250609699997, 0],
              [115.229520119, -2.89247040599997, 0],
              [115.230091189, -2.89286301599998, 0],
              [115.230460006, -2.89307716799993, 0],
              [115.230888308, -2.89332701099994, 0],
              [115.231197638, -2.89345788199995, 0],
              [115.232149422, -2.89357685499994, 0],
              [115.232625316, -2.89387428699996, 0],
              [115.233113104, -2.89404084999995, 0],
              [115.233553305, -2.89430258999994, 0],
              [115.234076786, -2.89465950999994, 0],
              [115.234540782, -2.89494504499993, 0],
              [115.23525462, -2.89512350399997, 0],
              [115.236027945, -2.89518299099996, 0],
              [115.236242097, -2.89561129399993, 0],
              [115.236480042, -2.89614667299998, 0],
              [115.23706301, -2.89695568899998, 0],
              [115.237741156, -2.89726501899997, 0],
              [115.237931514, -2.89768142499997, 0],
              [115.238157561, -2.89815731699997, 0],
              [115.238371715, -2.89854992799997, 0],
              [115.238823811, -2.89865700399997, 0],
              [115.239216423, -2.89882356599998, 0],
              [115.239989746, -2.89934704899997, 0],
              [115.240275283, -2.89965637799998, 0],
              [115.240560817, -2.89990621999993, 0],
              [115.24085825, -2.90015606399993, 0],
              [115.241238965, -2.90052487999998, 0],
              [115.241512602, -2.90075092999996, 0],
              [115.241869522, -2.90103646499995, 0],
              [115.24204798, -2.90133389699997, 0],
              [115.242321619, -2.90169081699997, 0],
              [115.242500079, -2.90240465499994, 0],
              [115.242785613, -2.90290434199994, 0],
              [115.243059251, -2.90353489899997, 0],
              [115.243320992, -2.90421304499995, 0],
              [115.243370237, -2.90469676599997, 0],
              [115.247701776, -2.90773249999995, 0],
              [115.24951895, -2.90702665599997, 0],
              [115.250732903, -2.90655859599997, 0],
              [115.252199657, -2.90572760199996, 0],
              [115.253525961, -2.90498255699993, 0]
            ]
          ]
        ]
      }
    },
    {
      "type": "Feature",
      "properties": {
        "kd_propinsi": "63",
        "kd_dati2": "05",
        "kd_kecamatan": "3",
        "kd_kelurahan": "28",
        "nm_kelurahan": "Hangui"
      },
      "geometry": {
        "type": "MultiPolygon",
        "coordinates": [
          [
            [
              [115.276737336, -2.98518276999994, 0],
              [115.278801537, -2.98636777399997, 0],
              [115.280479823, -2.98733123399995, 0],
              [115.281380791, -2.98864803499993, 0],
              [115.282034449, -2.99099030699995, 0],
              [115.282219479, -2.99165332799993, 0],
              [115.282906207, -2.99411410999994, 0],
              [115.282893288, -2.99449523299995, 0],
              [115.282861111, -2.99544444399993, 0],
              [115.278025688, -2.99778245099998, 0],
              [115.277805556, -2.99788888899997, 0],
              [115.277894686, -2.99799361599997, 0],
              [115.280027778, -3.0005, 0],
              [115.276345652, -3.00279535199996, 0],
              [115.274643008, -3.00385673999995, 0],
              [115.27428529, -3.00407973299997, 0],
              [115.273611111, -3.0045, 0],
              [115.271277778, -3.00477777799995, 0],
              [115.266333333, -3.00930555599996, 0],
              [115.266502343, -3.00950388399997, 0],
              [115.265997831, -3.00950560899997, 0],
              [115.26133414, -3.00951060399996, 0],
              [115.257717386, -3.00951405999996, 0],
              [115.254462783, -3.00951716599997, 0],
              [115.25383823, -3.01078079699994, 0],
              [115.253344397, -3.01137630199997, 0],
              [115.252371256, -3.01123105699998, 0],
              [115.249647914, -3.00781053799994, 0],
              [115.248304398, -3.00486932799993, 0],
              [115.248324246, -3.00278025299997, 0],
              [115.248362496, -2.99875451699995, 0],
              [115.248144136, -2.99875451699995, 0],
              [115.246954405, -2.99875451699995, 0],
              [115.245812264, -2.99875451699995, 0],
              [115.245526728, -2.99898730599995, 0],
              [115.245288783, -2.99903489499997, 0],
              [115.244624238, -2.99892260499996, 0],
              [115.240694558, -2.99404706899998, 0],
              [115.25124033, -2.98458157299996, 0],
              [115.25415279, -2.98058407899993, 0],
              [115.255923109, -2.97944193699993, 0],
              [115.259692175, -2.97561576399994, 0],
              [115.260034817, -2.97395965899995, 0],
              [115.260519895, -2.97263850999997, 0],
              [115.261648581, -2.97330244399996, 0],
              [115.264054466, -2.97471766899997, 0],
              [115.264942277, -2.97638884399993, 0],
              [115.265232656, -2.97693543799994, 0],
              [115.265313231, -2.97698915499996, 0],
              [115.266249395, -2.97761326599994, 0],
              [115.266688067, -2.97790571299993, 0],
              [115.269029724, -2.97866745799996, 0],
              [115.27071017, -2.97921410899994, 0],
              [115.272440407, -2.97977695599997, 0],
              [115.27299485, -2.98088584099997, 0],
              [115.272717629, -2.98234125199997, 0],
              [115.272786935, -2.98414318999994, 0],
              [115.274727482, -2.98518276999994, 0],
              [115.276737336, -2.98518276999994, 0]
            ]
          ]
        ]
      }
    },
    {
      "type": "Feature",
      "properties": {
        "kd_propinsi": "63",
        "kd_dati2": "05",
        "kd_kecamatan": "10",
        "kd_kelurahan": "93",
        "nm_kelurahan": "Harapan Masa"
      },
      "geometry": {
        "type": "MultiPolygon",
        "coordinates": [
          [
            [
              [115.13520644, -2.97625303599995, 0],
              [115.135547132, -2.97781305199993, 0],
              [115.136194655, -2.97878433499994, 0],
              [115.138525734, -2.98001462499997, 0],
              [115.139497015, -2.98020888199994, 0],
              [115.141051068, -2.98124491699997, 0],
              [115.142540368, -2.98338173799994, 0],
              [115.145454214, -2.98422351599993, 0],
              [115.146432449, -2.98478421199997, 0],
              [115.14816098, -2.98577495699993, 0],
              [115.150763892, -2.98726686799995, 0],
              [115.152058936, -2.98856191199997, 0],
              [115.152967813, -2.98887738999997, 0],
              [115.154788672, -2.98950942499994, 0],
              [115.157802517, -2.99055555199993, 0],
              [115.159893947, -2.99128150299993, 0],
              [115.161266986, -2.99040888499997, 0],
              [115.162661087, -2.98952287899994, 0],
              [115.164137573, -2.99209533599998, 0],
              [115.1653113, -2.99413375699993, 0],
              [115.165582806, -2.99462008599994, 0],
              [115.165508742, -2.99475261899994, 0],
              [115.168748177, -2.99527403299993, 0],
              [115.170595284, -2.99699375499995, 0],
              [115.170911107, -2.99740384899997, 0],
              [115.171160951, -2.99782322999994, 0],
              [115.171720916, -2.99870323399995, 0],
              [115.172323346, -2.99959039199996, 0],
              [115.172625113, -3.00003478099995, 0],
              [115.173360364, -3.00126258199992, 0],
              [115.174081343, -3.00235475399995, 0],
              [115.175544711, -3.00396089099996, 0],
              [115.177474161, -3.00588311699994, 0],
              [115.181021681, -3.00825425899996, 0],
              [115.183722745, -3.01005962999994, 0],
              [115.188125893, -3.01193744299997, 0],
              [115.189133991, -3.01253719699997, 0],
              [115.190444858, -3.01331707999998, 0],
              [115.191540203, -3.01396874199998, 0],
              [115.187355113, -3.01785184799996, 0],
              [115.17871259, -3.01171289599995, 0],
              [115.176516274, -3.01135786099997, 0],
              [115.175869062, -3.01145303999994, 0],
              [115.174917276, -3.01154821799997, 0],
              [115.174022599, -3.01202410999997, 0],
              [115.173565742, -3.01152918199995, 0],
              [115.173413458, -3.01118653999993, 0],
              [115.173013707, -3.01072968399996, 0],
              [115.171757352, -3.01025379099997, 0],
              [115.170900746, -3.01015861299993, 0],
              [115.170244809, -3.00911085699994, 0],
              [115.169768916, -3.00826376899994, 0],
              [115.169245434, -3.00745475199994, 0],
              [115.169178618, -3.00740164199993, 0],
              [115.168874238, -3.00715969899994, 0],
              [115.168617257, -3.00698837799996, 0],
              [115.168417383, -3.00679802099995, 0],
              [115.168312686, -3.00646489599995, 0],
              [115.168303168, -3.00613177199995, 0],
              [115.168407864, -3.00565587899996, 0],
              [115.16856015, -3.00532275599994, 0],
              [115.168445936, -3.00494204099994, 0],
              [115.168141366, -3.00482782699993, 0],
              [115.168027151, -3.00461843399995, 0],
              [115.168046187, -3.00439000599994, 0],
              [115.168207989, -3.00406639999994, 0],
              [115.168141366, -3.00393314999997, 0],
              [115.167239131, -3.00356307299995, 0],
              [115.167264424, -3.00338095599994, 0],
              [115.167313312, -3.00302895599998, 0],
              [115.167303795, -3.00275293699997, 0],
              [115.167285046, -3.00264044199997, 0],
              [115.167284759, -3.00263872299996, 0],
              [115.167332348, -3.00240077699993, 0],
              [115.166989705, -3.00235318799997, 0],
              [115.166875492, -3.00225800899995, 0],
              [115.166807408, -3.00227843399995, 0],
              [115.166685135, -3.00231511599998, 0],
              [115.16648526, -3.00229608099994, 0],
              [115.166285385, -3.00208668799996, 0],
              [115.166104547, -3.00182970599997, 0],
              [115.165904672, -3.00175356299997, 0],
              [115.166004799, -3.00167012299994, 0],
              [115.166133099, -3.00156320699995, 0],
              [115.166209242, -3.00133477799994, 0],
              [115.16599985, -3.00121104599998, 0],
              [115.165647689, -3.00120152799997, 0],
              [115.165245826, -3.00109488599998, 0],
              [115.16462928, -3.00130622499995, 0],
              [115.163999936, -3.00150315299993, 0],
              [115.163277436, -3.00101239899993, 0],
              [115.162214134, -3.00080791699998, 0],
              [115.160674318, -3.00063583099995, 0],
              [115.160531551, -3.00027891199994, 0],
              [115.160131801, -3.00002193099994, 0],
              [115.159046767, -3.00022180499997, 0],
              [115.158061671, -3.00015042099994, 0],
              [115.157190789, -2.99975067199995, 0],
              [115.15691953, -2.99913677199993, 0],
              [115.15681083, -2.99845351299996, 0],
              [115.156719654, -2.99788041599993, 0],
              [115.156791038, -2.99728079099998, 0],
              [115.156405565, -2.99636707799994, 0],
              [115.15567745, -2.99559613299994, 0],
              [115.155063549, -2.99549619599998, 0],
              [115.154035622, -2.99543908899994, 0],
              [115.14932744, -2.99294788499998, 0],
              [115.147339819, -2.99182706699997, 0],
              [115.142885468, -2.98961416799995, 0],
              [115.137740121, -2.98688064299995, 0],
              [115.136504032, -2.98637656499994, 0],
              [115.12530166, -2.98054746999998, 0],
              [115.124563787, -2.98017022399995, 0],
              [115.128027286, -2.97698259099997, 0],
              [115.131406119, -2.97371321199995, 0],
              [115.131482262, -2.97362755099994, 0],
              [115.13520644, -2.97625303599995, 0]
            ]
          ]
        ]
      }
    },
    {
      "type": "Feature",
      "properties": {
        "kd_propinsi": "63",
        "kd_dati2": "05",
        "kd_kecamatan": "12",
        "kd_kelurahan": "121",
        "nm_kelurahan": "Antasari"
      },
      "geometry": {
        "type": "MultiPolygon",
        "coordinates": [
          [
            [
              [115.142658355, -2.93590398299995, 0],
              [115.142545041, -2.93637423799993, 0],
              [115.142481511, -2.93658899499997, 0],
              [115.142240418, -2.93740397499994, 0],
              [115.142066615, -2.93799640099996, 0],
              [115.141948878, -2.93887289199995, 0],
              [115.141846091, -2.93971200599998, 0],
              [115.141665388, -2.94004004199996, 0],
              [115.141309731, -2.94068567799997, 0],
              [115.140601436, -2.94119587399996, 0],
              [115.140391984, -2.94127223899994, 0],
              [115.140031662, -2.94140361099994, 0],
              [115.139092793, -2.94174591899997, 0],
              [115.139007306, -2.94177708699993, 0],
              [115.137659865, -2.94215646399994, 0],
              [115.136506783, -2.94237885699994, 0],
              [115.135744097, -2.94251584399996, 0],
              [115.135580966, -2.94249771899996, 0],
              [115.135359142, -2.94229363999995, 0],
              [115.13562533, -2.94172576999995, 0],
              [115.13571406, -2.94124662899998, 0],
              [115.13571406, -2.94053679199993, 0],
              [115.135607585, -2.93991568399997, 0],
              [115.13541238, -2.93908162499997, 0],
              [115.135075207, -2.93835404199996, 0],
              [115.134702541, -2.93778616999992, 0],
              [115.134019323, -2.93692549199994, 0],
              [115.13392775, -2.93639197999994, 0],
              [115.133611166, -2.93454753599997, 0],
              [115.133132025, -2.93312785999996, 0],
              [115.132706123, -2.93218732499997, 0],
              [115.132262622, -2.93121716599995, 0],
              [115.131854317, -2.93032400099997, 0],
              [115.13167028, -2.92957111999994, 0],
              [115.131659112, -2.92952543399997, 0],
              [115.131676301, -2.92919883799993, 0],
              [115.132554167, -2.92873596299995, 0],
              [115.133687075, -2.92813861199994, 0],
              [115.135479888, -2.92719331099994, 0],
              [115.137155446, -2.92630983499993, 0],
              [115.137405965, -2.92608715099993, 0],
              [115.137828307, -2.92571173599993, 0],
              [115.138319523, -2.92527509899998, 0],
              [115.13847406, -2.92513773199994, 0],
              [115.139148138, -2.92311549799996, 0],
              [115.139213792, -2.92330037899995, 0],
              [115.13928167, -2.92349151399998, 0],
              [115.139339945, -2.92365561399993, 0],
              [115.139656689, -2.92454755099993, 0],
              [115.139757878, -2.92483257699996, 0],
              [115.140234457, -2.92617499599993, 0],
              [115.140804027, -2.92776441999996, 0],
              [115.141012601, -2.92877610599993, 0],
              [115.141059288, -2.92900255999996, 0],
              [115.141305484, -2.93017628899997, 0],
              [115.141383402, -2.93039882099993, 0],
              [115.141544047, -2.93085762299995, 0],
              [115.141793679, -2.93159138899995, 0],
              [115.141846354, -2.93174622199996, 0],
              [115.141977753, -2.93199287999994, 0],
              [115.142368521, -2.93272642799997, 0],
              [115.142455875, -2.93289285499998, 0],
              [115.142521759, -2.93341781399994, 0],
              [115.142658355, -2.93590398299995, 0]
            ]
          ]
        ]
      }
    },
    {
      "type": "Feature",
      "properties": {
        "kd_propinsi": "63",
        "kd_dati2": "05",
        "kd_kecamatan": "6",
        "kd_kelurahan": "61",
        "nm_kelurahan": "Asam Randah"
      },
      "geometry": {
        "type": "MultiPolygon",
        "coordinates": [
          [
            [
              [115.226145312, -3.13266422899994, 0],
              [115.226091979, -3.13275327799994, 0],
              [115.225901729, -3.13298571199994, 0],
              [115.221030031, -3.13893751899997, 0],
              [115.214391335, -3.14550483199997, 0],
              [115.214258087, -3.14568091199993, 0],
              [115.214115317, -3.14576419299993, 0],
              [115.213901166, -3.14587126899994, 0],
              [115.213687014, -3.14600213899996, 0],
              [115.213294404, -3.14597834399996, 0],
              [115.21309215, -3.14593075599993, 0],
              [115.212854203, -3.14595454999994, 0],
              [115.212663848, -3.14612111199995, 0],
              [115.212497284, -3.14632336699998, 0],
              [115.212390208, -3.14650182599996, 0],
              [115.212021393, -3.14670407999995, 0],
              [115.211507007, -3.14687909599996, 0],
              [115.210832888, -3.14696976199997, 0],
              [115.210736484, -3.14728704799995, 0],
              [115.210688894, -3.14742981599994, 0],
              [115.210581818, -3.14760827599997, 0],
              [115.210486639, -3.14772724899996, 0],
              [115.210296282, -3.14782242699994, 0],
              [115.209820392, -3.14791760499998, 0],
              [115.209534855, -3.14791760599997, 0],
              [115.209261218, -3.14813175699993, 0],
              [115.208928093, -3.14842918999995, 0],
              [115.20849979, -3.14853626499996, 0],
              [115.208273741, -3.14845298399996, 0],
              [115.20814287, -3.14836970299996, 0],
              [115.207607492, -3.14845298399996, 0],
              [115.207524211, -3.14850057399997, 0],
              [115.206869858, -3.14863144299994, 0],
              [115.206703298, -3.14861954599996, 0],
              [115.206179816, -3.14873851899995, 0],
              [115.20571582, -3.14897646599997, 0],
              [115.205489772, -3.14904784899994, 0],
              [115.205228032, -3.14903595199996, 0],
              [115.204883009, -3.14890508099995, 0],
              [115.204668857, -3.14890508099995, 0],
              [115.204383323, -3.14885749199993, 0],
              [115.203931225, -3.14865523799995, 0],
              [115.203467229, -3.14860764899993, 0],
              [115.203276872, -3.14867903299995, 0],
              [115.203110311, -3.14864334099997, 0],
              [115.202919954, -3.14850057299998, 0],
              [115.202506576, -3.14808960699997, 0],
              [115.199464357, -3.14849876999995, 0],
              [115.199354901, -3.14857491399994, 0],
              [115.199069367, -3.14874623399993, 0],
              [115.198769554, -3.14870340299996, 0],
              [115.198298421, -3.14886044799994, 0],
              [115.197670243, -3.14884617199994, 0],
              [115.196899298, -3.14884617199994, 0],
              [115.196481702, -3.14898180099993, 0],
              [115.196224721, -3.14908173799995, 0],
              [115.195639374, -3.14916739899996, 0],
              [115.194854151, -3.14912456899998, 0],
              [115.194440124, -3.14901035399993, 0],
              [115.194026099, -3.14935299699994, 0],
              [115.193740564, -3.14985268299995, 0],
              [115.193412198, -3.14980985399996, 0],
              [115.192726914, -3.14968136199997, 0],
              [115.192098735, -3.14939582699998, 0],
              [115.191884013, -3.14906339499993, 0],
              [115.191835712, -3.14878571199995, 0],
              [115.191714358, -3.14702966999994, 0],
              [115.191685784, -3.14655486799995, 0],
              [115.191457356, -3.14582675399993, 0],
              [115.191371696, -3.14565543199996, 0],
              [115.191286035, -3.14546983399993, 0],
              [115.191314589, -3.14529851199995, 0],
              [115.191308669, -3.14528911099995, 0],
              [115.19149067, -3.14495111199994, 0],
              [115.191661991, -3.14439431699998, 0],
              [115.19170482, -3.14399456799993, 0],
              [115.19174765, -3.14362337199998, 0],
              [115.191630719, -3.14341549499994, 0],
              [115.191619159, -3.14339494399997, 0],
              [115.191405008, -3.14325217599998, 0],
              [115.191376454, -3.14296664099993, 0],
              [115.191419285, -3.14270965899993, 0],
              [115.191604883, -3.14248123099998, 0],
              [115.192228302, -3.14211360399997, 0],
              [115.192228303, -3.14182806799994, 0],
              [115.192323481, -3.14147114999997, 0],
              [115.192316214, -3.14131858299993, 0],
              [115.192299686, -3.14097146299997, 0],
              [115.19261085, -3.14052400199995, 0],
              [115.192626719, -3.14052021899994, 0],
              [115.192657213, -3.14042162299995, 0],
              [115.192793722, -3.13998023899995, 0],
              [115.192984078, -3.13965663199997, 0],
              [115.19302215, -3.13946627499996, 0],
              [115.193117328, -3.13925688299997, 0],
              [115.193163657, -3.13920699099998, 0],
              [115.193364792, -3.13899038299996, 0],
              [115.193631291, -3.13794342099993, 0],
              [115.193764542, -3.13735331399994, 0],
              [115.193773834, -3.13732496999995, 0],
              [115.193781461, -3.13730171099996, 0],
              [115.194145255, -3.13619213699997, 0],
              [115.194335612, -3.13554492299994, 0],
              [115.194347308, -3.13519407699994, 0],
              [115.194354647, -3.13497385299996, 0],
              [115.194259469, -3.13449796099997, 0],
              [115.194259469, -3.13447746199995, 0],
              [115.194259468, -3.13407917499995, 0],
              [115.194416513, -3.13336890699998, 0],
              [115.194267797, -3.13313095999996, 0],
              [115.194178567, -3.13274429799998, 0],
              [115.194208311, -3.13206020299998, 0],
              [115.194357028, -3.13146533899993, 0],
              [115.194743689, -3.13110841799994, 0],
              [115.195320839, -3.13073739399994, 0],
              [115.195576501, -3.13057303999995, 0],
              [115.19595505, -3.13025426199994, 0],
              [115.196141623, -3.13009714799995, 0],
              [115.196230569, -3.12997262399995, 0],
              [115.201083333, -3.12913888899993, 0],
              [115.204777778, -3.12766666699997, 0],
              [115.207916667, -3.12633333299993, 0],
              [115.211063859, -3.12551555899995, 0],
              [115.211444444, -3.12541666699997, 0],
              [115.21751688, -3.12680529799997, 0],
              [115.21771446, -3.12685047999997, 0],
              [115.218324009, -3.12698986999993, 0],
              [115.219830548, -3.12808286499995, 0],
              [115.226145312, -3.13266422899994, 0]
            ]
          ]
        ]
      }
    },
    {
      "type": "Feature",
      "properties": {
        "kd_propinsi": "63",
        "kd_dati2": "05",
        "kd_kecamatan": "12",
        "kd_kelurahan": "122",
        "nm_kelurahan": "Badaun"
      },
      "geometry": {
        "type": "MultiPolygon",
        "coordinates": [
          [
            [
              [115.147013501, -2.90758744699997, 0],
              [115.147013469, -2.90758832999995, 0],
              [115.147008743, -2.90771593699998, 0],
              [115.147046815, -2.90785870499997, 0],
              [115.147181904, -2.90792492599996, 0],
              [115.147289517, -2.90797767899994, 0],
              [115.147327589, -2.90809189199996, 0],
              [115.147420863, -2.90812025499997, 0],
              [115.147537459, -2.90811311599993, 0],
              [115.147793963, -2.90798719499998, 0],
              [115.14802715, -2.90783015099993, 0],
              [115.148358031, -2.90771371899996, 0],
              [115.148633577, -2.90782718499997, 0],
              [115.148718206, -2.90789424699995, 0],
              [115.148764449, -2.90796995199997, 0],
              [115.148775312, -2.90801797799998, 0],
              [115.148860514, -2.90811728499995, 0],
              [115.14848274, -2.90873347399997, 0],
              [115.148471512, -2.90874976899994, 0],
              [115.148465691, -2.90875872799995, 0],
              [115.1482102, -2.90915207999996, 0],
              [115.147781351, -2.90981233099996, 0],
              [115.147376832, -2.91043512499994, 0],
              [115.146526175, -2.91023287199994, 0],
              [115.146161441, -2.91013271999998, 0],
              [115.145808371, -2.91003577299995, 0],
              [115.145046943, -2.90993107599996, 0],
              [115.144542526, -2.90990498499997, 0],
              [115.143942874, -2.90987396899993, 0],
              [115.143409873, -2.90981686199996, 0],
              [115.142772179, -2.90962650499995, 0],
              [115.14179184, -2.90919820199997, 0],
              [115.140859643, -2.90869248899998, 0],
              [115.140842285, -2.90868025999993, 0],
              [115.140204064, -2.90772916899994, 0],
              [115.140051778, -2.90561620699998, 0],
              [115.140041116, -2.90533899499997, 0],
              [115.140032742, -2.90512127899996, 0],
              [115.139965093, -2.90407390699994, 0],
              [115.139671064, -2.90251338999997, 0],
              [115.13938553, -2.90133317699997, 0],
              [115.139099993, -2.90013392899994, 0],
              [115.140791621, -2.89980228499996, 0],
              [115.141044579, -2.89977996599993, 0],
              [115.141091908, -2.89977578999998, 0],
              [115.141735924, -2.89971896599997, 0],
              [115.141700203, -2.89979377099996, 0],
              [115.141657115, -2.89988400099998, 0],
              [115.141523867, -2.89994110799995, 0],
              [115.141357304, -2.90019095199995, 0],
              [115.141360877, -2.90021119599993, 0],
              [115.141375149, -2.90029207899994, 0],
              [115.141440586, -2.90042889699993, 0],
              [115.141660686, -2.90058950999998, 0],
              [115.141763844, -2.90068569999994, 0],
              [115.142017334, -2.90092206299994, 0],
              [115.142100884, -2.90099996799995, 0],
              [115.142154164, -2.90107355399994, 0],
              [115.142241536, -2.90119422499993, 0],
              [115.142154423, -2.90146396299997, 0],
              [115.142129542, -2.90157799899993, 0],
              [115.142083041, -2.90179113999994, 0],
              [115.142080801, -2.90182805699993, 0],
              [115.142071143, -2.90198744499998, 0],
              [115.142088989, -2.90216590399996, 0],
              [115.142338831, -2.90274887299995, 0],
              [115.142500635, -2.90291067499993, 0],
              [115.142643402, -2.90311054999995, 0],
              [115.14318592, -2.90367210299996, 0],
              [115.143385795, -2.90382438799998, 0],
              [115.143572108, -2.90402884399992, 0],
              [115.143732005, -2.90420430899997, 0],
              [115.143850978, -2.90440656299995, 0],
              [115.143916415, -2.90454338299998, 0],
              [115.144082976, -2.90502522299994, 0],
              [115.144124618, -2.90545947399994, 0],
              [115.144225746, -2.90578665099997, 0],
              [115.14433877, -2.90600080199994, 0],
              [115.144648099, -2.90622684999994, 0],
              [115.144957429, -2.90639341299993, 0],
              [115.145237014, -2.90658971999994, 0],
              [115.145373835, -2.90672653699994, 0],
              [115.145498757, -2.90688120399994, 0],
              [115.145623679, -2.90697043199998, 0],
              [115.146099569, -2.90712509799994, 0],
              [115.146360456, -2.90717647399993, 0],
              [115.146526684, -2.90720004999997, 0],
              [115.14658022, -2.90724645099994, 0],
              [115.146612342, -2.90728928099998, 0],
              [115.14664052, -2.90737109099996, 0],
              [115.146649938, -2.90739844699994, 0],
              [115.146661147, -2.90740005799995, 0],
              [115.146700116, -2.90740566399995, 0],
              [115.146731769, -2.90741021399998, 0],
              [115.146786616, -2.90741810099996, 0],
              [115.146837038, -2.90743990599998, 0],
              [115.146901079, -2.90746759999996, 0],
              [115.146975068, -2.90751708699997, 0],
              [115.147013501, -2.90758744699997, 0]
            ]
          ]
        ]
      }
    },
    {
      "type": "Feature",
      "properties": {
        "kd_propinsi": "63",
        "kd_dati2": "05",
        "kd_kecamatan": "12",
        "kd_kelurahan": "131",
        "nm_kelurahan": "Lumbu Raya"
      },
      "geometry": {
        "type": "MultiPolygon",
        "coordinates": [
          [
            [
              [115.15400319, -2.91887994199993, 0],
              [115.154642453, -2.91887994199993, 0],
              [115.155861397, -2.91887662699998, 0],
              [115.156888053, -2.91881805599996, 0],
              [115.157981016, -2.91875506399992, 0],
              [115.159113761, -2.91876058899993, 0],
              [115.159476577, -2.91876306699993, 0],
              [115.160246509, -2.91876832499997, 0],
              [115.161251805, -2.91879643899995, 0],
              [115.161392516, -2.91880037499993, 0],
              [115.162030169, -2.91881695099994, 0],
              [115.162536313, -2.91880147899997, 0],
              [115.163613804, -2.91877164099998, 0],
              [115.164105097, -2.91876614499995, 0],
              [115.164319018, -2.91912258299993, 0],
              [115.164497252, -2.91941955799996, 0],
              [115.164744518, -2.91983155599996, 0],
              [115.165139168, -2.92048912499996, 0],
              [115.165200734, -2.92059170699997, 0],
              [115.165594379, -2.92124760199994, 0],
              [115.164926514, -2.92170265099998, 0],
              [115.164428901, -2.92204169899998, 0],
              [115.163577616, -2.92262171899995, 0],
              [115.163196231, -2.92288157199994, 0],
              [115.161492714, -2.92404225499996, 0],
              [115.161137801, -2.92428407299997, 0],
              [115.160985392, -2.92416056799993, 0],
              [115.160830132, -2.92404456899993, 0],
              [115.160689959, -2.92388332099995, 0],
              [115.160664617, -2.92371814499995, 0],
              [115.160674125, -2.92361343999994, 0],
              [115.160685576, -2.92345926499996, 0],
              [115.160347831, -2.92370248299994, 0],
              [115.158432366, -2.92471970299994, 0],
              [115.156850024, -2.92540974599996, 0],
              [115.154637124, -2.92498739099995, 0],
              [115.153635611, -2.92479003699998, 0],
              [115.153668936, -2.92453340099996, 0],
              [115.153621348, -2.92432400799993, 0],
              [115.153583753, -2.92423628699993, 0],
              [115.153521411, -2.92409082099994, 0],
              [115.153359607, -2.92386715199996, 0],
              [115.153183526, -2.92359113399994, 0],
              [115.15312642, -2.92351023199996, 0],
              [115.153026482, -2.92330559899995, 0],
              [115.152969375, -2.92315807199998, 0],
              [115.153021723, -2.92302958099998, 0],
              [115.15316925, -2.92287253699993, 0],
              [115.153397678, -2.92283446499994, 0],
              [115.153868812, -2.92278211799993, 0],
              [115.154061554, -2.92267210799997, 0],
              [115.154121035, -2.92263815999996, 0],
              [115.154169186, -2.92216469499994, 0],
              [115.153973507, -2.92183866099992, 0],
              [115.153795076, -2.92161342699995, 0],
              [115.153780247, -2.92159470899998, 0],
              [115.153683214, -2.92147222399996, 0],
              [115.153654661, -2.92108675199995, 0],
              [115.153699708, -2.92069634799998, 0],
              [115.153711768, -2.92059182299994, 0],
              [115.153711768, -2.92055012599997, 0],
              [115.153711767, -2.92023490399993, 0],
              [115.153656109, -2.92011245799995, 0],
              [115.153592794, -2.91997316299995, 0],
              [115.153375386, -2.91964593199998, 0],
              [115.153351512, -2.91960999599996, 0],
              [115.153139836, -2.91929139099995, 0],
              [115.153131179, -2.91927836199994, 0],
              [115.152936064, -2.91904041499993, 0],
              [115.152888473, -2.91879770899993, 0],
              [115.152978892, -2.91869301299994, 0],
              [115.153312017, -2.91880246899996, 0],
              [115.153645142, -2.91891668299996, 0],
              [115.153836137, -2.91889687299994, 0],
              [115.153939073, -2.91888619699995, 0],
              [115.15400319, -2.91887994199993, 0]
            ]
          ]
        ]
      }
    },
    {
      "type": "Feature",
      "properties": {
        "kd_propinsi": "63",
        "kd_dati2": "05",
        "kd_kecamatan": "1",
        "kd_kelurahan": "12",
        "nm_kelurahan": "Waringin"
      },
      "geometry": {
        "type": "MultiPolygon",
        "coordinates": [
          [
            [
              [115.127365234, -2.90964075299996, 0],
              [115.128127569, -2.91152159699993, 0],
              [115.128493027, -2.91242325899998, 0],
              [115.128498294, -2.91241721499995, 0],
              [115.12849759, -2.91242065699993, 0],
              [115.128272259, -2.91271357299996, 0],
              [115.127948789, -2.91308783199997, 0],
              [115.126753014, -2.91447135599998, 0],
              [115.125523986, -2.91588212499994, 0],
              [115.124566206, -2.91698893199992, 0],
              [115.123783119, -2.91789473299997, 0],
              [115.123583885, -2.91812933299997, 0],
              [115.123193403, -2.91858913099998, 0],
              [115.122817473, -2.91923304899996, 0],
              [115.12225265, -2.91884874499993, 0],
              [115.121720394, -2.91848472699996, 0],
              [115.120605263, -2.91848323899995, 0],
              [115.120578832, -2.91860566899993, 0],
              [115.118842284, -2.91809153499997, 0],
              [115.117427517, -2.91767986899993, 0],
              [115.115797032, -2.91719270099998, 0],
              [115.11400116, -2.91666598399996, 0],
              [115.112183717, -2.91613567099995, 0],
              [115.110260617, -2.91558622699995, 0],
              [115.109835729, -2.91462350799998, 0],
              [115.109233358, -2.91267655499996, 0],
              [115.108926793, -2.91187518499993, 0],
              [115.1087002, -2.91128282399995, 0],
              [115.107921135, -2.90924618099996, 0],
              [115.107867263, -2.90910534899996, 0],
              [115.107157325, -2.90756714899993, 0],
              [115.105802598, -2.90590053899996, 0],
              [115.108216047, -2.90621421699996, 0],
              [115.113114934, -2.90731978199995, 0],
              [115.115460226, -2.90784753299994, 0],
              [115.120020074, -2.90887361199998, 0],
              [115.121253383, -2.90915929399995, 0],
              [115.127365234, -2.90964075299996, 0]
            ]
          ]
        ]
      }
    },
    {
      "type": "Feature",
      "properties": {
        "kd_propinsi": "63",
        "kd_dati2": "05",
        "kd_kecamatan": "11",
        "kd_kelurahan": "108",
        "nm_kelurahan": "Mandurian"
      },
      "geometry": {
        "type": "MultiPolygon",
        "coordinates": [
          [
            [
              [115.129999822, -2.94049993599998, 0],
              [115.130198272, -2.94086848499995, 0],
              [115.131423185, -2.94571195099996, 0],
              [115.132523313, -2.95006199699998, 0],
              [115.13349617, -2.95390879699994, 0],
              [115.133535066, -2.95406259399994, 0],
              [115.1351165, -2.95593688699995, 0],
              [115.136841246, -2.95798102999993, 0],
              [115.136986265, -2.96023541199998, 0],
              [115.137151452, -2.96280331799994, 0],
              [115.137156953, -2.96288884099994, 0],
              [115.136619132, -2.96279758599997, 0],
              [115.136517808, -2.96285291999993, 0],
              [115.136379603, -2.96292839599994, 0],
              [115.136058375, -2.96306045599994, 0],
              [115.135929885, -2.96306045599994, 0],
              [115.135694318, -2.96297836499997, 0],
              [115.135358814, -2.96285344299997, 0],
              [115.135148233, -2.96279276699994, 0],
              [115.134830574, -2.96268925999993, 0],
              [115.134409409, -2.96255363099994, 0],
              [115.13418455, -2.96244655499993, 0],
              [115.133881169, -2.96230909299993, 0],
              [115.132286319, -2.96230909299993, 0],
              [115.13134884, -2.96230909299993, 0],
              [115.129963333, -2.96238871899993, 0],
              [115.129773094, -2.96239965299998, 0],
              [115.126681975, -2.96260492199997, 0],
              [115.125674217, -2.96258747199994, 0],
              [115.125134261, -2.96257812199997, 0],
              [115.123892724, -2.96255662299996, 0],
              [115.121501939, -2.96130085699997, 0],
              [115.119840698, -2.95978407299998, 0],
              [115.122127712, -2.95854287999993, 0],
              [115.124601553, -2.95551257599993, 0],
              [115.125036104, -2.95537696299994, 0],
              [115.125191, -2.95530634799997, 0],
              [115.125219554, -2.95505412499995, 0],
              [115.125383935, -2.95440730799993, 0],
              [115.125465995, -2.95418732699994, 0],
              [115.1254885, -2.95412699399998, 0],
              [115.125639728, -2.95397900499995, 0],
              [115.125871725, -2.95363993299998, 0],
              [115.126109671, -2.95349121499993, 0],
              [115.126371412, -2.95318188599993, 0],
              [115.126496334, -2.95299152899997, 0],
              [115.126609358, -2.95280711999993, 0],
              [115.12668669, -2.95264650699994, 0],
              [115.126769971, -2.95245614999993, 0],
              [115.126820242, -2.95230773399993, 0],
              [115.126894892, -2.95208733299995, 0],
              [115.12694843, -2.95189697699993, 0],
              [115.127031712, -2.95163523599996, 0],
              [115.127073353, -2.95148057099993, 0],
              [115.127418374, -2.95094519299994, 0],
              [115.12744217, -2.95084406599995, 0],
              [115.127210171, -2.95020755899998, 0],
              [115.127060382, -2.94954737799998, 0],
              [115.127049557, -2.94949966999997, 0],
              [115.126936535, -2.94914274999997, 0],
              [115.126882996, -2.94886911199995, 0],
              [115.126859201, -2.94843486099995, 0],
              [115.12682351, -2.94798276399996, 0],
              [115.126801067, -2.94786953299996, 0],
              [115.126692639, -2.94732246299998, 0],
              [115.126358421, -2.94624944499998, 0],
              [115.126240541, -2.94587099199993, 0],
              [115.126210797, -2.94578771099998, 0],
              [115.124693892, -2.94306917599994, 0],
              [115.12457894, -2.94244581699996, 0],
              [115.124371608, -2.94132150199994, 0],
              [115.125787377, -2.94038295799993, 0],
              [115.127372128, -2.94021516199996, 0],
              [115.127810877, -2.94026270999996, 0],
              [115.129999822, -2.94049993599998, 0]
            ]
          ]
        ]
      }
    },
    {
      "type": "Feature",
      "properties": {
        "kd_propinsi": "63",
        "kd_dati2": "05",
        "kd_kecamatan": "11",
        "kd_kelurahan": "109",
        "nm_kelurahan": "Mandurian Hilir"
      },
      "geometry": {
        "type": "MultiPolygon",
        "coordinates": [
          [
            [
              [115.119840698, -2.95978407299998, 0],
              [115.119720404, -2.95984935799993, 0],
              [115.117725508, -2.96005854099997, 0],
              [115.117355436, -2.96009734699993, 0],
              [115.11571024, -2.95897232399994, 0],
              [115.115354774, -2.95879045799995, 0],
              [115.112554482, -2.95735775099996, 0],
              [115.111548864, -2.95684324799993, 0],
              [115.111411319, -2.95680672199995, 0],
              [115.108622131, -2.95606602599997, 0],
              [115.105718097, -2.95529482899997, 0],
              [115.105703028, -2.95529251299996, 0],
              [115.105730417, -2.95368341299997, 0],
              [115.105731176, -2.95363886299998, 0],
              [115.105762842, -2.95331165199997, 0],
              [115.105907096, -2.95140115899994, 0],
              [115.106325786, -2.94986361799994, 0],
              [115.106945025, -2.94880105999994, 0],
              [115.107712745, -2.94764558799994, 0],
              [115.108033235, -2.94780399099994, 0],
              [115.109418734, -2.94794856499993, 0],
              [115.111800473, -2.94792691199996, 0],
              [115.112069252, -2.94792446899993, 0],
              [115.113229474, -2.94779892299994, 0],
              [115.113756257, -2.94774192099993, 0],
              [115.114377913, -2.94797185799996, 0],
              [115.114627757, -2.94788857599997, 0],
              [115.114937087, -2.94790047499993, 0],
              [115.115567644, -2.94804324099994, 0],
              [115.115734206, -2.94788857599997, 0],
              [115.116126817, -2.94801944699998, 0],
              [115.116293379, -2.94825739299995, 0],
              [115.116900141, -2.94835257199998, 0],
              [115.11805418, -2.94881656599995, 0],
              [115.118422996, -2.94823359899993, 0],
              [115.118601456, -2.94792426799995, 0],
              [115.119053553, -2.94759114399994, 0],
              [115.119365988, -2.94670531499997, 0],
              [115.119834066, -2.94660523399995, 0],
              [115.120293868, -2.94637436399995, 0],
              [115.120522198, -2.94625971599993, 0],
              [115.121261733, -2.94588838899995, 0],
              [115.121972553, -2.94545466799997, 0],
              [115.122429161, -2.94506104099997, 0],
              [115.122671326, -2.94485227799993, 0],
              [115.123166386, -2.94400496299994, 0],
              [115.123297812, -2.94378002199994, 0],
              [115.123624661, -2.94248974199996, 0],
              [115.123981461, -2.94178636899994, 0],
              [115.124371608, -2.94132150199994, 0],
              [115.12457894, -2.94244581699996, 0],
              [115.124693892, -2.94306917599994, 0],
              [115.126210797, -2.94578771099998, 0],
              [115.126240541, -2.94587099199993, 0],
              [115.126358421, -2.94624944499998, 0],
              [115.126692639, -2.94732246299998, 0],
              [115.126801067, -2.94786953299996, 0],
              [115.12682351, -2.94798276399996, 0],
              [115.126859201, -2.94843486099995, 0],
              [115.126882996, -2.94886911199995, 0],
              [115.126936535, -2.94914274999997, 0],
              [115.127049557, -2.94949966999997, 0],
              [115.127060382, -2.94954737799998, 0],
              [115.127210171, -2.95020755899998, 0],
              [115.12744217, -2.95084406599995, 0],
              [115.127418374, -2.95094519299994, 0],
              [115.127073353, -2.95148057099993, 0],
              [115.127031712, -2.95163523599996, 0],
              [115.12694843, -2.95189697699993, 0],
              [115.126894892, -2.95208733299995, 0],
              [115.126820242, -2.95230773399993, 0],
              [115.126769971, -2.95245614999993, 0],
              [115.12668669, -2.95264650699994, 0],
              [115.126609358, -2.95280711999993, 0],
              [115.126496334, -2.95299152899997, 0],
              [115.126371412, -2.95318188599993, 0],
              [115.126109671, -2.95349121499993, 0],
              [115.125871725, -2.95363993299998, 0],
              [115.125639728, -2.95397900499995, 0],
              [115.1254885, -2.95412699399998, 0],
              [115.125465995, -2.95418732699994, 0],
              [115.125383935, -2.95440730799993, 0],
              [115.125219554, -2.95505412499995, 0],
              [115.125191, -2.95530634799997, 0],
              [115.125036104, -2.95537696299994, 0],
              [115.124601553, -2.95551257599993, 0],
              [115.122127712, -2.95854287999993, 0],
              [115.119840698, -2.95978407299998, 0]
            ]
          ]
        ]
      }
    },
    {
      "type": "Feature",
      "properties": {
        "kd_propinsi": "63",
        "kd_dati2": "05",
        "kd_kecamatan": "2",
        "kd_kelurahan": "13",
        "nm_kelurahan": "A. Yani Pura"
      },
      "geometry": {
        "type": "MultiPolygon",
        "coordinates": [
          [
            [
              [115.11607327, -3.15327645099995, 0],
              [115.115987236, -3.15356259199996, 0],
              [115.115894436, -3.15373391299994, 0],
              [115.115608902, -3.15384812699995, 0],
              [115.115094938, -3.15384812699995, 0],
              [115.113931381, -3.15394806499995, 0],
              [115.113503078, -3.15401944799993, 0],
              [115.113303204, -3.15416935399998, 0],
              [115.113017668, -3.15452627399998, 0],
              [115.112760687, -3.15478325599997, 0],
              [115.112710719, -3.15497599199995, 0],
              [115.112824933, -3.15516872799998, 0],
              [115.113153297, -3.15537574099994, 0],
              [115.113431694, -3.15544712499997, 0],
              [115.113645846, -3.15547567899995, 0],
              [115.113788614, -3.15553278699997, 0],
              [115.113838583, -3.15568269199997, 0],
              [115.113845722, -3.15587542799995, 0],
              [115.113795752, -3.15613954799994, 0],
              [115.113638707, -3.15641794499993, 0],
              [115.113117605, -3.15695332399997, 0],
              [115.112732133, -3.15708181499997, 0],
              [115.112582227, -3.15703898399994, 0],
              [115.11217534, -3.15702470799994, 0],
              [115.111939772, -3.15696760099996, 0],
              [115.111846974, -3.15686766299996, 0],
              [115.111654237, -3.15670347999998, 0],
              [115.111175965, -3.15661068199995, 0],
              [115.110512097, -3.15606102599998, 0],
              [115.109812535, -3.15559703099996, 0],
              [115.10951986, -3.15547567899995, 0],
              [115.109170081, -3.15563272299994, 0],
              [115.108820299, -3.15589684299994, 0],
              [115.107590127, -3.15696381299995, 0],
              [115.107190379, -3.15723031399995, 0],
              [115.10577222, -3.15859136499995, 0],
              [115.105401024, -3.15916243499993, 0],
              [115.104906095, -3.15947652399996, 0],
              [115.104468276, -3.15968591699993, 0],
              [115.103903398, -3.16050131099996, 0],
              [115.102703985, -3.16128015599998, 0],
              [115.102104359, -3.16156569199995, 0],
              [115.101718887, -3.16173701199995, 0],
              [115.101393092, -3.16199524199993, 0],
              [115.101033602, -3.16233663599996, 0],
              [115.100373956, -3.16356411099997, 0],
              [115.100221671, -3.16344989699996, 0],
              [115.10000276, -3.16339278999993, 0],
              [115.099745778, -3.16367832499998, 0],
              [115.099374582, -3.16382109299997, 0],
              [115.098917726, -3.16381157499995, 0],
              [115.098527494, -3.16379253899993, 0],
              [115.098042084, -3.16405903899994, 0],
              [115.097699443, -3.16429698499996, 0],
              [115.097423425, -3.16426843099993, 0],
              [115.097156925, -3.16401144999998, 0],
              [115.096899944, -3.16396386099996, 0],
              [115.096443086, -3.16404000299997, 0],
              [115.096100445, -3.16424939599995, 0],
              [115.095910088, -3.16407807499996, 0],
              [115.095957676, -3.16386868199993, 0],
              [115.09620514, -3.16354507499995, 0],
              [115.096148033, -3.16330712899998, 0],
              [115.096052855, -3.16314532599995, 0],
              [115.09585298, -3.16287882599994, 0],
              [115.095729249, -3.16254570299998, 0],
              [115.095668358, -3.16214067399994, 0],
              [115.094482184, -3.16217080599995, 0],
              [115.094479942, -3.16215959299996, 0],
              [115.094458951, -3.15752080399994, 0],
              [115.095466471, -3.15804555399996, 0],
              [115.098468041, -3.15731090399993, 0],
              [115.098637965, -3.15711611399996, 0],
              [115.099781853, -3.15580483099996, 0],
              [115.100225156, -3.15529665299994, 0],
              [115.101769196, -3.15352665399996, 0],
              [115.1019104, -3.15336478499995, 0],
              [115.10367356, -3.15284003599993, 0],
              [115.1046391, -3.15076202499995, 0],
              [115.104801771, -3.15073019799996, 0],
              [115.106570179, -3.15038420499997, 0],
              [115.106834694, -3.15014373699995, 0],
              [115.107031959, -3.14996440499994, 0],
              [115.107566573, -3.15012988099994, 0],
              [115.10791354, -3.15023727499994, 0],
              [115.1097738, -3.15005515199994, 0],
              [115.110915108, -3.14994341499994, 0],
              [115.112888168, -3.15067806499997, 0],
              [115.112948339, -3.15070814399996, 0],
              [115.112953081, -3.15071467899998, 0],
              [115.112970819, -3.15073912399993, 0],
              [115.113001529, -3.15078125699995, 0],
              [115.113038263, -3.15082729999995, 0],
              [115.11307877, -3.15087837399994, 0],
              [115.113122674, -3.15093284499994, 0],
              [115.113167583, -3.15098907799995, 0],
              [115.113190605, -3.15101738199996, 0],
              [115.113215262, -3.15104883199996, 0],
              [115.113249857, -3.15109172999996, 0],
              [115.113271494, -3.15111890299994, 0],
              [115.113309862, -3.15116733499997, 0],
              [115.113329236, -3.15119123699998, 0],
              [115.113380185, -3.15125501699993, 0],
              [115.113434152, -3.15132257199997, 0],
              [115.113492649, -3.15139490599995, 0],
              [115.113550391, -3.15146724099998, 0],
              [115.113609642, -3.15154183999994, 0],
              [115.113665874, -3.15161190999993, 0],
              [115.113723616, -3.15168399299995, 0],
              [115.113760727, -3.15173066499995, 0],
              [115.113797965, -3.15174802499996, 0],
              [115.113863757, -3.15177834199994, 0],
              [115.113922632, -3.15180601799995, 0],
              [115.113965528, -3.15182551799995, 0],
              [115.114017358, -3.15184967199997, 0],
              [115.114046544, -3.15186325699995, 0],
              [115.114100008, -3.15188778799995, 0],
              [115.114172971, -3.15192175399994, 0],
              [115.114224547, -3.15194572299993, 0],
              [115.115506228, -3.15251356699997, 0],
              [115.115574229, -3.15261043699996, 0],
              [115.115690007, -3.15276583199994, 0],
              [115.11588724, -3.15302928999995, 0],
              [115.11607327, -3.15327645099995, 0]
            ]
          ]
        ]
      }
    },
    {
      "type": "Feature",
      "properties": {
        "kd_propinsi": "63",
        "kd_dati2": "05",
        "kd_kecamatan": "7",
        "kd_kelurahan": "69",
        "nm_kelurahan": "Ayunan Papan"
      },
      "geometry": {
        "type": "MultiPolygon",
        "coordinates": [
          [
            [
              [115.200180794, -2.94154108699996, 0],
              [115.201287245, -2.94650226299996, 0],
              [115.201822623, -2.94921484799994, 0],
              [115.202308149, -2.95311752799995, 0],
              [115.203034672, -2.95522563399993, 0],
              [115.202557876, -2.95623187899997, 0],
              [115.202172404, -2.95710276199998, 0],
              [115.201901145, -2.95781659999994, 0],
              [115.201529949, -2.95833056299995, 0],
              [115.201230138, -2.95870175899995, 0],
              [115.200816111, -2.95931566099995, 0],
              [115.200430639, -2.95992956099997, 0],
              [115.199773906, -2.96074333699994, 0],
              [115.199031516, -2.96111453399993, 0],
              [115.198460445, -2.96108597999995, 0],
              [115.197389687, -2.96118591699997, 0],
              [115.196047671, -2.96121447099995, 0],
              [115.194762762, -2.96141434499998, 0],
              [115.194291629, -2.96179981799997, 0],
              [115.193706281, -2.96229950499998, 0],
              [115.19304955, -2.96279919099993, 0],
              [115.192464202, -2.96322749399997, 0],
              [115.191964516, -2.96359868999997, 0],
              [115.191736088, -2.96396988599997, 0],
              [115.191550489, -2.96432680599997, 0],
              [115.191279231, -2.96478366199995, 0],
              [115.191079357, -2.96519768899998, 0],
              [115.190908035, -2.96554033099994, 0],
              [115.190651054, -2.96596863299993, 0],
              [115.190165644, -2.96581158899994, 0],
              [115.189980045, -2.96566882099995, 0],
              [115.189623128, -2.96556888399994, 0],
              [115.189366145, -2.96546894699998, 0],
              [115.189023502, -2.96535473399996, 0],
              [115.188752244, -2.96511202799997, 0],
              [115.188523815, -2.96492642899995, 0],
              [115.188238281, -2.96486932299996, 0],
              [115.187967022, -2.96485504599997, 0],
              [115.187673082, -2.96495873799995, 0],
              [115.186545825, -2.96267290799995, 0],
              [115.183855775, -2.96244100799993, 0],
              [115.183612157, -2.96242000599995, 0],
              [115.182776244, -2.96128442599996, 0],
              [115.184318027, -2.95948567899995, 0],
              [115.18443324, -2.95646691999997, 0],
              [115.183505731, -2.95461190199995, 0],
              [115.1829642, -2.95271654399994, 0],
              [115.182964201, -2.94906505699993, 0],
              [115.1829642, -2.94743661799993, 0],
              [115.183370348, -2.94364590199996, 0],
              [115.183601363, -2.94282084899993, 0],
              [115.184119433, -2.94288310299993, 0],
              [115.185071217, -2.94278792499995, 0],
              [115.187165143, -2.94247859399997, 0],
              [115.188212107, -2.94178855199993, 0],
              [115.189711166, -2.94136024699998, 0],
              [115.190139469, -2.94097953399995, 0],
              [115.190972281, -2.94078917799993, 0],
              [115.193852673, -2.93983829299998, 0],
              [115.200180794, -2.94154108699996, 0]
            ]
          ]
        ]
      }
    },
    {
      "type": "Feature",
      "properties": {
        "kd_propinsi": "63",
        "kd_dati2": "05",
        "kd_kecamatan": "6",
        "kd_kelurahan": "62",
        "nm_kelurahan": "Bagak"
      },
      "geometry": {
        "type": "MultiPolygon",
        "coordinates": [
          [
            [
              [115.229188172, -3.13429435199993, 0],
              [115.235444444, -3.13616666699994, 0],
              [115.241879946, -3.13580913899995, 0],
              [115.241944444, -3.13580555599998, 0],
              [115.244250387, -3.15475669199998, 0],
              [115.244361111, -3.15566666699993, 0],
              [115.237638889, -3.16677777799993, 0],
              [115.236047055, -3.16710912299993, 0],
              [115.200526479, -3.17450284099994, 0],
              [115.20018749, -3.17457340299995, 0],
              [115.20007243, -3.17452916999997, 0],
              [115.199955665, -3.17442330399996, 0],
              [115.199827152, -3.17434676799996, 0],
              [115.199757203, -3.17432205399996, 0],
              [115.199710276, -3.17430547299995, 0],
              [115.199593336, -3.17429939899995, 0],
              [115.199476378, -3.17430506399995, 0],
              [115.199353501, -3.17435180999996, 0],
              [115.19923648, -3.17439269599993, 0],
              [115.199142719, -3.17450993299997, 0],
              [115.199069485, -3.17459611899994, 0],
              [115.199043109, -3.17462715999994, 0],
              [115.198925968, -3.17473848699996, 0],
              [115.198855594, -3.17485576399997, 0],
              [115.198796906, -3.17497893399997, 0],
              [115.19869145, -3.17509614999995, 0],
              [115.198574378, -3.17516638699993, 0],
              [115.198475175, -3.17504881099995, 0],
              [115.198434458, -3.17492546799997, 0],
              [115.198411272, -3.17480802599994, 0],
              [115.198358858, -3.17468466299994, 0],
              [115.198300587, -3.17456715899994, 0],
              [115.198242315, -3.17444965599998, 0],
              [115.198189893, -3.17433216299997, 0],
              [115.198073066, -3.17426151699993, 0],
              [115.197956149, -3.17424370299995, 0],
              [115.19783924, -3.17422001699993, 0],
              [115.197726534, -3.17421175799996, 0],
              [115.197603778, -3.17418806299997, 0],
              [115.19748691, -3.17414089799996, 0],
              [115.197405251, -3.17402335299994, 0],
              [115.197446387, -3.17390602399996, 0],
              [115.197451793, -3.17385269199997, 0],
              [115.197458285, -3.17378864399996, 0],
              [115.197458488, -3.17367124199996, 0],
              [115.197429454, -3.17355378999997, 0],
              [115.197394573, -3.17343632799998, 0],
              [115.197307065, -3.17331877299995, 0],
              [115.197190148, -3.17330095799997, 0],
              [115.197067393, -3.17327726299993, 0],
              [115.196962342, -3.17315967799993, 0],
              [115.196968394, -3.17304228699993, 0],
              [115.197021223, -3.17292497799997, 0],
              [115.197109141, -3.17280401699998, 0],
              [115.197103497, -3.17268660499997, 0],
              [115.196986722, -3.17258660999994, 0],
              [115.196869956, -3.17248074399993, 0],
              [115.196817534, -3.17236325099998, 0],
              [115.196782653, -3.17224578799994, 0],
              [115.196747771, -3.17212832599995, 0],
              [115.196695359, -3.17200496299995, 0],
              [115.196654208, -3.17188493299994, 0],
              [115.196595938, -3.17176742899994, 0],
              [115.196531819, -3.17164991499993, 0],
              [115.196438475, -3.17152648099994, 0],
              [115.196315863, -3.17142060499998, 0],
              [115.196193189, -3.17134994899993, 0],
              [115.196076383, -3.17126756399995, 0],
              [115.19597718, -3.17114998799997, 0],
              [115.1959423, -3.17103252599998, 0],
              [115.195901593, -3.17090331399993, 0],
              [115.195884253, -3.17078588199996, 0],
              [115.195884457, -3.17066848099995, 0],
              [115.195948982, -3.17055119299994, 0],
              [115.195995964, -3.17043387299998, 0],
              [115.196037225, -3.17031949299997, 0],
              [115.196095902, -3.17020219399996, 0],
              [115.196096126, -3.17007305299995, 0],
              [115.196020323, -3.16994964899993, 0],
              [115.195903527, -3.16986139299996, 0],
              [115.195786742, -3.16976726799993, 0],
              [115.195740167, -3.16964978499993, 0],
              [115.195716991, -3.16952647299996, 0],
              [115.195641178, -3.16940893899994, 0],
              [115.195553681, -3.16928551399997, 0],
              [115.195501257, -3.16916802099996, 0],
              [115.195448845, -3.16904465799996, 0],
              [115.195402268, -3.16892717499997, 0],
              [115.195372881, -3.16881259799993, 0],
              [115.195338001, -3.16869513499995, 0],
              [115.195308967, -3.16857768299997, 0],
              [115.195279934, -3.16846023099993, 0],
              [115.195264254, -3.16837015499993, 0],
              [115.1952627, -3.16836122699993, 0],
              [115.195196443, -3.16823070399994, 0],
              [115.195178588, -3.16810364999998, 0],
              [115.195097448, -3.16798555699995, 0],
              [115.195034387, -3.16786749599993, 0],
              [115.194971325, -3.16774943499996, 0],
              [115.194935376, -3.16763142099995, 0],
              [115.194854238, -3.16751332899997, 0],
              [115.194727878, -3.16741330299993, 0],
              [115.194673871, -3.16728618499997, 0],
              [115.194619862, -3.16715906699994, 0],
              [115.194592953, -3.16704106899994, 0],
              [115.19457508, -3.16692308699993, 0],
              [115.194557208, -3.16680510499998, 0],
              [115.194539353, -3.16667804999997, 0],
              [115.19450342, -3.16655096399995, 0],
              [115.194476321, -3.16642103199996, 0],
              [115.19444941, -3.16630303499994, 0],
              [115.194413463, -3.16618502099993, 0],
              [115.194350401, -3.16606695999997, 0],
              [115.194233047, -3.16598509599993, 0],
              [115.194106657, -3.16590321699994, 0],
              [115.193989209, -3.16587579199995, 0],
              [115.193871606, -3.16593909799997, 0],
              [115.193753937, -3.16603869699998, 0],
              [115.193627216, -3.16614735199994, 0],
              [115.193509533, -3.16625602399995, 0],
              [115.19339196, -3.16630118299997, 0],
              [115.193265426, -3.16630096199998, 0],
              [115.193148027, -3.16624631699995, 0],
              [115.193030595, -3.16620981899996, 0],
              [115.192904109, -3.16618237899996, 0],
              [115.192786631, -3.16617309999998, 0],
              [115.19266912, -3.16618196699994, 0],
              [115.19255158, -3.16620897999997, 0],
              [115.192434022, -3.16624506699998, 0],
              [115.192320067, -3.16632396899996, 0],
              [115.192158612, -3.16530452099994, 0],
              [115.190976808, -3.16298974899996, 0],
              [115.190149756, -3.16138056599993, 0],
              [115.190149474, -3.16138001499996, 0],
              [115.189557897, -3.16022899299998, 0],
              [115.188846582, -3.15883745599996, 0],
              [115.188846547, -3.15883738699995, 0],
              [115.190117607, -3.15337959699997, 0],
              [115.190245476, -3.15283052599995, 0],
              [115.190404353, -3.15214829799993, 0],
              [115.190671559, -3.15100089999993, 0],
              [115.190873417, -3.15013410299997, 0],
              [115.191191181, -3.14968200599998, 0],
              [115.191493089, -3.14960652899993, 0],
              [115.191656623, -3.14950169999997, 0],
              [115.1916692, -3.14942202999993, 0],
              [115.191899434, -3.14940798499993, 0],
              [115.192098735, -3.14939582699998, 0],
              [115.192726914, -3.14968136199997, 0],
              [115.193412198, -3.14980985399996, 0],
              [115.193740564, -3.14985268299995, 0],
              [115.194026099, -3.14935299699994, 0],
              [115.194440124, -3.14901035399993, 0],
              [115.194854151, -3.14912456899998, 0],
              [115.195639374, -3.14916739899996, 0],
              [115.196224721, -3.14908173799995, 0],
              [115.196481702, -3.14898180099993, 0],
              [115.196899298, -3.14884617199994, 0],
              [115.197670243, -3.14884617199994, 0],
              [115.198298421, -3.14886044799994, 0],
              [115.198769554, -3.14870340299996, 0],
              [115.199069367, -3.14874623399993, 0],
              [115.199354901, -3.14857491399994, 0],
              [115.199464357, -3.14849876999995, 0],
              [115.202506576, -3.14808960699997, 0],
              [115.202919954, -3.14850057299998, 0],
              [115.203110311, -3.14864334099997, 0],
              [115.203276872, -3.14867903299995, 0],
              [115.203467229, -3.14860764899993, 0],
              [115.203931225, -3.14865523799995, 0],
              [115.204383323, -3.14885749199993, 0],
              [115.204668857, -3.14890508099995, 0],
              [115.204883009, -3.14890508099995, 0],
              [115.205228032, -3.14903595199996, 0],
              [115.205489772, -3.14904784899994, 0],
              [115.20571582, -3.14897646599997, 0],
              [115.206179816, -3.14873851899995, 0],
              [115.206703298, -3.14861954599996, 0],
              [115.206869858, -3.14863144299994, 0],
              [115.207524211, -3.14850057399997, 0],
              [115.207607492, -3.14845298399996, 0],
              [115.20814287, -3.14836970299996, 0],
              [115.208273741, -3.14845298399996, 0],
              [115.20849979, -3.14853626499996, 0],
              [115.208928093, -3.14842918999995, 0],
              [115.209261218, -3.14813175699993, 0],
              [115.209534855, -3.14791760599997, 0],
              [115.209820392, -3.14791760499998, 0],
              [115.210296282, -3.14782242699994, 0],
              [115.210486639, -3.14772724899996, 0],
              [115.210581818, -3.14760827599997, 0],
              [115.210688894, -3.14742981599994, 0],
              [115.210736484, -3.14728704799995, 0],
              [115.210832888, -3.14696976199997, 0],
              [115.211507007, -3.14687909599996, 0],
              [115.212021393, -3.14670407999995, 0],
              [115.212390208, -3.14650182599996, 0],
              [115.212497284, -3.14632336699998, 0],
              [115.212663848, -3.14612111199995, 0],
              [115.212854203, -3.14595454999994, 0],
              [115.21309215, -3.14593075599993, 0],
              [115.213294404, -3.14597834399996, 0],
              [115.213687014, -3.14600213899996, 0],
              [115.213901166, -3.14587126899994, 0],
              [115.214115317, -3.14576419299993, 0],
              [115.214258087, -3.14568091199993, 0],
              [115.214391335, -3.14550483199997, 0],
              [115.221030031, -3.13893751899997, 0],
              [115.225901729, -3.13298571199994, 0],
              [115.226091979, -3.13275327799994, 0],
              [115.226145312, -3.13266422899994, 0],
              [115.227833333, -3.13388888899993, 0],
              [115.229188172, -3.13429435199993, 0]
            ]
          ]
        ]
      }
    },
    {
      "type": "Feature",
      "properties": {
        "kd_propinsi": "63",
        "kd_dati2": "05",
        "kd_kecamatan": "1",
        "kd_kelurahan": "1",
        "nm_kelurahan": "Bakarangan"
      },
      "geometry": {
        "type": "MultiPolygon",
        "coordinates": [
          [
            [
              [115.122817473, -2.91923304899996, 0],
              [115.123154593, -2.92018930199993, 0],
              [115.124811539, -2.92144146399994, 0],
              [115.126020952, -2.92234734999994, 0],
              [115.126530761, -2.92272921199998, 0],
              [115.128272223, -2.92403920199996, 0],
              [115.129673587, -2.92510012999998, 0],
              [115.133687075, -2.92813861199994, 0],
              [115.132554167, -2.92873596299995, 0],
              [115.131676301, -2.92919883799993, 0],
              [115.130558014, -2.92978848099995, 0],
              [115.129707397, -2.93023698699994, 0],
              [115.129097242, -2.93055870499995, 0],
              [115.128071652, -2.93260988399993, 0],
              [115.12790705, -2.93319514199993, 0],
              [115.127609265, -2.93425392699993, 0],
              [115.127248889, -2.93553526399995, 0],
              [115.125483905, -2.93603166599996, 0],
              [115.123218558, -2.93609289099993, 0],
              [115.121507063, -2.93613567899996, 0],
              [115.120769535, -2.93615411699994, 0],
              [115.117800096, -2.93483776699998, 0],
              [115.117719346, -2.93482447899993, 0],
              [115.117895416, -2.93239925099994, 0],
              [115.117981537, -2.93084075199994, 0],
              [115.118117847, -2.92837398199993, 0],
              [115.118442106, -2.92711421999996, 0],
              [115.118684855, -2.92617112799996, 0],
              [115.11895737, -2.92511238699996, 0],
              [115.119115326, -2.92449871799994, 0],
              [115.119128185, -2.92446369399994, 0],
              [115.119356417, -2.92358880799998, 0],
              [115.119624269, -2.92255514799996, 0],
              [115.119899314, -2.92147115399996, 0],
              [115.120008971, -2.92104510599995, 0],
              [115.12018694, -2.92026671599996, 0],
              [115.120273799, -2.91989740999998, 0],
              [115.120436817, -2.91920429299995, 0],
              [115.120578832, -2.91860566899993, 0],
              [115.120605263, -2.91848323899995, 0],
              [115.121720394, -2.91848472699996, 0],
              [115.12225265, -2.91884874499993, 0],
              [115.122817473, -2.91923304899996, 0]
            ]
          ]
        ]
      }
    },
    {
      "type": "Feature",
      "properties": {
        "kd_propinsi": "63",
        "kd_dati2": "05",
        "kd_kecamatan": "12",
        "kd_kelurahan": "123",
        "nm_kelurahan": "Banua Hanyar Hulu"
      },
      "geometry": {
        "type": "MultiPolygon",
        "coordinates": [
          [
            [
              [115.147118399, -2.90752656899997, 0],
              [115.147013501, -2.90758744699997, 0],
              [115.146975068, -2.90751708699997, 0],
              [115.146901079, -2.90746759999996, 0],
              [115.146837038, -2.90743990599998, 0],
              [115.146786616, -2.90741810099996, 0],
              [115.146731769, -2.90741021399998, 0],
              [115.146700116, -2.90740566399995, 0],
              [115.146661147, -2.90740005799995, 0],
              [115.146649938, -2.90739844699994, 0],
              [115.14664052, -2.90737109099996, 0],
              [115.146612342, -2.90728928099998, 0],
              [115.14658022, -2.90724645099994, 0],
              [115.146526684, -2.90720004999997, 0],
              [115.146360456, -2.90717647399993, 0],
              [115.146099569, -2.90712509799994, 0],
              [115.145623679, -2.90697043199998, 0],
              [115.145498757, -2.90688120399994, 0],
              [115.145373835, -2.90672653699994, 0],
              [115.145237014, -2.90658971999994, 0],
              [115.144957429, -2.90639341299993, 0],
              [115.144648099, -2.90622684999994, 0],
              [115.14433877, -2.90600080199994, 0],
              [115.144225746, -2.90578665099997, 0],
              [115.144124618, -2.90545947399994, 0],
              [115.144082976, -2.90502522299994, 0],
              [115.143916415, -2.90454338299998, 0],
              [115.143850978, -2.90440656299995, 0],
              [115.143732005, -2.90420430899997, 0],
              [115.143572108, -2.90402884399992, 0],
              [115.143385795, -2.90382438799998, 0],
              [115.14318592, -2.90367210299996, 0],
              [115.142643402, -2.90311054999995, 0],
              [115.142500635, -2.90291067499993, 0],
              [115.142338831, -2.90274887299995, 0],
              [115.142088989, -2.90216590399996, 0],
              [115.142071143, -2.90198744499998, 0],
              [115.142080801, -2.90182805699993, 0],
              [115.142083041, -2.90179113999994, 0],
              [115.142129542, -2.90157799899993, 0],
              [115.142154423, -2.90146396299997, 0],
              [115.142241536, -2.90119422499993, 0],
              [115.142154164, -2.90107355399994, 0],
              [115.142100884, -2.90099996799995, 0],
              [115.142017334, -2.90092206299994, 0],
              [115.141763844, -2.90068569999994, 0],
              [115.141660686, -2.90058950999998, 0],
              [115.141440586, -2.90042889699993, 0],
              [115.141375149, -2.90029207899994, 0],
              [115.141360877, -2.90021119599993, 0],
              [115.141357304, -2.90019095199995, 0],
              [115.141523867, -2.89994110799995, 0],
              [115.141657115, -2.89988400099998, 0],
              [115.141700203, -2.89979377099996, 0],
              [115.141735924, -2.89971896599997, 0],
              [115.141743868, -2.89971826399994, 0],
              [115.141943762, -2.89966222699997, 0],
              [115.142252406, -2.89953933399994, 0],
              [115.14234827, -2.89944212699993, 0],
              [115.142363142, -2.89933505099998, 0],
              [115.14236226, -2.89932374599994, 0],
              [115.142345295, -2.89910602799995, 0],
              [115.142422772, -2.89872406299998, 0],
              [115.142452372, -2.89857814299995, 0],
              [115.142548739, -2.89831216399995, 0],
              [115.142630829, -2.89808559599993, 0],
              [115.142887813, -2.89765729299995, 0],
              [115.142970279, -2.89751910499996, 0],
              [115.143151933, -2.89721471299993, 0],
              [115.143213212, -2.89711192199997, 0],
              [115.143373222, -2.89684351799997, 0],
              [115.143481723, -2.89637696299997, 0],
              [115.143515991, -2.89622961499993, 0],
              [115.143452696, -2.89573230799994, 0],
              [115.143304273, -2.89542091499993, 0],
              [115.14320999, -2.89522310299998, 0],
              [115.143229027, -2.89490425599996, 0],
              [115.143352758, -2.89459016699993, 0],
              [115.143543115, -2.89447595299993, 0],
              [115.143795338, -2.89434746299997, 0],
              [115.144023766, -2.89422848999993, 0],
              [115.14423316, -2.89404764999995, 0],
              [115.144605976, -2.89369293199997, 0],
              [115.144723328, -2.89358127499997, 0],
              [115.14519446, -2.89301972299995, 0],
              [115.145618005, -2.89268659799996, 0],
              [115.145998719, -2.89236774999995, 0],
              [115.14609899, -2.89228753199996, 0],
              [115.146662219, -2.89183695099996, 0],
              [115.147069477, -2.89151114599997, 0],
              [115.148018581, -2.89070894399993, 0],
              [115.148637543, -2.89018578499997, 0],
              [115.149144365, -2.88981458799998, 0],
              [115.149184287, -2.88978109699997, 0],
              [115.15005722, -2.88904874899993, 0],
              [115.151050316, -2.88821559099995, 0],
              [115.151359861, -2.88796094699995, 0],
              [115.151673871, -2.88770262999998, 0],
              [115.151741395, -2.88764708199994, 0],
              [115.152132866, -2.88732504299998, 0],
              [115.15282011, -2.88836361199998, 0],
              [115.154098278, -2.89030775999993, 0],
              [115.15395763, -2.89049923799996, 0],
              [115.1510822, -2.89443936799995, 0],
              [115.150210129, -2.89547681299996, 0],
              [115.149738994, -2.89594794599998, 0],
              [115.148332734, -2.89667606099994, 0],
              [115.148218521, -2.89689021199996, 0],
              [115.148054337, -2.89721857699993, 0],
              [115.147904431, -2.89752552899995, 0],
              [115.147883017, -2.89784675499993, 0],
              [115.147883015, -2.89826792099996, 0],
              [115.147890155, -2.89885326799993, 0],
              [115.147661724, -2.89912452699997, 0],
              [115.147254838, -2.89933867899993, 0],
              [115.147090656, -2.89978125699997, 0],
              [115.146868888, -2.90032996199994, 0],
              [115.146911718, -2.90092958599996, 0],
              [115.147094937, -2.90170291099997, 0],
              [115.147154426, -2.90210741899995, 0],
              [115.147190116, -2.90233584699996, 0],
              [115.147237706, -2.90270228399993, 0],
              [115.147475653, -2.90345181399994, 0],
              [115.147677907, -2.90432031799998, 0],
              [115.147757426, -2.90578934099995, 0],
              [115.147512573, -2.90697650399994, 0],
              [115.147171265, -2.90749588699993, 0],
              [115.147118399, -2.90752656899997, 0]
            ]
          ],
          [
            [
              [115.161328872, -2.89522860499994, 0],
              [115.156906875, -2.89806811599993, 0],
              [115.156511952, -2.89789493299998, 0],
              [115.155451103, -2.89731977399993, 0],
              [115.154537001, -2.89682417699993, 0],
              [115.156752948, -2.89506233999992, 0],
              [115.156769402, -2.89504911899996, 0],
              [115.157052449, -2.89482168199993, 0],
              [115.157384479, -2.89455488199997, 0],
              [115.157791181, -2.89422808199993, 0],
              [115.158526611, -2.89363713699993, 0],
              [115.159767353, -2.89433898499993, 0],
              [115.161328872, -2.89522860499994, 0]
            ]
          ]
        ]
      }
    },
    {
      "type": "Feature",
      "properties": {
        "kd_propinsi": "63",
        "kd_dati2": "05",
        "kd_kecamatan": "4",
        "kd_kelurahan": "36",
        "nm_kelurahan": "Baringin A"
      },
      "geometry": {
        "type": "MultiPolygon",
        "coordinates": [
          [
            [
              [114.974221088, -2.93617074299993, 0],
              [114.972155667, -2.93980667699998, 0],
              [114.962799891, -2.95730469399996, 0],
              [114.959062931, -2.95894214699996, 0],
              [114.941626436, -2.96654777999993, 0],
              [114.941451444, -2.96662451799995, 0],
              [114.923127278, -2.97461695399994, 0],
              [114.923624874, -2.95521155099993, 0],
              [114.923851604, -2.95298540499994, 0],
              [114.924374596, -2.94785063499995, 0],
              [114.927568078, -2.94885568899997, 0],
              [114.929217167, -2.92714298099997, 0],
              [114.929287361, -2.91987729599993, 0],
              [114.929317104, -2.91565375299996, 0],
              [114.929346848, -2.91491017199996, 0],
              [114.92964428, -2.91440453599995, 0],
              [114.93136939, -2.91107329099998, 0],
              [114.932886296, -2.90744461299994, 0],
              [114.933362188, -2.90631436899997, 0],
              [114.934076026, -2.90533284099996, 0],
              [114.934838942, -2.90393689099994, 0],
              [114.937539629, -2.90403206899993, 0],
              [114.941453842, -2.90423432299997, 0],
              [114.939420296, -2.89961668199993, 0],
              [114.937136014, -2.89428668899996, 0],
              [114.93701704, -2.89366802899997, 0],
              [114.936921862, -2.89207378999993, 0],
              [114.936731506, -2.89135995199996, 0],
              [114.936136639, -2.89040816799997, 0],
              [114.935755926, -2.88909946399997, 0],
              [114.934280661, -2.88488781799993, 0],
              [114.933656154, -2.88184029799993, 0],
              [114.935181204, -2.88092526699995, 0],
              [114.935181204, -2.87922532599993, 0],
              [114.935180649, -2.87922508399993, 0],
              [114.936706493, -2.87861474599993, 0],
              [114.936709099, -2.87861901399998, 0],
              [114.936708661, -2.87862707599993, 0],
              [114.936725567, -2.87864860099995, 0],
              [114.93674609, -2.87867470199996, 0],
              [114.936771962, -2.87870754599993, 0],
              [114.936803756, -2.87874818999995, 0],
              [114.936842818, -2.87879797499994, 0],
              [114.936892498, -2.87886084499996, 0],
              [114.936954862, -2.87894023099995, 0],
              [114.937032818, -2.87903946299997, 0],
              [114.937131094, -2.87916474899993, 0],
              [114.93725394, -2.87932083699997, 0],
              [114.937374382, -2.87947439399994, 0],
              [114.937800882, -2.87968744099993, 0],
              [114.938296471, -2.87993447399998, 0],
              [114.938710518, -2.88014308299995, 0],
              [114.939381837, -2.88038165099994, 0],
              [114.940102479, -2.88063726599995, 0],
              [114.940339876, -2.88072147199995, 0],
              [114.941582007, -2.88116358699995, 0],
              [114.943150151, -2.88172551799994, 0],
              [114.943582284, -2.88187750999992, 0],
              [114.943991886, -2.88202157699993, 0],
              [114.945124326, -2.88207206699997, 0],
              [114.945207083, -2.88207575699994, 0],
              [114.946622069, -2.88214590199993, 0],
              [114.947860485, -2.88183145999994, 0],
              [114.94855286, -2.88165912199997, 0],
              [114.949535917, -2.88103234099998, 0],
              [114.950354852, -2.88051020199993, 0],
              [114.951159853, -2.87814811099997, 0],
              [114.951225299, -2.87795690199994, 0],
              [114.951400786, -2.87744420799993, 0],
              [114.95151123, -2.87608981199998, 0],
              [114.951580305, -2.87524273999998, 0],
              [114.951751556, -2.87320543699997, 0],
              [114.95211768, -2.87163464699995, 0],
              [114.952243166, -2.87102197899998, 0],
              [114.952315178, -2.86942172299996, 0],
              [114.952376034, -2.86806936599993, 0],
              [114.952828153, -2.86591949499996, 0],
              [114.953178776, -2.86479381099997, 0],
              [114.953513055, -2.86437156299996, 0],
              [114.953543906, -2.86438263799994, 0],
              [114.953698223, -2.86471611899998, 0],
              [114.960131647, -2.87861885499996, 0],
              [114.960672148, -2.87941053599997, 0],
              [114.960914854, -2.87971034799995, 0],
              [114.961314602, -2.87989594699997, 0],
              [114.961685798, -2.88030997199996, 0],
              [114.96225687, -2.88155205099997, 0],
              [114.96287077, -2.88296545099996, 0],
              [114.963199136, -2.88350796799995, 0],
              [114.964098572, -2.88425035999995, 0],
              [114.965426312, -2.88499275199996, 0],
              [114.965326375, -2.88550671499996, 0],
              [114.965626186, -2.88654891899995, 0],
              [114.966943516, -2.89180425599994, 0],
              [114.968549651, -2.89135810699997, 0],
              [114.968728112, -2.89222066199994, 0],
              [114.96890657, -2.89293449999997, 0],
              [114.968490165, -2.89361859599995, 0],
              [114.968638882, -2.89457037999995, 0],
              [114.9689958, -2.89448114999993, 0],
              [114.969620409, -2.89355910899997, 0],
              [114.970423477, -2.89314270299997, 0],
              [114.971137315, -2.89272629699997, 0],
              [114.971732181, -2.89156630999997, 0],
              [114.974438817, -2.89355910899997, 0],
              [114.974016463, -2.91095296999993, 0],
              [114.973621021, -2.92396776699997, 0],
              [114.974221088, -2.93617074299993, 0]
            ]
          ]
        ]
      }
    },
    {
      "type": "Feature",
      "properties": {
        "kd_propinsi": "63",
        "kd_dati2": "05",
        "kd_kecamatan": "8",
        "kd_kelurahan": "79",
        "nm_kelurahan": "Baramban"
      },
      "geometry": {
        "type": "MultiPolygon",
        "coordinates": [
          [
            [
              [115.260519895, -2.97263850999997, 0],
              [115.258166291, -2.97237699799996, 0],
              [115.257401156, -2.97229198299993, 0],
              [115.253943256, -2.97195811699993, 0],
              [115.240781994, -2.97065825999994, 0],
              [115.229320905, -2.96908772199993, 0],
              [115.227480059, -2.96882935599996, 0],
              [115.227580069, -2.96869481699997, 0],
              [115.231436006, -2.96350748599997, 0],
              [115.234427308, -2.96061589399994, 0],
              [115.235086492, -2.96004964599996, 0],
              [115.238258407, -2.95732492799994, 0],
              [115.240161141, -2.95569280099994, 0],
              [115.242986564, -2.95332483699997, 0],
              [115.242987929, -2.95332368799996, 0],
              [115.245472092, -2.95124171899994, 0],
              [115.245446802, -2.94631012199994, 0],
              [115.245309635, -2.94612723299997, 0],
              [115.245295059, -2.94610779899995, 0],
              [115.245814644, -2.94541501999993, 0],
              [115.248178147, -2.94226368199998, 0],
              [115.250100205, -2.94160613599996, 0],
              [115.253888356, -2.94137753999996, 0],
              [115.255418593, -2.94128519799995, 0],
              [115.255967542, -2.94125207199994, 0],
              [115.256722432, -2.94125207199994, 0],
              [115.258648307, -2.94125207199994, 0],
              [115.259545583, -2.94135403499996, 0],
              [115.260260731, -2.94143530199995, 0],
              [115.260873849, -2.94150497499993, 0],
              [115.262138361, -2.94221310299997, 0],
              [115.262694746, -2.94271890599993, 0],
              [115.263111864, -2.94270912999997, 0],
              [115.269169049, -2.94256716499996, 0],
              [115.271702096, -2.93924049899994, 0],
              [115.273935321, -2.93705285199997, 0],
              [115.275004526, -2.93600546499994, 0],
              [115.275244645, -2.93577765999993, 0],
              [115.275244687, -2.93577762199993, 0],
              [115.276454027, -2.93463030099997, 0],
              [115.277632993, -2.93351179199993, 0],
              [115.279766608, -2.93232189299994, 0],
              [115.281137612, -2.93155729299997, 0],
              [115.282508489, -2.92975350699993, 0],
              [115.282555872, -2.92987128599998, 0],
              [115.282705566, -2.92986758599994, 0],
              [115.281571289, -2.93385837099993, 0],
              [115.279001472, -2.93835555199996, 0],
              [115.275741611, -2.94299550099993, 0],
              [115.271196839, -2.94853964499993, 0],
              [115.269381121, -2.95174033399997, 0],
              [115.267538418, -2.95549956999997, 0],
              [115.265575363, -2.96141847799993, 0],
              [115.263218507, -2.96598823299996, 0],
              [115.260519895, -2.97263850999997, 0]
            ]
          ]
        ]
      }
    },
    {
      "type": "Feature",
      "properties": {
        "kd_propinsi": "63",
        "kd_dati2": "05",
        "kd_kecamatan": "5",
        "kd_kelurahan": "48",
        "nm_kelurahan": "Batalas"
      },
      "geometry": {
        "type": "MultiPolygon",
        "coordinates": [
          [
            [
              [114.921685672, -2.81934900699997, 0],
              [114.915698708, -2.81972319199997, 0],
              [114.915631874, -2.81972736999995, 0],
              [114.914705709, -2.82097291199995, 0],
              [114.909938079, -2.82738454299994, 0],
              [114.907306084, -2.83092412499997, 0],
              [114.907240371, -2.83101249499993, 0],
              [114.905475921, -2.82552860899995, 0],
              [114.902823518, -2.82690006699994, 0],
              [114.899016382, -2.82898209499996, 0],
              [114.895476932, -2.83127232699997, 0],
              [114.89066011, -2.83422841099997, 0],
              [114.888732746, -2.83481137799993, 0],
              [114.887673886, -2.83491845299994, 0],
              [114.88549668, -2.83515521099997, 0],
              [114.884554413, -2.83515521099997, 0],
              [114.883226673, -2.83609747599996, 0],
              [114.879963445, -2.83607519899994, 0],
              [114.879677908, -2.84717538499996, 0],
              [114.883970188, -2.85288737899998, 0],
              [114.881066226, -2.85206245499995, 0],
              [114.873457589, -2.84990108899996, 0],
              [114.862139912, -2.84668610499995, 0],
              [114.827116196, -2.83673701299995, 0],
              [114.826755625, -2.83663458699994, 0],
              [114.826127799, -2.83645624199994, 0],
              [114.824887077, -2.83610378199995, 0],
              [114.8245921, -2.83615225799997, 0],
              [114.824534024, -2.83617759199996, 0],
              [114.822761061, -2.83203269499995, 0],
              [114.822630033, -2.83172637199994, 0],
              [114.820111694, -2.82583890699993, 0],
              [114.816179172, -2.81717497299997, 0],
              [114.816178942, -2.81717446399995, 0],
              [114.816178711, -2.81717395399994, 0],
              [114.811458329, -2.80677424999993, 0],
              [114.80965861, -2.79759478099993, 0],
              [114.809318089, -2.79451947399997, 0],
              [114.808281678, -2.78515945599997, 0],
              [114.807923468, -2.78192439599997, 0],
              [114.807644538, -2.77937911499993, 0],
              [114.8077127, -2.77936121799996, 0],
              [114.807991807, -2.77928374499993, 0],
              [114.80924968, -2.77964871999996, 0],
              [114.810710435, -2.78007255899996, 0],
              [114.897648658, -2.80529473299993, 0],
              [114.899395181, -2.80515315499997, 0],
              [114.900080467, -2.80574326099998, 0],
              [114.900937073, -2.80656179599993, 0],
              [114.901736572, -2.80739936599997, 0],
              [114.902307641, -2.80795140099997, 0],
              [114.90337364, -2.80880800699993, 0],
              [114.903925675, -2.80913161299998, 0],
              [114.904325424, -2.80916968499997, 0],
              [114.904649032, -2.80907450599995, 0],
              [114.904820352, -2.80897932799996, 0],
              [114.904972638, -2.80880800699993, 0],
              [114.905067817, -2.80856054299994, 0],
              [114.905162995, -2.80829404299993, 0],
              [114.905258173, -2.80787525899996, 0],
              [114.905334316, -2.80768490199995, 0],
              [114.905676959, -2.80738032999994, 0],
              [114.906152851, -2.80715190199993, 0],
              [114.906609707, -2.80696154599997, 0],
              [114.906971385, -2.80696154599997, 0],
              [114.907314028, -2.80703768799998, 0],
              [114.90752342, -2.80722804499993, 0],
              [114.907618598, -2.80738032999994, 0],
              [114.907770884, -2.80755165099993, 0],
              [114.908151599, -2.80776104399996, 0],
              [114.908456169, -2.80795140099997, 0],
              [114.908589418, -2.80814175799998, 0],
              [114.908665561, -2.80833211499993, 0],
              [114.908684597, -2.80852247199994, 0],
              [114.908798811, -2.80869379299998, 0],
              [114.908913025, -2.80890318499996, 0],
              [114.908951096, -2.80915064899995, 0],
              [114.909084348, -2.80951232699994, 0],
              [114.909179526, -2.80996918399995, 0],
              [114.909217597, -2.81029279099994, 0],
              [114.909198561, -2.81061639799998, 0],
              [114.914718911, -2.81476617799996, 0],
              [114.921685672, -2.81934900699997, 0]
            ]
          ]
        ]
      }
    },
    {
      "type": "Feature",
      "properties": {
        "kd_propinsi": "63",
        "kd_dati2": "05",
        "kd_kecamatan": "7",
        "kd_kelurahan": "70",
        "nm_kelurahan": "Bataratat"
      },
      "geometry": {
        "type": "MultiPolygon",
        "coordinates": [
          [
            [
              [115.211520836, -2.87365794299996, 0],
              [115.211573033, -2.87366457899998, 0],
              [115.211681586, -2.87371247599998, 0],
              [115.211803662, -2.87379448299993, 0],
              [115.211918939, -2.87388329799995, 0],
              [115.212268273, -2.87416252199995, 0],
              [115.212387672, -2.87427421299998, 0],
              [115.21244534, -2.87433914399998, 0],
              [115.212461707, -2.87435757199995, 0],
              [115.212532612, -2.87443740699996, 0],
              [115.212677621, -2.87455771599997, 0],
              [115.212848211, -2.87470379599995, 0],
              [115.212984744, -2.87478120499998, 0],
              [115.213155455, -2.87485009099993, 0],
              [115.213334721, -2.87491041299995, 0],
              [115.213479888, -2.87492779499996, 0],
              [115.213607988, -2.87493657399995, 0],
              [115.213941029, -2.87497140599993, 0],
              [115.214123994, -2.87497951699993, 0],
              [115.214287818, -2.87499038999994, 0],
              [115.214406996, -2.87499940399994, 0],
              [115.214514451, -2.87502563099997, 0],
              [115.214603408, -2.87502949399993, 0],
              [115.214703485, -2.87503337299995, 0],
              [115.214811016, -2.87501120699994, 0],
              [115.214925948, -2.87499649799997, 0],
              [115.215059415, -2.87498181699993, 0],
              [115.215297645, -2.87499650599995, 0],
              [115.215479443, -2.87503893799993, 0],
              [115.215595965, -2.87507658599998, 0],
              [115.215735767, -2.87513768399998, 0],
              [115.21581964, -2.87517996299994, 0],
              [115.215912824, -2.87523162299993, 0],
              [115.216071278, -2.87529275099996, 0],
              [115.216127236, -2.87529283899994, 0],
              [115.216201863, -2.87528358999998, 0],
              [115.216276655, -2.87525044999995, 0],
              [115.216303733, -2.87523134499998, 0],
              [115.216327803, -2.87521486099996, 0],
              [115.216379699, -2.87520858699998, 0],
              [115.216422705, -2.87522263499994, 0],
              [115.216463175, -2.87523921999997, 0],
              [115.216508727, -2.87524437499997, 0],
              [115.216547959, -2.87524316599996, 0],
              [115.216593544, -2.87522544499996, 0],
              [115.21664419, -2.87521027399993, 0],
              [115.216701139, -2.87520909199998, 0],
              [115.216760598, -2.87522189499993, 0],
              [115.216872748, -2.87527347799994, 0],
              [115.216997032, -2.87531340599998, 0],
              [115.217095887, -2.87535045499993, 0],
              [115.217160841, -2.87537893799993, 0],
              [115.217254097, -2.87538192199997, 0],
              [115.21734736, -2.87537922999997, 0],
              [115.217409573, -2.87535378599995, 0],
              [115.217454851, -2.87531412399994, 0],
              [115.217500173, -2.87524608299998, 0],
              [115.217523401, -2.87505734399997, 0],
              [115.217554085, -2.87488430999997, 0],
              [115.217605014, -2.87473166999996, 0],
              [115.217711685, -2.87458929899998, 0],
              [115.217813257, -2.87446728299994, 0],
              [115.217940112, -2.87438603099997, 0],
              [115.218041558, -2.87434546499998, 0],
              [115.218122123, -2.87432248499994, 0],
              [115.218678984, -2.87629888499993, 0],
              [115.219127533, -2.87813445799998, 0],
              [115.219685305, -2.88091533999995, 0],
              [115.220214431, -2.88150339899994, 0],
              [115.220913992, -2.88211729999995, 0],
              [115.221513616, -2.88260270999996, 0],
              [115.222427329, -2.88328799499993, 0],
              [115.222984124, -2.88375912899994, 0],
              [115.2236123, -2.88433019899998, 0],
              [115.224054881, -2.88485843999996, 0],
              [115.224383247, -2.88528674199995, 0],
              [115.224297585, -2.88564366199995, 0],
              [115.224554569, -2.88597202699998, 0],
              [115.224749839, -2.88623775099995, 0],
              [115.225893783, -2.88659711899993, 0],
              [115.227339779, -2.88682463499993, 0],
              [115.227452897, -2.88810851799997, 0],
              [115.227594242, -2.88960901899998, 0],
              [115.227789614, -2.89088230199997, 0],
              [115.22794003, -2.89149022999993, 0],
              [115.228263195, -2.89279635999998, 0],
              [115.228465708, -2.89382498599997, 0],
              [115.226346474, -2.89592955199993, 0],
              [115.223273259, -2.89590711999995, 0],
              [115.22277975, -2.89711845999995, 0],
              [115.220581393, -2.89809052299995, 0],
              [115.218397989, -2.89861394199994, 0],
              [115.217813994, -2.89748266899994, 0],
              [115.217248481, -2.89634962999998, 0],
              [115.216958598, -2.89576883199993, 0],
              [115.216649708, -2.89514995299993, 0],
              [115.216376459, -2.89460248199993, 0],
              [115.215977304, -2.89380275399998, 0],
              [115.215532442, -2.89291275799997, 0],
              [115.215177903, -2.89220367799993, 0],
              [115.214875711, -2.89159929499994, 0],
              [115.214405055, -2.89065797999996, 0],
              [115.213948029, -2.88866673899997, 0],
              [115.21363478, -2.88735897499993, 0],
              [115.213301598, -2.885968, 0],
              [115.212999301, -2.88470596299993, 0],
              [115.212491332, -2.88369586299996, 0],
              [115.212039551, -2.88279749299994, 0],
              [115.211544763, -2.88181360499993, 0],
              [115.211293793, -2.88131455199994, 0],
              [115.211047697, -2.88082518799996, 0],
              [115.210159268, -2.87961588199994, 0],
              [115.209460589, -2.87866485799998, 0],
              [115.207735207, -2.87631631199997, 0],
              [115.205821312, -2.87487197799993, 0],
              [115.20415012, -2.87361080099993, 0],
              [115.202446369, -2.87232505299994, 0],
              [115.201453191, -2.87157554099997, 0],
              [115.199924167, -2.87042164799993, 0],
              [115.199837063, -2.87035591199998, 0],
              [115.19988038, -2.87035598099993, 0],
              [115.200069636, -2.87032383899998, 0],
              [115.200180406, -2.87031474499997, 0],
              [115.200291103, -2.87035199599995, 0],
              [115.200447895, -2.87042175999994, 0],
              [115.200530889, -2.87046823599997, 0],
              [115.200663905, -2.87057582299997, 0],
              [115.200775873, -2.87066284799994, 0],
              [115.200884694, -2.87071448599994, 0],
              [115.201006296, -2.87078544299993, 0],
              [115.20110235, -2.87080811199996, 0],
              [115.201230429, -2.87083404699996, 0],
              [115.20133925, -2.87088568399997, 0],
              [115.201432036, -2.87095016299998, 0],
              [115.201492842, -2.87098242499997, 0],
              [115.201585211, -2.87102697999995, 0],
              [115.201628958, -2.87105040799997, 0],
              [115.201686559, -2.87108125499998, 0],
              [115.201690176, -2.87108329699993, 0],
              [115.201765732, -2.87112594499996, 0],
              [115.201854878, -2.87118839899995, 0],
              [115.201908135, -2.87123258599996, 0],
              [115.201964539, -2.87127047599995, 0],
              [115.202030396, -2.87128003099997, 0],
              [115.202115092, -2.87128016499997, 0],
              [115.202152778, -2.87125187299995, 0],
              [115.202181083, -2.87120466599993, 0],
              [115.202206242, -2.87116375299996, 0],
              [115.202231372, -2.87114174099997, 0],
              [115.202360006, -2.87112619399994, 0],
              [115.202460349, -2.87114840299995, 0],
              [115.202513638, -2.87117368899993, 0],
              [115.202563772, -2.87120842099995, 0],
              [115.202617014, -2.87126205799996, 0],
              [115.202667114, -2.87131883999996, 0],
              [115.202757966, -2.87139458699994, 0],
              [115.202839478, -2.87142306699997, 0],
              [115.202917884, -2.87143264199995, 0],
              [115.203030796, -2.87144227099998, 0],
              [115.203146859, -2.87144245399998, 0],
              [115.203291175, -2.87141025199998, 0],
              [115.203421619, -2.87136993199994, 0],
              [115.203465127, -2.87133882499995, 0],
              [115.203490034, -2.87129210299997, 0],
              [115.203508717, -2.87125472299994, 0],
              [115.203527373, -2.87123604699997, 0],
              [115.203580155, -2.87122989599993, 0],
              [115.203626708, -2.87123620399996, 0],
              [115.203695983, -2.87125661399995, 0],
              [115.203701179, -2.87125814499996, 0],
              [115.203753917, -2.87128004999994, 0],
              [115.203834569, -2.87131758699997, 0],
              [115.203905917, -2.87134887399998, 0],
              [115.203986021, -2.87140233999998, 0],
              [115.204095561, -2.87141351499997, 0],
              [115.204169509, -2.87141638199995, 0],
              [115.204246203, -2.87141375299996, 0],
              [115.204325679, -2.87138362199994, 0],
              [115.204391458, -2.87135621999994, 0],
              [115.204468157, -2.87135083899995, 0],
              [115.204520189, -2.87135642299995, 0],
              [115.204580407, -2.87138127299994, 0],
              [115.204635138, -2.87141161599993, 0],
              [115.204687105, -2.87145845799995, 0],
              [115.204752779, -2.87149706999998, 0],
              [115.204844754, -2.87152464199994, 0],
              [115.204982945, -2.87155480299998, 0],
              [115.205096773, -2.87156314799995, 0],
              [115.205210614, -2.87156332799998, 0],
              [115.205319036, -2.87156349899993, 0],
              [115.205446421, -2.87156914499997, 0],
              [115.205552109, -2.87158292099997, 0],
              [115.205762769, -2.871618, 0],
              [115.205845152, -2.87163171799995, 0],
              [115.206112248, -2.87170333199993, 0],
              [115.206390241, -2.87178043999995, 0],
              [115.206591917, -2.87184099899997, 0],
              [115.206793626, -2.87187965199996, 0],
              [115.207029704, -2.87192820399997, 0],
              [115.20714823, -2.87195143599996, 0],
              [115.207308871, -2.87194784899998, 0],
              [115.207503943, -2.87193663399995, 0],
              [115.207790777, -2.87194476799994, 0],
              [115.207829608, -2.87194817199998, 0],
              [115.20792462, -2.87195650099994, 0],
              [115.208127258, -2.87199906999996, 0],
              [115.208249556, -2.87205687499994, 0],
              [115.208511034, -2.87214857999993, 0],
              [115.208726773, -2.87223021299997, 0],
              [115.208883148, -2.87231175299996, 0],
              [115.209001771, -2.87237697399996, 0],
              [115.209114957, -2.87246928499997, 0],
              [115.209249736, -2.87255620999997, 0],
              [115.209341337, -2.87264848699994, 0],
              [115.209405993, -2.87271362399997, 0],
              [115.209459859, -2.87277874299997, 0],
              [115.209529847, -2.87288724399997, 0],
              [115.209583702, -2.87295778299995, 0],
              [115.209626782, -2.87301746599997, 0],
              [115.209729125, -2.87314227799993, 0],
              [115.20978836, -2.87322366399997, 0],
              [115.209894857, -2.87330030999993, 0],
              [115.209901563, -2.87330513599994, 0],
              [115.210025592, -2.87336494599998, 0],
              [115.210295263, -2.87346834299996, 0],
              [115.210413946, -2.87349562699995, 0],
              [115.210689091, -2.87355025599993, 0],
              [115.210845576, -2.87356134199996, 0],
              [115.211159016, -2.87358892999993, 0],
              [115.211355824, -2.87363696599994, 0],
              [115.211520836, -2.87365794299996, 0]
            ]
          ]
        ]
      }
    },
    {
      "type": "Feature",
      "properties": {
        "kd_propinsi": "63",
        "kd_dati2": "05",
        "kd_kecamatan": "8",
        "kd_kelurahan": "80",
        "nm_kelurahan": "Batu Ampar"
      },
      "geometry": {
        "type": "MultiPolygon",
        "coordinates": [
          [
            [
              [115.326136877, -2.93060039099993, 0],
              [115.32495566, -2.93172103299997, 0],
              [115.324841446, -2.93257763899993, 0],
              [115.324536875, -2.93360556699997, 0],
              [115.323261484, -2.93415760099992, 0],
              [115.322290664, -2.93432892299995, 0],
              [115.32209168, -2.93593093199996, 0],
              [115.322032989, -2.93761106599993, 0],
              [115.321949708, -2.93784901299995, 0],
              [115.321580892, -2.93808695899998, 0],
              [115.321152589, -2.93840818599995, 0],
              [115.321093102, -2.93871751599994, 0],
              [115.321176384, -2.93901494799997, 0],
              [115.321699865, -2.93939566199992, 0],
              [115.3219854, -2.93990724599996, 0],
              [115.321914017, -2.94043072799997, 0],
              [115.321818837, -2.94189409599994, 0],
              [115.321866427, -2.94375007599996, 0],
              [115.321997298, -2.94461857899995, 0],
              [115.322532677, -2.94561795299995, 0],
              [115.322758725, -2.94643886699993, 0],
              [115.322592162, -2.94721219199994, 0],
              [115.322104374, -2.94860417599995, 0],
              [115.321354843, -2.94991287999994, 0],
              [115.320363472, -2.95035385899996, 0],
              [115.319534555, -2.95043636099996, 0],
              [115.317847517, -2.95066478999996, 0],
              [115.316962358, -2.95113592299992, 0],
              [115.31681959, -2.95146428799995, 0],
              [115.317062296, -2.95220667999996, 0],
              [115.317904624, -2.95344875899997, 0],
              [115.318204436, -2.95394844599997, 0],
              [115.317990285, -2.95460517699996, 0],
              [115.317690472, -2.95527618499995, 0],
              [115.31774758, -2.95560455099997, 0],
              [115.317709212, -2.95613839199996, 0],
              [115.317847517, -2.95654681699995, 0],
              [115.317476321, -2.95713216599995, 0],
              [115.321851636, -2.96852000999996, 0],
              [115.321939084, -2.96874761599997, 0],
              [115.321853426, -2.96865217499993, 0],
              [115.32172606, -2.96851026399997, 0],
              [115.313229444, -2.95904322099995, 0],
              [115.31258223, -2.95881479199994, 0],
              [115.311630445, -2.95845311399995, 0],
              [115.311021303, -2.95856732899995, 0],
              [115.309803019, -2.95934779199996, 0],
              [115.308622808, -2.96028053999993, 0],
              [115.307766202, -2.96109907499994, 0],
              [115.307290308, -2.96100389699996, 0],
              [115.306814417, -2.96012825499997, 0],
              [115.306585988, -2.95913839899993, 0],
              [115.306014918, -2.95799625799998, 0],
              [115.305101205, -2.95731097299995, 0],
              [115.304244599, -2.95734904399996, 0],
              [115.303235708, -2.95809143599996, 0],
              [115.301922244, -2.95883382899996, 0],
              [115.301065638, -2.95982368399996, 0],
              [115.300285175, -2.96092775399995, 0],
              [115.299238212, -2.96218410899996, 0],
              [115.298038964, -2.96406864199997, 0],
              [115.29655418, -2.96566763999994, 0],
              [115.295373968, -2.96581992599994, 0],
              [115.29447929, -2.96534403299995, 0],
              [115.293717863, -2.96408767799994, 0],
              [115.293851113, -2.96266000099996, 0],
              [115.294555433, -2.96199375199996, 0],
              [115.294388872, -2.96098010199995, 0],
              [115.2938178, -2.96087302599995, 0],
              [115.293139655, -2.96002831799996, 0],
              [115.291914231, -2.95832700299997, 0],
              [115.291474031, -2.95729193699998, 0],
              [115.291188496, -2.95695881299997, 0],
              [115.290141534, -2.95732762899996, 0],
              [115.289665641, -2.95766075399996, 0],
              [115.289480417, -2.95813395599993, 0],
              [115.288179992, -2.95724885099997, 0],
              [115.287544986, -2.95702599299995, 0],
              [115.287602094, -2.95575060199997, 0],
              [115.287544987, -2.95552217399995, 0],
              [115.286878737, -2.95540795999995, 0],
              [115.286650309, -2.95498917399993, 0],
              [115.286545574, -2.95425209499996, 0],
              [115.286231523, -2.95359956899995, 0],
              [115.28651706, -2.95274296299994, 0],
              [115.287240415, -2.95158178599996, 0],
              [115.288344486, -2.94931653899994, 0],
              [115.289638912, -2.94636600799993, 0],
              [115.289772161, -2.94524290199996, 0],
              [115.290095768, -2.94476700999996, 0],
              [115.290647803, -2.94429111799997, 0],
              [115.291580552, -2.94339643999996, 0],
              [115.292741729, -2.94151190699995, 0],
              [115.292989194, -2.94038880199997, 0],
              [115.293998085, -2.93795223399997, 0],
              [115.294512048, -2.93660069999993, 0],
              [115.296527778, -2.93318998899997, 0],
              [115.296595642, -2.93312952499997, 0],
              [115.296699942, -2.93303659799994, 0],
              [115.296834075, -2.93291709199997, 0],
              [115.296945895, -2.93281746499997, 0],
              [115.297691098, -2.93215351999993, 0],
              [115.297705998, -2.93210041999993, 0],
              [115.297751091, -2.93193972299997, 0],
              [115.297951074, -2.93175973999996, 0],
              [115.298006756, -2.93170962499994, 0],
              [115.298021163, -2.93163759199996, 0],
              [115.298048919, -2.93149881399995, 0],
              [115.298051589, -2.93148546399993, 0],
              [115.298110022, -2.93119329399997, 0],
              [115.298307292, -2.93020694199993, 0],
              [115.298364405, -2.92992137899995, 0],
              [115.298419, -2.929857, 0],
              [115.298468, -2.929559, 0],
              [115.298497, -2.92939, 0],
              [115.298562, -2.929114, 0],
              [115.29859, -2.929034, 0],
              [115.298622573, -2.92883403999997, 0],
              [115.298626, -2.928813, 0],
              [115.298632065, -2.92880021299993, 0],
              [115.298875, -2.928288, 0],
              [115.298981, -2.927968, 0],
              [115.299128, -2.92774, 0],
              [115.299158, -2.927684, 0],
              [115.299204, -2.927445, 0],
              [115.299238345, -2.92722843799993, 0],
              [115.299282, -2.927027, 0],
              [115.299296, -2.926794, 0],
              [115.299293, -2.92674, 0],
              [115.299276, -2.926514, 0],
              [115.299276119, -2.92650500899993, 0],
              [115.299279, -2.926288, 0],
              [115.299299, -2.926048, 0],
              [115.299302, -2.92602, 0],
              [115.299308, -2.925867, 0],
              [115.299317, -2.92578, 0],
              [115.29933, -2.92563, 0],
              [115.299336, -2.925559, 0],
              [115.299367, -2.925401, 0],
              [115.299383, -2.925371, 0],
              [115.300691, -2.922765, 0],
              [115.301441, -2.922236, 0],
              [115.301568, -2.922176, 0],
              [115.301749, -2.922158, 0],
              [115.301783, -2.922176, 0],
              [115.301874, -2.92212, 0],
              [115.301961, -2.922104, 0],
              [115.302112, -2.922135, 0],
              [115.302158, -2.922113, 0],
              [115.302333, -2.922149, 0],
              [115.302384, -2.92217, 0],
              [115.302572, -2.922266, 0],
              [115.302815, -2.922421, 0],
              [115.303339, -2.922819, 0],
              [115.303596, -2.923007, 0],
              [115.303793, -2.92314, 0],
              [115.304148, -2.92329, 0],
              [115.304234, -2.923303, 0],
              [115.30458, -2.923282, 0],
              [115.304908, -2.923264, 0],
              [115.305146, -2.923243, 0],
              [115.305197, -2.923246, 0],
              [115.30542, -2.92331, 0],
              [115.305826, -2.923438, 0],
              [115.305898, -2.923466, 0],
              [115.306099, -2.923547, 0],
              [115.306288, -2.923621, 0],
              [115.306477928, -2.92370121199997, 0],
              [115.3067, -2.923795, 0],
              [115.306754, -2.923827, 0],
              [115.307173, -2.924035, 0],
              [115.307259, -2.924103, 0],
              [115.30728, -2.924103, 0],
              [115.307386, -2.924133, 0],
              [115.307572, -2.924256, 0],
              [115.307902, -2.924432, 0],
              [115.308051, -2.924501, 0],
              [115.308202, -2.924551, 0],
              [115.308227, -2.92456, 0],
              [115.308288, -2.924575, 0],
              [115.308329, -2.924576, 0],
              [115.308416, -2.92458, 0],
              [115.308614, -2.924567, 0],
              [115.30871, -2.924529, 0],
              [115.308812637, -2.92446115499996, 0],
              [115.308887, -2.924412, 0],
              [115.309042, -2.92434, 0],
              [115.309077, -2.924312, 0],
              [115.309347, -2.924029, 0],
              [115.309363, -2.924023, 0],
              [115.3094, -2.924015, 0],
              [115.309485, -2.924, 0],
              [115.309676, -2.923979, 0],
              [115.309959, -2.923929, 0],
              [115.310071, -2.923899, 0],
              [115.310119, -2.923873, 0],
              [115.310192, -2.923888, 0],
              [115.310296, -2.923889, 0],
              [115.310479134, -2.92377183399998, 0],
              [115.310668, -2.923651, 0],
              [115.310713, -2.923649, 0],
              [115.310872, -2.923657, 0],
              [115.311444, -2.923752, 0],
              [115.311534, -2.923777, 0],
              [115.311709, -2.9238, 0],
              [115.311959, -2.923816, 0],
              [115.312092, -2.923802, 0],
              [115.312235, -2.923788, 0],
              [115.312394, -2.923762, 0],
              [115.312459, -2.923761, 0],
              [115.312489, -2.923775, 0],
              [115.312685, -2.923744, 0],
              [115.312821, -2.923731, 0],
              [115.313045, -2.923723, 0],
              [115.313454, -2.923697, 0],
              [115.313786, -2.923676, 0],
              [115.313877, -2.923748, 0],
              [115.313972, -2.923753, 0],
              [115.314039, -2.923779, 0],
              [115.314104, -2.923802, 0],
              [115.314446, -2.923986, 0],
              [115.31471, -2.924062, 0],
              [115.314978, -2.924075, 0],
              [115.315295, -2.924096, 0],
              [115.3157, -2.924257, 0],
              [115.315825, -2.924326, 0],
              [115.316284, -2.92454, 0],
              [115.316683, -2.924443, 0],
              [115.316932, -2.924373, 0],
              [115.31733, -2.924361, 0],
              [115.317676, -2.924463, 0],
              [115.317799, -2.924709, 0],
              [115.317785, -2.924781, 0],
              [115.317822, -2.92484, 0],
              [115.317865, -2.924961, 0],
              [115.318003, -2.925247, 0],
              [115.318155, -2.925765, 0],
              [115.318312, -2.926181, 0],
              [115.318362, -2.926291, 0],
              [115.318421, -2.926349, 0],
              [115.318695, -2.926497, 0],
              [115.318708, -2.926522, 0],
              [115.31877, -2.926559, 0],
              [115.31902, -2.926573, 0],
              [115.319351, -2.926612, 0],
              [115.319725, -2.926727, 0],
              [115.319779, -2.926774, 0],
              [115.32016, -2.926936, 0],
              [115.320339, -2.927014, 0],
              [115.320504, -2.927104, 0],
              [115.320569, -2.927173, 0],
              [115.32059, -2.927219, 0],
              [115.320638, -2.927264, 0],
              [115.320753, -2.927359, 0],
              [115.32085, -2.927435, 0],
              [115.320955, -2.92756, 0],
              [115.320995, -2.927654, 0],
              [115.321018, -2.927678, 0],
              [115.321139, -2.927766, 0],
              [115.32132, -2.92782, 0],
              [115.321384, -2.927836, 0],
              [115.321523, -2.927861, 0],
              [115.321551, -2.927867, 0],
              [115.321631, -2.927877, 0],
              [115.32177, -2.927882, 0],
              [115.321845, -2.927915, 0],
              [115.321879, -2.927912, 0],
              [115.321906, -2.927926, 0],
              [115.322217, -2.927964, 0],
              [115.322451, -2.92797, 0],
              [115.322577, -2.927964, 0],
              [115.322693, -2.927951, 0],
              [115.322915, -2.927866, 0],
              [115.323279, -2.927652, 0],
              [115.323459, -2.927544, 0],
              [115.323569, -2.927599, 0],
              [115.323628, -2.927555, 0],
              [115.323835, -2.927634, 0],
              [115.32405, -2.927747, 0],
              [115.324351, -2.927895, 0],
              [115.324517, -2.928022, 0],
              [115.324673, -2.928145, 0],
              [115.324876, -2.928294, 0],
              [115.325023, -2.928416, 0],
              [115.32509, -2.928538, 0],
              [115.325114, -2.928601, 0],
              [115.325135, -2.928577, 0],
              [115.32513, -2.92859, 0],
              [115.325126, -2.928634, 0],
              [115.325186, -2.928705, 0],
              [115.325211, -2.928676, 0],
              [115.32523, -2.928698, 0],
              [115.325243, -2.928752, 0],
              [115.325442, -2.928957, 0],
              [115.325441, -2.929005, 0],
              [115.325592, -2.929269, 0],
              [115.325685, -2.929401, 0],
              [115.325848, -2.929727, 0],
              [115.326026, -2.930216, 0],
              [115.326134, -2.93059, 0],
              [115.326136877, -2.93060039099993, 0]
            ]
          ]
        ]
      }
    },
    {
      "type": "Feature",
      "properties": {
        "kd_propinsi": "63",
        "kd_dati2": "05",
        "kd_kecamatan": "7",
        "kd_kelurahan": "71",
        "nm_kelurahan": "Binderang"
      },
      "geometry": {
        "type": "MultiPolygon",
        "coordinates": [
          [
            [
              [115.170889987, -2.85447918499995, 0],
              [115.172605617, -2.85502567499998, 0],
              [115.174043815, -2.85546120699996, 0],
              [115.174636015, -2.85564899899993, 0],
              [115.175732828, -2.85599684299996, 0],
              [115.175883129, -2.85605663499996, 0],
              [115.176009134, -2.85610676199997, 0],
              [115.176149291, -2.85617218399995, 0],
              [115.176301455, -2.85630153399995, 0],
              [115.17647258, -2.85648351399993, 0],
              [115.176691488, -2.85673014499997, 0],
              [115.176836369, -2.85692765199997, 0],
              [115.176981239, -2.85713373499993, 0],
              [115.17716881, -2.85733988699997, 0],
              [115.177305124, -2.85755453399997, 0],
              [115.177698729, -2.85801837099996, 0],
              [115.178106271, -2.85849379399997, 0],
              [115.178667664, -2.85914233699998, 0],
              [115.179095155, -2.85959836299998, 0],
              [115.179255103, -2.85975200799993, 0],
              [115.179675503, -2.86015584299997, 0],
              [115.180215493, -2.86059108799998, 0],
              [115.180583415, -2.86089974999993, 0],
              [115.18077454, -2.86107090799993, 0],
              [115.180870054, -2.86118852199996, 0],
              [115.181213127, -2.86153860199994, 0],
              [115.181563119, -2.86186119599995, 0],
              [115.181924757, -2.86224812899997, 0],
              [115.182200715, -2.86249966799994, 0],
              [115.182397829, -2.86267839399994, 0],
              [115.182562065, -2.86284385299996, 0],
              [115.182706675, -2.86293659299997, 0],
              [115.182844717, -2.86302271499994, 0],
              [115.182962987, -2.86312862899996, 0],
              [115.183061519, -2.86323451299995, 0],
              [115.183153469, -2.86334038499996, 0],
              [115.183479193, -2.86375623599997, 0],
              [115.183928231, -2.86442166099994, 0],
              [115.184161447, -2.86474432999995, 0],
              [115.184463774, -2.86523018099996, 0],
              [115.184668075, -2.86554311599997, 0],
              [115.184710809, -2.86562264699995, 0],
              [115.184747479, -2.86569089199998, 0],
              [115.184774255, -2.86574072399998, 0],
              [115.1848144, -2.86583053599998, 0],
              [115.18486267, -2.86588321799997, 0],
              [115.18489887, -2.86592374199995, 0],
              [115.184959237, -2.86597239599996, 0],
              [115.184999448, -2.86602506599996, 0],
              [115.185015522, -2.86605341799998, 0],
              [115.185047673, -2.86610607499995, 0],
              [115.185075816, -2.86614658499997, 0],
              [115.18512809, -2.86621545999998, 0],
              [115.185164252, -2.86628026299997, 0],
              [115.185278713, -2.86641107399993, 0],
              [115.185397876, -2.86655971999994, 0],
              [115.185419408, -2.86660586599993, 0],
              [115.185423266, -2.86664723799993, 0],
              [115.185413379, -2.86669843799996, 0],
              [115.185401551, -2.86673584499994, 0],
              [115.185395607, -2.86677326299997, 0],
              [115.185399465, -2.86681463499997, 0],
              [115.185417075, -2.86684223999993, 0],
              [115.185466025, -2.86689747299994, 0],
              [115.185515011, -2.86692906799993, 0],
              [115.18568988, -2.86704143499998, 0],
              [115.185778112, -2.86711762899995, 0],
              [115.185872645, -2.86720016999993, 0],
              [115.185935645, -2.86726998599994, 0],
              [115.185979691, -2.86735244699997, 0],
              [115.186011147, -2.86741587499995, 0],
              [115.186048913, -2.86747931299993, 0],
              [115.18610759, -2.86762512199994, 0],
              [115.186164969, -2.86772744899997, 0],
              [115.186191435, -2.86778527499996, 0],
              [115.18624887, -2.86785204199992, 0],
              [115.186306319, -2.86790991799995, 0],
              [115.186368201, -2.86796335599996, 0],
              [115.186403554, -2.86799897199995, 0],
              [115.186443307, -2.86805237599998, 0],
              [115.186474219, -2.86809687499994, 0],
              [115.186496293, -2.86813246999998, 0],
              [115.186531619, -2.86818586499993, 0],
              [115.186580244, -2.86822594799997, 0],
              [115.186642168, -2.86825271699996, 0],
              [115.186690791, -2.86829279899996, 0],
              [115.186751527, -2.86834361799993, 0],
              [115.186795968, -2.86841079099997, 0],
              [115.186806998, -2.86847791099996, 0],
              [115.186806901, -2.86853942199997, 0],
              [115.186812565, -2.86856617199993, 0],
              [115.186823484, -2.86861773499993, 0],
              [115.186840081, -2.86868486399993, 0],
              [115.186865827, -2.86874198599998, 0],
              [115.186867826, -2.86874641999998, 0],
              [115.186895579, -2.86880238199996, 0],
              [115.186917791, -2.86884156099995, 0],
              [115.186934415, -2.86889191499995, 0],
              [115.186956556, -2.86897582899997, 0],
              [115.186973198, -2.86901499899994, 0],
              [115.187012098, -2.86906538799997, 0],
              [115.18707326, -2.86912140399994, 0],
              [115.187123285, -2.86917740199993, 0],
              [115.187222961, -2.86936092999997, 0],
              [115.187294353, -2.86951599199995, 0],
              [115.187365848, -2.86960464699996, 0],
              [115.18745943, -2.86966566899997, 0],
              [115.18758058, -2.86971566599993, 0],
              [115.18775681, -2.86978235299995, 0],
              [115.187872416, -2.86985447699993, 0],
              [115.187993496, -2.86994874599998, 0],
              [115.188076029, -2.87002635099998, 0],
              [115.188202612, -2.87012616199996, 0],
              [115.188301678, -2.87020379299997, 0],
              [115.188340217, -2.87022599099993, 0],
              [115.188444835, -2.87027596199994, 0],
              [115.18858251, -2.87033151899993, 0],
              [115.18866513, -2.87035378599995, 0],
              [115.188723279, -2.87036117899993, 0],
              [115.189393884, -2.87249166899994, 0],
              [115.190005903, -2.87443602799993, 0],
              [115.192699039, -2.87864597899994, 0],
              [115.193498822, -2.87980854999995, 0],
              [115.194081947, -2.87928183799994, 0],
              [115.194481696, -2.87905340999993, 0],
              [115.195533417, -2.87816824999993, 0],
              [115.197570236, -2.88005278299994, 0],
              [115.199184701, -2.88155303299993, 0],
              [115.199690336, -2.88277250699997, 0],
              [115.200314944, -2.88530068399996, 0],
              [115.199749822, -2.88898884899993, 0],
              [115.199422646, -2.89089241699998, 0],
              [115.199273931, -2.89196317499994, 0],
              [115.199163202, -2.89243397299993, 0],
              [115.199828176, -2.89351002299998, 0],
              [115.200371149, -2.89394919399996, 0],
              [115.201326215, -2.89359905499993, 0],
              [115.202426715, -2.89466981199996, 0],
              [115.203586703, -2.89594877199994, 0],
              [115.204479002, -2.89657338099994, 0],
              [115.205163096, -2.89713850299995, 0],
              [115.206085138, -2.89791182699997, 0],
              [115.20638257, -2.89844720699995, 0],
              [115.206620517, -2.89910155799993, 0],
              [115.206561029, -2.89981539699994, 0],
              [115.206828719, -2.90011282899997, 0],
              [115.207007178, -2.90076718099994, 0],
              [115.206977434, -2.90133230299995, 0],
              [115.207227797, -2.90454362199995, 0],
              [115.207738745, -2.90623183799994, 0],
              [115.208573063, -2.90898850399998, 0],
              [115.209123785, -2.91096891699993, 0],
              [115.211669325, -2.91226801999994, 0],
              [115.214917084, -2.91484867099996, 0],
              [115.215136526, -2.91771898699994, 0],
              [115.214881972, -2.92079996899997, 0],
              [115.218779093, -2.92405204699998, 0],
              [115.222096988, -2.92682269099993, 0],
              [115.22907002, -2.93265542399996, 0],
              [115.232072337, -2.93516353199993, 0],
              [115.23577065, -2.93825226799993, 0],
              [115.238483848, -2.94051754999993, 0],
              [115.239162079, -2.94066948999995, 0],
              [115.24004248, -2.94105020499995, 0],
              [115.241208416, -2.94135953399996, 0],
              [115.24273127, -2.94185921999997, 0],
              [115.243611671, -2.94212096099994, 0],
              [115.244016179, -2.94231131899994, 0],
              [115.244301716, -2.94252546999996, 0],
              [115.244563455, -2.94264444299995, 0],
              [115.24489658, -2.94281100499995, 0],
              [115.245253499, -2.94312033499995, 0],
              [115.245491445, -2.94362002199995, 0],
              [115.245634212, -2.94423868199993, 0],
              [115.245814644, -2.94541501999993, 0],
              [115.245295059, -2.94610779899995, 0],
              [115.245309635, -2.94612723299997, 0],
              [115.245446802, -2.94631012199994, 0],
              [115.245472092, -2.95124171899994, 0],
              [115.242987929, -2.95332368799996, 0],
              [115.242986564, -2.95332483699997, 0],
              [115.240161141, -2.95569280099994, 0],
              [115.238258407, -2.95732492799994, 0],
              [115.235086492, -2.96004964599996, 0],
              [115.235085693, -2.96004641199994, 0],
              [115.235013612, -2.95975512099994, 0],
              [115.234613862, -2.95958379999996, 0],
              [115.234242666, -2.95938392499994, 0],
              [115.233800088, -2.95926971099993, 0],
              [115.233314677, -2.95891279199998, 0],
              [115.232829267, -2.95847021199995, 0],
              [115.232643669, -2.95819895299997, 0],
              [115.232272473, -2.95751366799993, 0],
              [115.232058321, -2.95708536499996, 0],
              [115.231972662, -2.95662850899993, 0],
              [115.231829893, -2.95622876099998, 0],
              [115.231572911, -2.95572907299993, 0],
              [115.23087335, -2.95504378999993, 0],
              [115.230373663, -2.95504378799996, 0],
              [115.22990253, -2.95487246699997, 0],
              [115.229531333, -2.95480108299995, 0],
              [115.229274353, -2.95451554799996, 0],
              [115.228731836, -2.95383026299993, 0],
              [115.228132211, -2.95340195999995, 0],
              [115.227934754, -2.95347133799993, 0],
              [115.227931008, -2.95347265299995, 0],
              [115.2268215, -2.95228333599994, 0],
              [115.221975369, -2.94611279599997, 0],
              [115.215195502, -2.93745286999996, 0],
              [115.20675047, -2.92653789099995, 0],
              [115.199352989, -2.91713932999994, 0],
              [115.195696464, -2.91226414399995, 0],
              [115.190992609, -2.90556275799997, 0],
              [115.187976638, -2.89530304499994, 0],
              [115.187263297, -2.89500338999994, 0],
              [115.186549457, -2.89490821299995, 0],
              [115.186121155, -2.89467026599994, 0],
              [115.18578803, -2.89433714099994, 0],
              [115.185121782, -2.89390883899995, 0],
              [115.184693479, -2.89357571299996, 0],
              [115.18397964, -2.89295705399997, 0],
              [115.183218213, -2.89252875099993, 0],
              [115.182456785, -2.89229080499996, 0],
              [115.181933304, -2.89143419899995, 0],
              [115.181933304, -2.89086312899997, 0],
              [115.181409822, -2.89005411099993, 0],
              [115.181600179, -2.88886437999997, 0],
              [115.181647767, -2.88738911499996, 0],
              [115.181838126, -2.88600902699994, 0],
              [115.181790535, -2.88534277799994, 0],
              [115.181933304, -2.88381992299998, 0],
              [115.181790535, -2.88258260399994, 0],
              [115.182028482, -2.88186876599997, 0],
              [115.181647768, -2.88077421299994, 0],
              [115.181933304, -2.87915617999994, 0],
              [115.181647768, -2.87815680599994, 0],
              [115.181076698, -2.87710984399996, 0],
              [115.181029108, -2.87639600499995, 0],
              [115.180362859, -2.87549180999997, 0],
              [115.180124914, -2.87468279299998, 0],
              [115.179363486, -2.87382618699996, 0],
              [115.178887593, -2.87344547399994, 0],
              [115.177935808, -2.87239851099997, 0],
              [115.177364739, -2.87168467199996, 0],
              [115.176793667, -2.87082806699993, 0],
              [115.176746078, -2.86954315699995, 0],
              [115.176222597, -2.86863896299997, 0],
              [115.1766509, -2.86730646399997, 0],
              [115.176460542, -2.86592637599995, 0],
              [115.175699116, -2.86511735999994, 0],
              [115.174176261, -2.86321379099996, 0],
              [115.173367243, -2.86216682799994, 0],
              [115.17236787, -2.86154816899995, 0],
              [115.17184439, -2.86054879499994, 0],
              [115.171368496, -2.85888317199994, 0],
              [115.171035371, -2.85793138799994, 0],
              [115.169988409, -2.85697960299996, 0],
              [115.169751534, -2.85458618099995, 0],
              [115.169704078, -2.85410668199995, 0],
              [115.170876333, -2.85447483599995, 0],
              [115.170889987, -2.85447918499995, 0]
            ]
          ]
        ]
      }
    },
    {
      "type": "Feature",
      "properties": {
        "kd_propinsi": "63",
        "kd_dati2": "05",
        "kd_kecamatan": "5",
        "kd_kelurahan": "49",
        "nm_kelurahan": "Buas-buas"
      },
      "geometry": {
        "type": "MultiPolygon",
        "coordinates": [
          [
            [
              [114.864554483, -2.52824394999993, 0],
              [114.864600392, -2.52832359999997, 0],
              [114.865575506, -2.53001537999995, 0],
              [114.865589942, -2.53004042499993, 0],
              [114.878380605, -2.55223164199992, 0],
              [114.879854008, -2.55478792899993, 0],
              [114.879919839, -2.55490214299994, 0],
              [114.882161181, -2.55879076899993, 0],
              [114.895886376, -2.58260335599994, 0],
              [114.886371368, -2.62468063099993, 0],
              [114.882972129, -2.63808746599995, 0],
              [114.882584479, -2.63961637999995, 0],
              [114.880946198, -2.64476328199993, 0],
              [114.879804055, -2.64923666799996, 0],
              [114.879329575, -2.65132438199993, 0],
              [114.878852271, -2.65342451899994, 0],
              [114.879328163, -2.65675576499996, 0],
              [114.882427998, -2.66297281999994, 0],
              [114.883489238, -2.66418566599998, 0],
              [114.889090489, -2.67058709599996, 0],
              [114.890158673, -2.67156805899998, 0],
              [114.902343523, -2.68275799199995, 0],
              [114.917750533, -2.69798654199997, 0],
              [114.925900187, -2.70786130499994, 0],
              [114.927544828, -2.70962117599993, 0],
              [114.935239573, -2.71785504099995, 0],
              [114.939522601, -2.72100782699994, 0],
              [114.943865119, -2.72463650499998, 0],
              [114.947612769, -2.72731339899997, 0],
              [114.951419906, -2.73004977899996, 0],
              [114.954334746, -2.73361896999995, 0],
              [114.95837983, -2.73831840599996, 0],
              [114.962067994, -2.74385065299992, 0],
              [114.963140749, -2.74530959799995, 0],
              [114.963555158, -2.74587319499995, 0],
              [114.965875132, -2.74884752099996, 0],
              [114.968625393, -2.75226303899996, 0],
              [114.970838292, -2.75461870499993, 0],
              [114.972051817, -2.75633191699996, 0],
              [114.976711423, -2.76168550799997, 0],
              [114.978761897, -2.76404137099996, 0],
              [114.986185814, -2.77103698599996, 0],
              [114.995715532, -2.77997211499996, 0],
              [114.995715556, -2.77997213599997, 0],
              [114.995715609, -2.77997218499996, 0],
              [114.990698563, -2.78211515099997, 0],
              [114.99034755, -2.78226508899996, 0],
              [114.974349996, -2.78909846199997, 0],
              [114.974279861, -2.78912841999994, 0],
              [114.97414238, -2.78922007499995, 0],
              [114.972034132, -2.79062557299994, 0],
              [114.971413376, -2.79053914799994, 0],
              [114.970651948, -2.79006325599994, 0],
              [114.968010747, -2.78996807699997, 0],
              [114.965012625, -2.78975392699994, 0],
              [114.96256178, -2.78961115799996, 0],
              [114.960110936, -2.78949218499997, 0],
              [114.957779064, -2.78930182799996, 0],
              [114.956684512, -2.78908767699994, 0],
              [114.955804113, -2.78865937299997, 0],
              [114.954733355, -2.78818348199997, 0],
              [114.953496034, -2.78787415199997, 0],
              [114.951939985, -2.78713976999995, 0],
              [114.952225353, -2.78661792599996, 0],
              [114.952364453, -2.78633544299993, 0],
              [114.952503554, -2.78605295999995, 0],
              [114.952559185, -2.78593060299994, 0],
              [114.952664313, -2.78562825499995, 0],
              [114.952706825, -2.78548022699994, 0],
              [114.952787853, -2.78527870599993, 0],
              [114.952798407, -2.78524719799998, 0],
              [114.952831932, -2.78516188699996, 0],
              [114.952992327, -2.78475375799997, 0],
              [114.952997321, -2.78474104999998, 0],
              [114.953020446, -2.78468796899995, 0],
              [114.953068284, -2.78456048199996, 0],
              [114.953438609, -2.78316882599995, 0],
              [114.953467812, -2.78304077899998, 0],
              [114.953476864, -2.78299181299997, 0],
              [114.95353001, -2.78274334799994, 0],
              [114.953579891, -2.78252247499995, 0],
              [114.953613888, -2.78231732999996, 0],
              [114.953647884, -2.78211218699994, 0],
              [114.953650441, -2.78208624799993, 0],
              [114.953680658, -2.78180511799997, 0],
              [114.95375248, -2.78032882399998, 0],
              [114.953482684, -2.77885498899997, 0],
              [114.952887346, -2.77765267499996, 0],
              [114.952023794, -2.77683490199996, 0],
              [114.950745481, -2.77623293999994, 0],
              [114.949806666, -2.77602356199998, 0],
              [114.949618237, -2.77599316199996, 0],
              [114.949565967, -2.77598403099995, 0],
              [114.949329821, -2.77597078699995, 0],
              [114.949093676, -2.77595754199996, 0],
              [114.94885753, -2.77594429799996, 0],
              [114.948621383, -2.77593105299997, 0],
              [114.948399672, -2.77592375099994, 0],
              [114.947149876, -2.77586562699997, 0],
              [114.945676482, -2.77577478599994, 0],
              [114.944447489, -2.77547836799994, 0],
              [114.944384525, -2.77545747899995, 0],
              [114.944262243, -2.77541690899994, 0],
              [114.943958235, -2.77531308499994, 0],
              [114.943898265, -2.77529281499994, 0],
              [114.943628948, -2.77514734499994, 0],
              [114.94334953, -2.77497880799996, 0],
              [114.943168319, -2.77484627299998, 0],
              [114.942987105, -2.77471373899994, 0],
              [114.942805845, -2.77456121799997, 0],
              [114.942572068, -2.77432140899998, 0],
              [114.942407786, -2.77412634599995, 0],
              [114.942090764, -2.77373550399994, 0],
              [114.941762857, -2.77333124499995, 0],
              [114.941696114, -2.77324896099998, 0],
              [114.941442033, -2.77293571799993, 0],
              [114.941290074, -2.77270079999994, 0],
              [114.940932983, -2.77214877099993, 0],
              [114.940818769, -2.77198512299998, 0],
              [114.940716253, -2.77183639999993, 0],
              [114.940613738, -2.77168767599994, 0],
              [114.940549543, -2.77160845199995, 0],
              [114.940442102, -2.77138991199996, 0],
              [114.939660316, -2.76999530199993, 0],
              [114.939164174, -2.76886125199997, 0],
              [114.939030501, -2.76855570999993, 0],
              [114.938274463, -2.76669020699995, 0],
              [114.93813841, -2.76629750699993, 0],
              [114.937595531, -2.76473054599995, 0],
              [114.935679874, -2.76435118499995, 0],
              [114.933448059, -2.76301923499995, 0],
              [114.931986324, -2.76184984599996, 0],
              [114.931645285, -2.76157701499994, 0],
              [114.929998909, -2.76039533099993, 0],
              [114.927381503, -2.75849176099996, 0],
              [114.923068729, -2.75569589599996, 0],
              [114.919406739, -2.75355645599996, 0],
              [114.917863658, -2.75265494399997, 0],
              [114.909536735, -2.74762833299997, 0],
              [114.906294719, -2.74518938599994, 0],
              [114.90314223, -2.74267595399994, 0],
              [114.902743444, -2.74235800699995, 0],
              [114.863271196, -2.72244398999993, 0],
              [114.81667437, -2.69893559199994, 0],
              [114.815994334, -2.69859249599995, 0],
              [114.815847814, -2.69851857299994, 0],
              [114.815699315, -2.69845137299996, 0],
              [114.815472017, -2.69836637499998, 0],
              [114.815320429, -2.69830968899993, 0],
              [114.815320115, -2.69830960799993, 0],
              [114.815320393, -2.69830853699995, 0],
              [114.815330128, -2.69827095899996, 0],
              [114.815958638, -2.69584496899995, 0],
              [114.817025557, -2.69172675899995, 0],
              [114.817456715, -2.69006252899993, 0],
              [114.817660054, -2.68927765699993, 0],
              [114.818529013, -2.68592355399994, 0],
              [114.818589669, -2.68568942899998, 0],
              [114.819209418, -2.68329725399997, 0],
              [114.819483627, -2.68223883099995, 0],
              [114.819554729, -2.68196438299998, 0],
              [114.819906282, -2.68060742099993, 0],
              [114.820146526, -2.67968009999993, 0],
              [114.820440205, -2.67854652799997, 0],
              [114.820529333, -2.67820250299997, 0],
              [114.820564175, -2.67806801599994, 0],
              [114.820587955, -2.67797622599994, 0],
              [114.821093419, -2.67602517999995, 0],
              [114.82123457, -2.67548035099998, 0],
              [114.821436962, -2.67469913499997, 0],
              [114.821589031, -2.67411216099993, 0],
              [114.821714788, -2.67362675099997, 0],
              [114.821950312, -2.67271765099997, 0],
              [114.822188226, -2.67179932499994, 0],
              [114.822321418, -2.67128521599994, 0],
              [114.82241004, -2.67094314399998, 0],
              [114.822974822, -2.66876313299997, 0],
              [114.823160573, -2.66804615099994, 0],
              [114.82320154, -2.66788802299993, 0],
              [114.823556764, -2.66651517599996, 0],
              [114.823606947, -2.66632123199997, 0],
              [114.823854295, -2.66536529599995, 0],
              [114.824027454, -2.66469608199998, 0],
              [114.824475061, -2.66296619799994, 0],
              [114.825091437, -2.66058406799994, 0],
              [114.825855266, -2.65763206999998, 0],
              [114.827139692, -2.65266810299994, 0],
              [114.827209989, -2.65239642499995, 0],
              [114.827468715, -2.65139651399994, 0],
              [114.828947211, -2.64547881699997, 0],
              [114.831649724, -2.63466197299994, 0],
              [114.833284669, -2.62811808399994, 0],
              [114.835152821, -2.62073658199995, 0],
              [114.835152849, -2.62073647199998, 0],
              [114.835153026, -2.62073577399997, 0],
              [114.836712893, -2.61457237899998, 0],
              [114.837010895, -2.61339490299997, 0],
              [114.839757146, -2.60254382599993, 0],
              [114.840411707, -2.59995750499996, 0],
              [114.841357992, -2.59621851299994, 0],
              [114.843803369, -2.58645636699993, 0],
              [114.845643156, -2.57911178699993, 0],
              [114.849744516, -2.56256961499997, 0],
              [114.849821799, -2.56225790699995, 0],
              [114.850954615, -2.55782129599993, 0],
              [114.85111295, -2.55720118599993, 0],
              [114.851312762, -2.55641863299996, 0],
              [114.852032018, -2.55360170499995, 0],
              [114.852046147, -2.55354636799996, 0],
              [114.853105931, -2.54965370399998, 0],
              [114.853510467, -2.54816781499994, 0],
              [114.854275124, -2.54535917199996, 0],
              [114.854643866, -2.54430465599995, 0],
              [114.858726704, -2.53262869399993, 0],
              [114.859818385, -2.52950674099998, 0],
              [114.85983124, -2.52946997599997, 0],
              [114.860808719, -2.52667461799996, 0],
              [114.860821967, -2.52663673199993, 0],
              [114.86086272, -2.52652018499992, 0],
              [114.860862756, -2.52652008299998, 0],
              [114.861098672, -2.52663024499998, 0],
              [114.862105306, -2.52710029699995, 0],
              [114.864554483, -2.52824394999993, 0]
            ]
          ]
        ]
      }
    },
    {
      "type": "Feature",
      "properties": {
        "kd_propinsi": "63",
        "kd_dati2": "05",
        "kd_kecamatan": "1",
        "kd_kelurahan": "2",
        "nm_kelurahan": "Bundung"
      },
      "geometry": {
        "type": "MultiPolygon",
        "coordinates": [
          [
            [
              [115.152775329, -2.87635171899996, 0],
              [115.15227775, -2.87643841899995, 0],
              [115.151611502, -2.88010278899998, 0],
              [115.151563912, -2.88041211899997, 0],
              [115.150605113, -2.88577880099996, 0],
              [115.150530334, -2.88583137099994, 0],
              [115.14772733, -2.88771590399995, 0],
              [115.141917111, -2.89107350899997, 0],
              [115.139432052, -2.89546358799993, 0],
              [115.138797688, -2.89573722599994, 0],
              [115.137898291, -2.89616905899993, 0],
              [115.137885445, -2.89617536199995, 0],
              [115.137932367, -2.89634709499995, 0],
              [115.137946528, -2.89642108199996, 0],
              [115.137964574, -2.89652360799994, 0],
              [115.137977618, -2.89668175099996, 0],
              [115.138040231, -2.89702612199994, 0],
              [115.138048672, -2.89713797499996, 0],
              [115.138117915, -2.89738900799995, 0],
              [115.138268276, -2.89762290099998, 0],
              [115.138296465, -2.89767636599993, 0],
              [115.138520135, -2.89778582099996, 0],
              [115.13858144, -2.89778986999994, 0],
              [115.138646156, -2.89781017299993, 0],
              [115.138934331, -2.89781317399996, 0],
              [115.139001051, -2.89781758099997, 0],
              [115.139089373, -2.89784524699996, 0],
              [115.139325308, -2.89794033699997, 0],
              [115.139484915, -2.89807429299998, 0],
              [115.139691929, -2.89826702899995, 0],
              [115.139732964, -2.89830920399993, 0],
              [115.139832707, -2.89843441399995, 0],
              [115.139857468, -2.89850560399998, 0],
              [115.139896256, -2.89873106299996, 0],
              [115.139955745, -2.89887085599997, 0],
              [115.139961092, -2.89887572599997, 0],
              [115.139963188, -2.89888449899996, 0],
              [115.140091677, -2.89901298999996, 0],
              [115.140184477, -2.89906652799994, 0],
              [115.140355798, -2.89915218799996, 0],
              [115.14056638, -2.89920215799998, 0],
              [115.140778142, -2.89929149299996, 0],
              [115.140837615, -2.89937116699997, 0],
              [115.140931335, -2.89953020599995, 0],
              [115.141044579, -2.89977996599993, 0],
              [115.140791621, -2.89980228499996, 0],
              [115.139099993, -2.90013392899994, 0],
              [115.13938553, -2.90133317699997, 0],
              [115.139671064, -2.90251338999997, 0],
              [115.139965093, -2.90407390699994, 0],
              [115.140032742, -2.90512127899996, 0],
              [115.140041116, -2.90533899499997, 0],
              [115.139323712, -2.90517704199993, 0],
              [115.138294902, -2.90494478999995, 0],
              [115.135553912, -2.90432060399996, 0],
              [115.135545898, -2.90431877899994, 0],
              [115.134814418, -2.90344440499996, 0],
              [115.134238534, -2.90276452599994, 0],
              [115.133250573, -2.90177514899995, 0],
              [115.132775541, -2.90059582499993, 0],
              [115.131691, -2.89841482999998, 0],
              [115.128167029, -2.88685024699993, 0],
              [115.128084745, -2.88658021399994, 0],
              [115.128069024, -2.88652862499993, 0],
              [115.128011412, -2.88647217399995, 0],
              [115.1263125, -2.88464418499996, 0],
              [115.124667757, -2.88308480899997, 0],
              [115.121163795, -2.87976269899997, 0],
              [115.119009034, -2.87788696499996, 0],
              [115.119206345, -2.87784224799998, 0],
              [115.124698755, -2.87488479799993, 0],
              [115.134944609, -2.86936780199994, 0],
              [115.135535725, -2.86904950299993, 0],
              [115.154949157, -2.85877180399996, 0],
              [115.155103261, -2.85942674699993, 0],
              [115.155103262, -2.86382213099995, 0],
              [115.154999484, -2.86444479799997, 0],
              [115.154593049, -2.86688342399998, 0],
              [115.154114587, -2.86975421199998, 0],
              [115.153638135, -2.87261289799994, 0],
              [115.153196337, -2.87452735599993, 0],
              [115.152775329, -2.87635171899996, 0]
            ]
          ]
        ]
      }
    },
    {
      "type": "Feature",
      "properties": {
        "kd_propinsi": "63",
        "kd_dati2": "05",
        "kd_kecamatan": "3",
        "kd_kelurahan": "26",
        "nm_kelurahan": "Bungur"
      },
      "geometry": {
        "type": "MultiPolygon",
        "coordinates": [
          [
            [
              [115.182776244, -2.96128442599996, 0],
              [115.183612157, -2.96242000599995, 0],
              [115.183855775, -2.96244100799993, 0],
              [115.181479861, -2.96590055399997, 0],
              [115.179008763, -2.96950659899994, 0],
              [115.176254731, -2.97349631699996, 0],
              [115.170568083, -2.97464310299995, 0],
              [115.166010652, -2.97554847599997, 0],
              [115.165703796, -2.97533111999996, 0],
              [115.165703796, -2.97494142699998, 0],
              [115.16550223, -2.97460799099997, 0],
              [115.165660378, -2.97459516799995, 0],
              [115.165945914, -2.97438577499997, 0],
              [115.166022056, -2.97412879299998, 0],
              [115.166031574, -2.97398602599998, 0],
              [115.165955431, -2.97383374099996, 0],
              [115.165822181, -2.97372904399998, 0],
              [115.165517611, -2.97367193699995, 0],
              [115.165317735, -2.97366241899994, 0],
              [115.165079789, -2.97373856199994, 0],
              [115.164803773, -2.97386229399996, 0],
              [115.164404022, -2.97373856199994, 0],
              [115.164175595, -2.97348157999994, 0],
              [115.164070897, -2.97330074099995, 0],
              [115.163994755, -2.97304375899995, 0],
              [115.163975719, -2.97250124199996, 0],
              [115.164118488, -2.97226329599994, 0],
              [115.164299326, -2.97213004599996, 0],
              [115.164584862, -2.97210149299997, 0],
              [115.164832325, -2.97200631499993, 0],
              [115.165003646, -2.97179692199995, 0],
              [115.164956058, -2.97148283299993, 0],
              [115.164917987, -2.97132102999996, 0],
              [115.164613415, -2.97122585099993, 0],
              [115.164365951, -2.97128295799996, 0],
              [115.164013791, -2.97132102999996, 0],
              [115.163528381, -2.97114970799993, 0],
              [115.163233328, -2.97108308399993, 0],
              [115.16287165, -2.97096886899993, 0],
              [115.1627384, -2.97085465499993, 0],
              [115.162319614, -2.97064526299994, 0],
              [115.162043597, -2.97079754799995, 0],
              [115.161872275, -2.97076899499996, 0],
              [115.161662883, -2.97086417299994, 0],
              [115.161396385, -2.97117826199997, 0],
              [115.161244099, -2.97145427999993, 0],
              [115.160939527, -2.97165415399996, 0],
              [115.160711099, -2.97159704699993, 0],
              [115.160482672, -2.97147331499997, 0],
              [115.1604446, -2.97130199399993, 0],
              [115.160539778, -2.97094983299996, 0],
              [115.160596885, -2.97076899399997, 0],
              [115.16061592, -2.97039779799997, 0],
              [115.160406528, -2.97015985299993, 0],
              [115.160149546, -2.97016936999995, 0],
              [115.159864012, -2.96992190599997, 0],
              [115.159711725, -2.96967444199993, 0],
              [115.15960703, -2.96936035399995, 0],
              [115.159921119, -2.96938890699994, 0],
              [115.160130511, -2.96932228199995, 0],
              [115.160101957, -2.96904626499997, 0],
              [115.159883047, -2.96888446099996, 0],
              [115.159577773, -2.96889530599998, 0],
              [115.159807988, -2.96830976099994, 0],
              [115.159620927, -2.96836435799997, 0],
              [115.159227008, -2.96887011699994, 0],
              [115.159016863, -2.96881849699997, 0],
              [115.158531453, -2.96861862199995, 0],
              [115.158683739, -2.96836164099994, 0],
              [115.159102524, -2.96799044399995, 0],
              [115.159854434, -2.96755262399995, 0],
              [115.160187558, -2.96729564199995, 0],
              [115.15982588, -2.96706721399994, 0],
              [115.158940721, -2.96693396399996, 0],
              [115.15855049, -2.96720998099994, 0],
              [115.158264954, -2.96753358899997, 0],
              [115.1577703, -2.96769638699993, 0],
              [115.157393597, -2.96709236399994, 0],
              [115.156723062, -2.96696251699996, 0],
              [115.156045186, -2.96737302799994, 0],
              [115.1554096, -2.96720998099994, 0],
              [115.154600585, -2.96709576699993, 0],
              [115.154448298, -2.96689589199997, 0],
              [115.15368925, -2.96630102699993, 0],
              [115.153646419, -2.96570854199996, 0],
              [115.153960508, -2.96517316199993, 0],
              [115.154110415, -2.96486621199995, 0],
              [115.153903401, -2.96422375799995, 0],
              [115.153553622, -2.96402388299993, 0],
              [115.152861199, -2.96386683899993, 0],
              [115.152390065, -2.96399532899994, 0],
              [115.152175913, -2.96428800299998, 0],
              [115.151804717, -2.96443077099997, 0],
              [115.151440659, -2.96427372599993, 0],
              [115.151105156, -2.96413809699993, 0],
              [115.150833897, -2.96395249899996, 0],
              [115.150919557, -2.96383114599996, 0],
              [115.150976664, -2.96375262399994, 0],
              [115.15089547, -2.96308177499998, 0],
              [115.150848174, -2.96278180399997, 0],
              [115.150905281, -2.96258906799994, 0],
              [115.150983804, -2.96214648799997, 0],
              [115.151190817, -2.96200372099997, 0],
              [115.151605261, -2.96186713699996, 0],
              [115.150820778, -2.96113006299993, 0],
              [115.149263453, -2.96162538599998, 0],
              [115.148806596, -2.96045469099994, 0],
              [115.148227662, -2.95870814699993, 0],
              [115.147816645, -2.95964761499994, 0],
              [115.1470965, -2.95939776899996, 0],
              [115.144060001, -2.95938021799998, 0],
              [115.143392111, -2.95937635699994, 0],
              [115.143748973, -2.95902947399998, 0],
              [115.143915534, -2.95852978799996, 0],
              [115.144462811, -2.95808958699996, 0],
              [115.145045777, -2.95795871599995, 0],
              [115.146080845, -2.95783974299997, 0],
              [115.148478002, -2.95738430299997, 0],
              [115.148576105, -2.95733410799994, 0],
              [115.148609417, -2.95713899199996, 0],
              [115.148514239, -2.95699622599994, 0],
              [115.148452374, -2.95683918099996, 0],
              [115.148518998, -2.95653460899996, 0],
              [115.148699838, -2.95635377099995, 0],
              [115.148828328, -2.95631569799997, 0],
              [115.148980613, -2.95632521599993, 0],
              [115.149132898, -2.95632997599995, 0],
              [115.149323257, -2.95626810899995, 0],
              [115.149499336, -2.95618720699997, 0],
              [115.149670659, -2.95612058399996, 0],
              [115.149737281, -2.95605871699996, 0],
              [115.149789632, -2.95580173499997, 0],
              [115.149618308, -2.95558758399994, 0],
              [115.149480302, -2.95537343199993, 0],
              [115.149456507, -2.95518783299997, 0],
              [115.149446987, -2.95494512899995, 0],
              [115.149680175, -2.95489278199995, 0],
              [115.149956192, -2.95488802199998, 0],
              [115.150132272, -2.95478332499994, 0],
              [115.150160828, -2.95456441599993, 0],
              [115.15005137, -2.95435026499996, 0],
              [115.14988481, -2.95396954999995, 0],
              [115.149716209, -2.95370772499996, 0],
              [115.14970898, -2.95368859799993, 0],
              [115.149525994, -2.95320971599995, 0],
              [115.151934009, -2.95259105499997, 0],
              [115.154484791, -2.95184866299996, 0],
              [115.156302699, -2.95129662899996, 0],
              [115.158967695, -2.95128711099994, 0],
              [115.159456278, -2.95185421599996, 0],
              [115.160029728, -2.95235310899994, 0],
              [115.160553211, -2.95290038499996, 0],
              [115.16099341, -2.95340007299996, 0],
              [115.161106434, -2.95356652499993, 0],
              [115.162125502, -2.95355388999997, 0],
              [115.164146003, -2.95352883999993, 0],
              [115.167902304, -2.95503135999996, 0],
              [115.169561312, -2.95569496299993, 0],
              [115.171864435, -2.95636670899995, 0],
              [115.176059682, -2.95759032199993, 0],
              [115.178379741, -2.95891606899994, 0],
              [115.180948388, -2.96038386699996, 0],
              [115.182693435, -2.96138103699997, 0],
              [115.182776244, -2.96128442599996, 0]
            ]
          ]
        ]
      }
    },
    {
      "type": "Feature",
      "properties": {
        "kd_propinsi": "63",
        "kd_dati2": "05",
        "kd_kecamatan": "3",
        "kd_kelurahan": "27",
        "nm_kelurahan": "Bungur Baru"
      },
      "geometry": {
        "type": "MultiPolygon",
        "coordinates": [
          [
            [
              [115.143392111, -2.95937635699994, 0],
              [115.142011396, -2.95936837599993, 0],
              [115.141785917, -2.95961244199998, 0],
              [115.141262435, -2.96033817699993, 0],
              [115.14110777, -2.96056422599997, 0],
              [115.14076275, -2.96114719399998, 0],
              [115.140584289, -2.96142083199993, 0],
              [115.140548599, -2.96149221599995, 0],
              [115.140322549, -2.96173016099993, 0],
              [115.140060807, -2.96186103199995, 0],
              [115.139620607, -2.96207518299997, 0],
              [115.138835386, -2.96224174599996, 0],
              [115.138442776, -2.96237261599993, 0],
              [115.138133444, -2.96242020599993, 0],
              [115.137776526, -2.962444, 0],
              [115.137395811, -2.96268194599998, 0],
              [115.137151452, -2.96280331799994, 0],
              [115.136986265, -2.96023541199998, 0],
              [115.136841246, -2.95798102999993, 0],
              [115.1351165, -2.95593688699995, 0],
              [115.133535066, -2.95406259399994, 0],
              [115.13349617, -2.95390879699994, 0],
              [115.134657466, -2.95389440199995, 0],
              [115.135121216, -2.95388865399997, 0],
              [115.135121507, -2.95388864999995, 0],
              [115.136169656, -2.95387565799996, 0],
              [115.137001528, -2.95386534699998, 0],
              [115.137390726, -2.95386052199996, 0],
              [115.137647659, -2.95385733699993, 0],
              [115.139127171, -2.95383900899998, 0],
              [115.140135609, -2.95382651399996, 0],
              [115.141141872, -2.95381404099993, 0],
              [115.142137612, -2.95380169699996, 0],
              [115.143931562, -2.95377945699994, 0],
              [115.14970898, -2.95368859799993, 0],
              [115.149716209, -2.95370772499996, 0],
              [115.14988481, -2.95396954999995, 0],
              [115.15005137, -2.95435026499996, 0],
              [115.150160828, -2.95456441599993, 0],
              [115.150132272, -2.95478332499994, 0],
              [115.149956192, -2.95488802199998, 0],
              [115.149680175, -2.95489278199995, 0],
              [115.149446987, -2.95494512899995, 0],
              [115.149456507, -2.95518783299997, 0],
              [115.149480302, -2.95537343199993, 0],
              [115.149618308, -2.95558758399994, 0],
              [115.149789632, -2.95580173499997, 0],
              [115.149737281, -2.95605871699996, 0],
              [115.149670659, -2.95612058399996, 0],
              [115.149499336, -2.95618720699997, 0],
              [115.149323257, -2.95626810899995, 0],
              [115.149132898, -2.95632997599995, 0],
              [115.148980613, -2.95632521599993, 0],
              [115.148828328, -2.95631569799997, 0],
              [115.148699838, -2.95635377099995, 0],
              [115.148518998, -2.95653460899996, 0],
              [115.148452374, -2.95683918099996, 0],
              [115.148514239, -2.95699622599994, 0],
              [115.148609417, -2.95713899199996, 0],
              [115.148576105, -2.95733410799994, 0],
              [115.148478002, -2.95738430299997, 0],
              [115.146080845, -2.95783974299997, 0],
              [115.145045777, -2.95795871599995, 0],
              [115.144462811, -2.95808958699996, 0],
              [115.143915534, -2.95852978799996, 0],
              [115.143748973, -2.95902947399998, 0],
              [115.143392111, -2.95937635699994, 0]
            ]
          ]
        ]
      }
    },
    {
      "type": "Feature",
      "properties": {
        "kd_propinsi": "63",
        "kd_dati2": "05",
        "kd_kecamatan": "10",
        "kd_kelurahan": "92",
        "nm_kelurahan": "Cempaka"
      },
      "geometry": {
        "type": "MultiPolygon",
        "coordinates": [
          [
            [
              [115.1206983, -2.98390074599996, 0],
              [115.121111606, -2.98602147899993, 0],
              [115.12152919, -2.98816416199998, 0],
              [115.121915581, -2.99018506799996, 0],
              [115.122209999, -2.99172493799995, 0],
              [115.122236592, -2.99186402699996, 0],
              [115.12207806, -2.99237612299993, 0],
              [115.121867197, -2.99304161399994, 0],
              [115.121593522, -2.99390749899993, 0],
              [115.121313867, -2.99477936599993, 0],
              [115.121022248, -2.99570806099996, 0],
              [115.120929343, -2.99600392399998, 0],
              [115.120730628, -2.99663675599993, 0],
              [115.120483725, -2.99741840499996, 0],
              [115.120442, -2.99755049699996, 0],
              [115.120265534, -2.99810681699995, 0],
              [115.120144399, -2.99848218299997, 0],
              [115.120035797, -2.99882846599996, 0],
              [115.119779501, -2.99964566999995, 0],
              [115.119478908, -3.00057735599995, 0],
              [115.119263559, -3.00128322399996, 0],
              [115.11912735, -3.00166229999996, 0],
              [115.118853567, -3.00252191599998, 0],
              [115.1188514, -3.00252109699994, 0],
              [115.117115731, -3.00351361099996, 0],
              [115.114545212, -3.00498351499994, 0],
              [115.113908005, -3.00534788699997, 0],
              [115.111358707, -3.00680563999993, 0],
              [115.109598623, -3.00781584399994, 0],
              [115.108584833, -3.00836281099993, 0],
              [115.103167316, -3.00656396799997, 0],
              [115.10316393, -3.00646625499996, 0],
              [115.102975048, -3.00101666399996, 0],
              [115.102833469, -2.99818996999994, 0],
              [115.102701655, -2.99524610699996, 0],
              [115.103536482, -2.99358133599998, 0],
              [115.105035264, -2.99059841599996, 0],
              [115.106192306, -2.98824039599998, 0],
              [115.10757392, -2.98551134199994, 0],
              [115.108477094, -2.98410043599995, 0],
              [115.110332583, -2.98120275599996, 0],
              [115.111614292, -2.98207664899996, 0],
              [115.112093303, -2.98240324699998, 0],
              [115.113247613, -2.98382297499995, 0],
              [115.113395651, -2.98401529499995, 0],
              [115.114552494, -2.98440090899993, 0],
              [115.114876765, -2.98450899899996, 0],
              [115.116761289, -2.98385822799997, 0],
              [115.116895143, -2.98381200599994, 0],
              [115.118768966, -2.98385420799997, 0],
              [115.12011874, -2.98388460899997, 0],
              [115.1206983, -2.98390074599996, 0]
            ]
          ]
        ]
      }
    },
    {
      "type": "Feature",
      "properties": {
        "kd_propinsi": "63",
        "kd_dati2": "05",
        "kd_kecamatan": "2",
        "kd_kelurahan": "15",
        "nm_kelurahan": "Gunung batu"
      },
      "geometry": {
        "type": "MultiPolygon",
        "coordinates": [
          [
            [
              [115.126000097, -3.15694521099994, 68.8361000000004],
              [115.126306827, -3.15686935699995, 69.2434999999969],
              [115.126507136, -3.15685832299994, 68.7823000000062],
              [115.126545231, -3.15685622499996, 68.6484999999957],
              [115.126824091, -3.15685672999996, 67.8589999999967],
              [115.126972492, -3.15687056199994, 67.8120000000054],
              [115.127107367, -3.15690245399998, 69.252999999997],
              [115.127291629, -3.15698416799995, 72.0506000000023],
              [115.127457859, -3.15708845399996, 74.997000000003],
              [115.127646497, -3.15723799199998, 78.771900000007],
              [115.127835126, -3.15739204999994, 80],
              [115.127987637, -3.15762290299995, 80],
              [115.128184898, -3.15798042699993, 80],
              [115.128240805, -3.15805674599994, 80],
              [115.128310913, -3.15815244999993, 80],
              [115.128413724, -3.15829279699995, 80],
              [115.128777151, -3.15879077599993, 80],
              [115.129194511, -3.15931145899998, 80],
              [115.129580589, -3.15971905699996, 88.8203999999969],
              [115.12975783, -3.15998565399997, 93.8217000000004],
              [115.12981833, -3.16007665499996, 94.8665000000037],
              [115.129990141, -3.16037814499993, 98.4048000000039],
              [115.13010977, -3.16058806699994, 100],
              [115.13041899, -3.16121706099995, 100],
              [115.130649964, -3.16169505099998, 0],
              [115.12937355, -3.16196632399993, 0],
              [115.128465652, -3.16211509699997, 0],
              [115.12830925, -3.16255569499998, 0],
              [115.128290176, -3.16260909999994, 0],
              [115.128255844, -3.16279792799998, 0],
              [115.128171921, -3.16351127599995, 0],
              [115.128141403, -3.16370582599996, 0],
              [115.128019333, -3.16411018399998, 0],
              [115.127828598, -3.16460227999994, 0],
              [115.127592087, -3.16533470199994, 0],
              [115.127634048, -3.16560554499995, 0],
              [115.127622604, -3.16569900499997, 0],
              [115.127607346, -3.16625213599997, 0],
              [115.127504349, -3.16652107199997, 0],
              [115.127435684, -3.16698455799997, 0],
              [115.127248764, -3.16788482699997, 0],
              [115.127016068, -3.16845321699998, 0],
              [115.12698555, -3.16888999899993, 0],
              [115.127191544, -3.16926765399995, 0],
              [115.12698555, -3.16945075999996, 0],
              [115.126756668, -3.16990089399997, 0],
              [115.126756668, -3.16991996799993, 0],
              [115.126718521, -3.16996383699996, 0],
              [115.126684189, -3.17013549799998, 0],
              [115.126794419, -3.17023296499997, 0],
              [115.126843494, -3.17037384699995, 0],
              [115.126840005, -3.17053760699997, 0],
              [115.126862926, -3.17069282699993, 0],
              [115.126819294, -3.17096987099995, 0],
              [115.126771927, -3.17144584699997, 0],
              [115.126867294, -3.17199516299996, 0],
              [115.12660408, -3.17234611499993, 0],
              [115.126493454, -3.17296409599993, 0],
              [115.126073837, -3.17349433899994, 0],
              [115.12603569, -3.17357253999995, 0],
              [115.125772476, -3.17449378999993, 0],
              [115.125764847, -3.17457961999998, 0],
              [115.125772476, -3.17477226299997, 0],
              [115.125627518, -3.17565345799994, 0],
              [115.12547493, -3.17578124999994, 0],
              [115.125143051, -3.17601776099997, 0],
              [115.124887466, -3.17624664299996, 0],
              [115.124658011, -3.17630706099993, 0],
              [115.124602397, -3.17634986199994, 0],
              [115.12438078, -3.17652725299996, 0],
              [115.124203504, -3.17666027499996, 0],
              [115.124152608, -3.17666947199996, 0],
              [115.124813717, -3.17917964599997, 0],
              [115.124078174, -3.18441729199998, 0],
              [115.123715331, -3.18465094299995, 0],
              [115.123739392, -3.18537087999994, 0],
              [115.123953368, -3.18530598799993, 0],
              [115.12377877, -3.18654923699995, 0],
              [115.124604326, -3.18833581199993, 0],
              [115.125518039, -3.18961120299997, 0],
              [115.125778834, -3.189872, 0],
              [115.125663666, -3.19189667299997, 0],
              [115.125630493, -3.19247983999998, 0],
              [115.125137324, -3.19339930499996, 0],
              [115.124042756, -3.19444849499996, 0],
              [115.12408866, -3.19582209499993, 0],
              [115.123629536, -3.19595053699993, 0],
              [115.123055556, -3.19611111099994, 0],
              [115.12195295, -3.19574137499996, 0],
              [115.119193177, -3.19481594299998, 0],
              [115.118416667, -3.19455555599996, 0],
              [115.115833333, -3.19425, 0],
              [115.11276232, -3.19383550699996, 0],
              [115.111305556, -3.19363888899994, 0],
              [115.108649863, -3.19273741499995, 0],
              [115.108277778, -3.19261111099996, 0],
              [115.105194444, -3.19141666699994, 0],
              [115.101495722, -3.19008602899993, 0],
              [115.100638889, -3.18977777799995, 0],
              [115.100101269, -3.18949180999994, 0],
              [115.100151044, -3.18927488099996, 0],
              [115.100234431, -3.18871054099998, 0],
              [115.100274124, -3.18844192499995, 0],
              [115.100448571, -3.18683484199994, 0],
              [115.100583251, -3.18559410599994, 0],
              [115.10091134, -3.18257157499994, 0],
              [115.101036885, -3.18141495799995, 0],
              [115.102017996, -3.17237590299993, 0],
              [115.102318726, -3.16960515799997, 0],
              [115.102619604, -3.16683295899998, 0],
              [115.10207765, -3.16523092299997, 0],
              [115.101620794, -3.16445997799997, 0],
              [115.10114966, -3.16393173799997, 0],
              [115.100373956, -3.16356411099997, 0],
              [115.10317122, -3.16196958699993, 0],
              [115.111276477, -3.16175491899998, 0],
              [115.112316142, -3.16172738299997, 0],
              [115.11538273, -3.16164616599997, 0],
              [115.122819538, -3.16158733899994, 0],
              [115.123072895, -3.16093374799993, 0],
              [115.123803905, -3.15892955199996, 0],
              [115.123922411, -3.15860958299993, 0],
              [115.123920972, -3.15860858899993, 0],
              [115.123922724, -3.15860378499997, 0],
              [115.123925808, -3.15859533199995, 0],
              [115.120976047, -3.15654392499994, 0],
              [115.12101139, -3.15635068499995, 0],
              [115.121096581, -3.15613790799995, 0],
              [115.121156313, -3.15593360199995, 0],
              [115.121190604, -3.15572924999998, 0],
              [115.121380054, -3.15533681699998, 40],
              [115.121712641, -3.15547305299998, 40],
              [115.121995827, -3.15556850999997, 40],
              [115.122351074, -3.15560984399997, 40],
              [115.122620823, -3.15567362899998, 40],
              [115.122904034, -3.15575552199994, 42.5880000000034],
              [115.123129398, -3.15586128699994, 45.426999999996],
              [115.123506169, -3.15606856899996, 50.3438000000024],
              [115.123852153, -3.15625908299995, 54.8598000000056],
              [115.124265327, -3.15660343499997, 60],
              [115.124382098, -3.15669858899997, 61.0252000000037],
              [115.124629059, -3.15692961299993, 63.6855999999971],
              [115.124835768, -3.15703397299996, 65.3637000000017],
              [115.124952677, -3.15705226899996, 66.136599999998],
              [115.125357489, -3.15704395999995, 67.4683999999979],
              [115.125762358, -3.15700400399993, 68.520399999994],
              [115.126000097, -3.15694521099994, 68.8361000000004]
            ]
          ]
        ]
      }
    },
    {
      "type": "Feature",
      "properties": {
        "kd_propinsi": "63",
        "kd_dati2": "05",
        "kd_kecamatan": "8",
        "kd_kelurahan": "83",
        "nm_kelurahan": "Harakit"
      },
      "geometry": {
        "type": "MultiPolygon",
        "coordinates": [
          [
            [
              [115.424774613, -2.97995177599995, 0],
              [115.421794736, -2.98174346699994, 0],
              [115.4125, -2.98225, 0],
              [115.407122979, -2.98918770999995, 0],
              [115.403689357, -2.99358540799994, 0],
              [115.398611111, -2.99586111099995, 0],
              [115.397949521, -2.99517278999997, 0],
              [115.39483937, -2.99193697699997, 0],
              [115.393111111, -2.99013888899998, 0],
              [115.39056438, -2.98476075899993, 0],
              [115.39052727, -2.98469133099997, 0],
              [115.390459998, -2.98418040999997, 0],
              [115.390368092, -2.98330070899993, 0],
              [115.390250003, -2.98217040599997, 0],
              [115.389700011, -2.98062039499996, 0],
              [115.388922776, -2.97934224199997, 0],
              [115.388800023, -2.97914037699997, 0],
              [115.387833222, -2.97862700499996, 0],
              [115.38808196, -2.97792124699993, 0],
              [115.388145227, -2.97772025499995, 0],
              [115.388198552, -2.97755084999994, 0],
              [115.388355646, -2.97705177099994, 0],
              [115.388093906, -2.97638552199993, 0],
              [115.387165915, -2.97517199699996, 0],
              [115.382716323, -2.96972303099994, 0],
              [115.381574182, -2.96758151599994, 0],
              [115.381145879, -2.96691526699993, 0],
              [115.381193469, -2.96377437799993, 0],
              [115.381122084, -2.96260844199998, 0],
              [115.381479004, -2.96084764099993, 0],
              [115.381550387, -2.95927719699995, 0],
              [115.38003705, -2.95743549399998, 0],
              [115.378994847, -2.95665027199993, 0],
              [115.378723589, -2.95629335299998, 0],
              [115.378583676, -2.95574369699995, 0],
              [115.378083989, -2.95526780499995, 0],
              [115.377608097, -2.95460155599994, 0],
              [115.377465329, -2.95398289599996, 0],
              [115.377608097, -2.95315008499995, 0],
              [115.377320182, -2.95195648799995, 0],
              [115.375578417, -2.94958654499993, 0],
              [115.37427923, -2.94673119099997, 0],
              [115.373708161, -2.94584603199996, 0],
              [115.373222751, -2.94478955099993, 0],
              [115.373351241, -2.94363313299994, 0],
              [115.373422626, -2.94290501799998, 0],
              [115.373865205, -2.94250526899998, 0],
              [115.374621874, -2.94200558199998, 0],
              [115.374793194, -2.94134885099993, 0],
              [115.374688498, -2.94061026599997, 0],
              [115.372755187, -2.93629749299993, 0],
              [115.372457753, -2.93507801899995, 0],
              [115.371119306, -2.93055704299997, 0],
              [115.370786182, -2.92886167799998, 0],
              [115.369785392, -2.92414978599993, 0],
              [115.369648161, -2.92375082599995, 0],
              [115.370140805, -2.92362010799997, 0],
              [115.37014097, -2.92362006399998, 0],
              [115.371602536, -2.92323224999996, 0],
              [115.374156518, -2.92164432599998, 0],
              [115.37441788, -2.92148192399998, 0],
              [115.376356977, -2.91989292999995, 0],
              [115.376690798, -2.92026502199997, 0],
              [115.37866058, -2.92235067099995, 0],
              [115.382733358, -2.92848812299997, 0],
              [115.384653101, -2.93184189099998, 0],
              [115.385080863, -2.93258918599997, 0],
              [115.386186907, -2.93735082399996, 0],
              [115.388299868, -2.94032039199993, 0],
              [115.396309288, -2.94834292199994, 0],
              [115.40039621, -2.95358945299995, 0],
              [115.401090673, -2.95428625399995, 0],
              [115.408810458, -2.96203198499995, 0],
              [115.41023876, -2.96360170199995, 0],
              [115.416149945, -2.97024825099993, 0],
              [115.423319733, -2.97823825199993, 0],
              [115.424531038, -2.97966489899994, 0],
              [115.424774613, -2.97995177599995, 0]
            ]
          ]
        ]
      }
    },
    {
      "type": "Feature",
      "properties": {
        "kd_propinsi": "63",
        "kd_dati2": "05",
        "kd_kecamatan": "10",
        "kd_kelurahan": "94",
        "nm_kelurahan": "Hatiwin"
      },
      "geometry": {
        "type": "MultiPolygon",
        "coordinates": [
          [
            [
              [115.155571706, -3.03840127599995, 0],
              [115.155980459, -3.03862268499995, 0],
              [115.156694297, -3.03864647899997, 0],
              [115.157455725, -3.03870596699994, 0],
              [115.158003001, -3.03869406999996, 0],
              [115.158336127, -3.03881304299995, 0],
              [115.158954785, -3.03900339899997, 0],
              [115.159692418, -3.03903908999996, 0],
              [115.160667998, -3.03902719399997, 0],
              [115.161167684, -3.03895580899996, 0],
              [115.161500808, -3.03880114499998, 0],
              [115.161810138, -3.03853940399995, 0],
              [115.162214648, -3.03863458199993, 0],
              [115.162571566, -3.03874165799994, 0],
              [115.162820222, -3.03896889599997, 0],
              [115.162934436, -3.03903383599993, 0],
              [115.163328314, -3.03946697799995, 0],
              [115.163742342, -3.04005232499998, 0],
              [115.164084982, -3.04053773499993, 0],
              [115.164313411, -3.04092320699994, 0],
              [115.164527562, -3.04135150999997, 0],
              [115.164955864, -3.04175631599998, 0],
              [115.165341339, -3.04200824099996, 0],
              [115.16608373, -3.04247937499997, 0],
              [115.166426374, -3.04287912399997, 0],
              [115.166840398, -3.04303616799996, 0],
              [115.167440023, -3.04313610599996, 0],
              [115.167868326, -3.04317893599995, 0],
              [115.168268076, -3.04333598099993, 0],
              [115.168610717, -3.04352157799997, 0],
              [115.168757056, -3.04378783999994, 0],
              [115.168757056, -3.04428276899995, 0],
              [115.168833199, -3.04489190999993, 0],
              [115.168852235, -3.04542490999995, 0],
              [115.168909342, -3.04609115799997, 0],
              [115.168909342, -3.04690969299998, 0],
              [115.168164172, -3.04722854099992, 0],
              [115.167764424, -3.04745696899994, 0],
              [115.167079138, -3.04768539699995, 0],
              [115.166698426, -3.04795189799995, 0],
              [115.166508067, -3.04814225399997, 0],
              [115.166184461, -3.04835164599996, 0],
              [115.16584182, -3.04850393199996, 0],
              [115.165594354, -3.04894175299995, 0],
              [115.165442068, -3.04922728799994, 0],
              [115.165218082, -3.04944175799994, 0],
              [115.164913513, -3.04986054199998, 0],
              [115.164780263, -3.05010800599996, 0],
              [115.164608941, -3.05029836399996, 0],
              [115.164532797, -3.05048871999998, 0],
              [115.16417112, -3.05083136199994, 0],
              [115.163733299, -3.05113593399994, 0],
              [115.163676192, -3.05142146899993, 0],
              [115.163847514, -3.05176411099995, 0],
              [115.164018835, -3.05204964699993, 0],
              [115.164380511, -3.05224000399994, 0],
              [115.164951584, -3.05231614599995, 0],
              [115.164989655, -3.05265878799997, 0],
              [115.164988217, -3.05268177299996, 0],
              [115.164970619, -3.05296335999998, 0],
              [115.164818334, -3.05328696599997, 0],
              [115.164437619, -3.05380092899998, 0],
              [115.164323404, -3.05408646599994, 0],
              [115.164361476, -3.05425778599994, 0],
              [115.164494726, -3.05458139299998, 0],
              [115.164361476, -3.054905, 0],
              [115.164323404, -3.05534281999996, 0],
              [115.164285333, -3.05553317699997, 0],
              [115.164228226, -3.05560932099996, 0],
              [115.163961728, -3.05559028399995, 0],
              [115.163684057, -3.05572211499998, 0],
              [115.163550507, -3.05587869799996, 0],
              [115.163407741, -3.05604525999996, 0],
              [115.163312561, -3.05623561699997, 0],
              [115.163281132, -3.05631419199995, 0],
              [115.163241177, -3.05641407599995, 0],
              [115.163336356, -3.05652115199996, 0],
              [115.163336356, -3.05659253599993, 0],
              [115.163455329, -3.05671150899997, 0],
              [115.163455329, -3.05685427799995, 0],
              [115.163407741, -3.05699704399996, 0],
              [115.163419637, -3.05712791499997, 0],
              [115.163514815, -3.05715170899993, 0],
              [115.163621891, -3.05729447699997, 0],
              [115.163740864, -3.05742534699994, 0],
              [115.163740864, -3.05760380699996, 0],
              [115.163645686, -3.05772277999995, 0],
              [115.163562405, -3.05781795799993, 0],
              [115.163609995, -3.05791313699996, 0],
              [115.163788453, -3.05804400699998, 0],
              [115.163443432, -3.05827005599997, 0],
              [115.163395843, -3.05829385099997, 0],
              [115.163134102, -3.05848420699994, 0],
              [115.163027026, -3.05863887199996, 0],
              [115.162931847, -3.05884112699994, 0],
              [115.16265821, -3.05899579199996, 0],
              [115.16252734, -3.05912666199993, 0],
              [115.162360777, -3.05934081299995, 0],
              [115.162241805, -3.05945978599993, 0],
              [115.162134728, -3.05966204099997, 0],
              [115.162003859, -3.05980480799997, 0],
              [115.161682631, -3.05978101399995, 0],
              [115.161385199, -3.05979291099993, 0],
              [115.161254328, -3.05993567899998, 0],
              [115.161194841, -3.06024500899997, 0],
              [115.161194841, -3.06057813299998, 0],
              [115.161385199, -3.06081607899995, 0],
              [115.161608867, -3.06101674699994, 0],
              [115.161799224, -3.06132131799996, 0],
              [115.16208476, -3.06154974599997, 0],
              [115.162256081, -3.06170203299996, 0],
              [115.162541616, -3.06213985299996, 0],
              [115.162674866, -3.06248249499993, 0],
              [115.162751008, -3.06280610199997, 0],
              [115.162846187, -3.06316777999996, 0],
              [115.162846187, -3.06351042199998, 0],
              [115.162846187, -3.06408149299995, 0],
              [115.162751008, -3.06453834899997, 0],
              [115.162617759, -3.06507134899994, 0],
              [115.162541616, -3.06529977699995, 0],
              [115.162503544, -3.06556627599997, 0],
              [115.162408366, -3.06583277599998, 0],
              [115.162275117, -3.06621348999994, 0],
              [115.162198974, -3.06647998999995, 0],
              [115.162446437, -3.06665131099993, 0],
              [115.16265583, -3.06672745299994, 0],
              [115.162770044, -3.06693684599998, 0],
              [115.162884258, -3.06708913299997, 0],
              [115.163017509, -3.06731755999994, 0],
              [115.162960402, -3.06764116599993, 0],
              [115.162560652, -3.06760309499992, 0],
              [115.162379812, -3.06762213099995, 0],
              [115.162341741, -3.06782200599997, 0],
              [115.162227527, -3.06799332699995, 0],
              [115.162103796, -3.06806946899997, 0],
              [115.161932474, -3.06810754099996, 0],
              [115.161675493, -3.06816464799994, 0],
              [115.161542242, -3.06833596899998, 0],
              [115.161361404, -3.06853584399994, 0],
              [115.161209119, -3.06865005799995, 0],
              [115.161132976, -3.06875475399994, 0],
              [115.161047314, -3.06891655899995, 0],
              [115.160971172, -3.06907836099992, 0],
              [115.160828404, -3.06918305699998, 0],
              [115.160666602, -3.06920209299994, 0],
              [115.160390584, -3.06917353899996, 0],
              [115.160314441, -3.06932582499996, 0],
              [115.160143119, -3.06944955699993, 0],
              [115.160038424, -3.06956377099994, 0],
              [115.159943245, -3.06974460999993, 0],
              [115.159867103, -3.06991593099997, 0],
              [115.15974337, -3.07007773499993, 0],
              [115.159286513, -3.07039182399996, 0],
              [115.159110434, -3.07049413999994, 0],
              [115.158872488, -3.07073208699995, 0],
              [115.158515568, -3.07111874899994, 0],
              [115.158218135, -3.07138643799993, 0],
              [115.157266351, -3.07195155999995, 0],
              [115.156525767, -3.07228601699995, 0],
              [115.156344311, -3.07236796599995, 0],
              [115.155362783, -3.07269514199993, 0],
              [115.154827404, -3.07290334499993, 0],
              [115.153845876, -3.07293308799996, 0],
              [115.152894091, -3.07296283099993, 0],
              [115.152467135, -3.07322174899997, 0],
              [115.152301605, -3.07332212999995, 0],
              [115.152116007, -3.07347917499993, 0],
              [115.152001793, -3.07365049499992, 0],
              [115.151830472, -3.07387892399993, 0],
              [115.151701982, -3.07397886099994, 0],
              [115.151473554, -3.07410735199994, 0],
              [115.15131651, -3.07432150299997, 0],
              [115.15120472, -3.07445908899996, 0],
              [115.150947338, -3.07449902799993, 0],
              [115.150649906, -3.07439195299997, 0],
              [115.150340576, -3.07434436299997, 0],
              [115.14988821, -3.07396194999996, 0],
              [115.149883148, -3.07396828299994, 0],
              [115.149774024, -3.07406549799993, 0],
              [115.149472754, -3.07433389399995, 0],
              [115.149068245, -3.07483358099995, 0],
              [115.148580455, -3.07484547799993, 0],
              [115.148271126, -3.07466701799996, 0],
              [115.148342508, -3.07438148199998, 0],
              [115.148342508, -3.07420302399993, 0],
              [115.148211639, -3.07392938499993, 0],
              [115.148092667, -3.07373902799998, 0],
              [115.147783336, -3.07331072499994, 0],
              [115.147795232, -3.07328692999994, 0],
              [115.147814405, -3.07322174899997, 0],
              [115.147854721, -3.07308467599995, 0],
              [115.147914205, -3.07295380699998, 0],
              [115.147961796, -3.07269206499996, 0],
              [115.147985591, -3.07235894099995, 0],
              [115.147807129, -3.07218048199997, 0],
              [115.147671914, -3.07211054099997, 0],
              [115.147462108, -3.07200202099995, 0],
              [115.147485902, -3.07174028099996, 0],
              [115.147749981, -3.07167585799994, 0],
              [115.147709209, -3.07145087399994, 0],
              [115.147554704, -3.07142636299994, 0],
              [115.147513969, -3.07141990299994, 0],
              [115.147283648, -3.07138336199995, 0],
              [115.147040786, -3.07133101299996, 0],
              [115.14693371, -3.07124773299995, 0],
              [115.146660071, -3.07111686199994, 0],
              [115.146398331, -3.07096219799996, 0],
              [115.146207975, -3.07079563499997, 0],
              [115.146136589, -3.07060527899995, 0],
              [115.146029513, -3.07040302499996, 0],
              [115.146017617, -3.07015317999998, 0],
              [115.146144741, -3.06993496499996, 0],
              [115.146076996, -3.06966470899994, 0],
              [115.146053308, -3.06957021299996, 0],
              [115.145956827, -3.06948115399996, 0],
              [115.145898645, -3.06942744499997, 0],
              [115.145720183, -3.06923708899996, 0],
              [115.145720183, -3.06901103999996, 0],
              [115.145589315, -3.06884447699997, 0],
              [115.14538706, -3.06878498999993, 0],
              [115.145164721, -3.06887212799995, 0],
              [115.145107802, -3.06881039799993, 0],
              [115.14513781, -3.06858452199998, 0],
              [115.145073565, -3.06850599799998, 0],
              [115.144987906, -3.06849885999998, 0],
              [115.144878645, -3.06856187599993, 0],
              [115.144723786, -3.06870587299994, 0],
              [115.144623849, -3.06882008699995, 0],
              [115.144459666, -3.06887719399998, 0],
              [115.144359728, -3.06880581099995, 0],
              [115.144366865, -3.06872728799993, 0],
              [115.144231238, -3.06849172199998, 0],
              [115.144302621, -3.06836323199997, 0],
              [115.144331892, -3.06829737199996, 0],
              [115.144359728, -3.06823473999998, 0],
              [115.14435259, -3.06814194099997, 0],
              [115.144288345, -3.06809197199993, 0],
              [115.144095607, -3.06810624999997, 0],
              [115.144052776, -3.06804200399995, 0],
              [115.144145576, -3.06788495999996, 0],
              [115.144095607, -3.06787782199996, 0],
              [115.144052776, -3.06782071499993, 0],
              [115.144029056, -3.06764048799994, 0],
              [115.144074193, -3.06747093299993, 0],
              [115.143899008, -3.06749945299993, 0],
              [115.143767242, -3.06752090199996, 0],
              [115.143752966, -3.06747807099993, 0],
              [115.143741778, -3.06732893799995, 0],
              [115.143686891, -3.06726940899995, 0],
              [115.143752966, -3.06708546099998, 0],
              [115.143781518, -3.06694269199994, 0],
              [115.143821298, -3.06679493999997, 0],
              [115.143831486, -3.06675709599995, 0],
              [115.143802935, -3.06667143399994, 0],
              [115.143717273, -3.06671426499997, 0],
              [115.143567366, -3.06676423399995, 0],
              [115.143501567, -3.06679493999997, 0],
              [115.14346029, -3.06681420299998, 0],
              [115.14342188, -3.06698200399995, 0],
              [115.143267556, -3.06704262999995, 0],
              [115.143167619, -3.06707832299998, 0],
              [115.143010574, -3.06705690699994, 0],
              [115.143008149, -3.06705655999997, 0],
              [115.142810697, -3.06702835399995, 0],
              [115.142853529, -3.06693555399994, 0],
              [115.142917773, -3.06680706399993, 0],
              [115.142946329, -3.06671426499997, 0],
              [115.142917773, -3.06665715799994, 0],
              [115.142782146, -3.06661432699997, 0],
              [115.142503747, -3.06664287999996, 0],
              [115.142375257, -3.06655721999994, 0],
              [115.142225198, -3.06633659399995, 0],
              [115.142219878, -3.06632877299995, 0],
              [115.142177049, -3.06612889799993, 0],
              [115.142177049, -3.06588619199994, 0],
              [115.142170221, -3.06562456699993, 0],
              [115.141906078, -3.06533810299993, 0],
              [115.141802904, -3.06522620899995, 0],
              [115.141782575, -3.06520416299998, 0],
              [115.144394823, -3.06319994099994, 0],
              [115.144820205, -3.06230439799998, 0],
              [115.14585527, -3.05990114299993, 0],
              [115.146592902, -3.05825931399994, 0],
              [115.146821079, -3.05792519699998, 0],
              [115.146617061, -3.05631419199995, 0],
              [115.14621882, -3.05316953599993, 0],
              [115.144153202, -3.03685872899996, 0],
              [115.144655015, -3.03646367299996, 0],
              [115.14467515, -3.03645551399995, 0],
              [115.145073486, -3.03629414399995, 0],
              [115.145701664, -3.03617992999995, 0],
              [115.146348879, -3.03623703699998, 0],
              [115.146900912, -3.03623703699998, 0],
              [115.147414876, -3.03617992999995, 0],
              [115.148024019, -3.03617992999995, 0],
              [115.148480874, -3.03598957299994, 0],
              [115.148937732, -3.03574210999994, 0],
              [115.149470729, -3.03541850199997, 0],
              [115.149927588, -3.03517103899998, 0],
              [115.150346371, -3.03501875399996, 0],
              [115.151031657, -3.03511393099996, 0],
              [115.151431405, -3.03539946699993, 0],
              [115.152326083, -3.03616089399998, 0],
              [115.15291619, -3.03657967999993, 0],
              [115.153867974, -3.03734110699998, 0],
              [115.154534224, -3.03781699899997, 0],
              [115.155010115, -3.03814060599996, 0],
              [115.155409388, -3.03831335499996, 0],
              [115.155571706, -3.03840127599995, 0]
            ]
          ]
        ]
      }
    },
    {
      "type": "Feature",
      "properties": {
        "kd_propinsi": "63",
        "kd_dati2": "05",
        "kd_kecamatan": "6",
        "kd_kelurahan": "65",
        "nm_kelurahan": "Hatungun"
      },
      "geometry": {
        "type": "MultiPolygon",
        "coordinates": [
          [
            [
              [115.173153956, -3.11708656299993, 0],
              [115.172681619, -3.11791320599997, 0],
              [115.172576137, -3.11809780999994, 0],
              [115.171619253, -3.11977244899993, 0],
              [115.167964401, -3.12502629899996, 0],
              [115.167888259, -3.12523569199993, 0],
              [115.167850188, -3.12557833299996, 0],
              [115.16792633, -3.12582579699995, 0],
              [115.167507545, -3.12632072499997, 0],
              [115.167317188, -3.12658722499998, 0],
              [115.167222009, -3.12696793999993, 0],
              [115.168097651, -3.12803393799993, 0],
              [115.167964401, -3.12845272199996, 0],
              [115.16775501, -3.12858597199994, 0],
              [115.167336225, -3.12904282799997, 0],
              [115.167145867, -3.12951872199994, 0],
              [115.167241045, -3.13022304099997, 0],
              [115.167678868, -3.13267864499994, 0],
              [115.167735975, -3.13479160599997, 0],
              [115.167774046, -3.13528653499998, 0],
              [115.167336225, -3.13621928299995, 0],
              [115.166993581, -3.13679035499996, 0],
              [115.166346368, -3.13785635299996, 0],
              [115.166765155, -3.13827513699994, 0],
              [115.167355261, -3.13827513699994, 0],
              [115.168249938, -3.13823706599993, 0],
              [115.168592581, -3.13831320799994, 0],
              [115.16872583, -3.13850356499995, 0],
              [115.169030399, -3.13897945799994, 0],
              [115.169250347, -3.13923249799996, 0],
              [115.169590263, -3.13975326499997, 0],
              [115.170835459, -3.14126659499993, 0],
              [115.171090538, -3.14181196899995, 0],
              [115.171407363, -3.14392651999998, 0],
              [115.171497618, -3.14434629899995, 0],
              [115.172476023, -3.14825991899994, 0],
              [115.172390355, -3.14995620899992, 0],
              [115.172282918, -3.15208342299997, 0],
              [115.17448433, -3.15680808899998, 0],
              [115.174481902, -3.15685332899994, 0],
              [115.174480397, -3.15688138899998, 0],
              [115.17447933, -3.15690132099996, 0],
              [115.174478449, -3.15691775299996, 0],
              [115.174477373, -3.15693784299998, 0],
              [115.174459735, -3.15726682899998, 0],
              [115.174459572, -3.15726986199996, 0],
              [115.1744508, -3.15743349299993, 0],
              [115.174301705, -3.16021447699995, 0],
              [115.174275343, -3.16070619499993, 0],
              [115.174262545, -3.16094488999994, 0],
              [115.174239636, -3.16137218499995, 0],
              [115.174238844, -3.16138697399993, 0],
              [115.174233007, -3.16149582899993, 0],
              [115.174222055, -3.16170009999996, 0],
              [115.174217361, -3.16178766699994, 0],
              [115.174189532, -3.16230669399994, 0],
              [115.174189195, -3.16231299799995, 0],
              [115.174188233, -3.16233092899995, 0],
              [115.174179782, -3.16253478499993, 0],
              [115.174168268, -3.16281250999998, 0],
              [115.174151804, -3.16320964499994, 0],
              [115.174144019, -3.16339738199997, 0],
              [115.174135101, -3.16361249899995, 0],
              [115.174133198, -3.16365839099996, 0],
              [115.174125928, -3.16383373199994, 0],
              [115.17409023, -3.16454492799994, 0],
              [115.173955362, -3.16452963699993, 0],
              [115.17376838, -3.16453784199996, 0],
              [115.17356431, -3.16459722499997, 0],
              [115.173300648, -3.16471624799993, 0],
              [115.173245057, -3.16476503599995, 0],
              [115.173188446, -3.16481471899994, 0],
              [115.173162888, -3.16485307399995, 0],
              [115.173086195, -3.16496816699993, 0],
              [115.173017953, -3.16511314099995, 0],
              [115.172966692, -3.16526667999995, 0],
              [115.172898495, -3.16538604899995, 0],
              [115.172779187, -3.16557360699994, 0],
              [115.172676965, -3.16570998499998, 0],
              [115.172583198, -3.16587198399998, 0],
              [115.172463858, -3.16607661199993, 0],
              [115.172404055, -3.16625573999994, 0],
              [115.172344281, -3.16641779899993, 0],
              [115.172310032, -3.16656283199995, 0],
              [115.172233246, -3.16673339599993, 0],
              [115.172147991, -3.16688687499993, 0],
              [115.172045724, -3.16704885799993, 0],
              [115.171968969, -3.16720235099996, 0],
              [115.171813516, -3.16746506999994, 0],
              [115.17167718, -3.16766966699993, 0],
              [115.171557902, -3.16784015499997, 0],
              [115.171515229, -3.16794249899994, 0],
              [115.171464102, -3.16801922299993, 0],
              [115.171293488, -3.16838592399995, 0],
              [115.171242228, -3.16853946299995, 0],
              [115.171190952, -3.16870153599996, 0],
              [115.171131102, -3.16890626899993, 0],
              [115.17111373, -3.16911961199997, 0],
              [115.171113325, -3.16935005599993, 0],
              [115.171138461, -3.16955493899997, 0],
              [115.171163537, -3.16979396299996, 0],
              [115.171197186, -3.16999032699994, 0],
              [115.171230896, -3.17015255099994, 0],
              [115.171256046, -3.17034889999997, 0],
              [115.17126429, -3.17049400899998, 0],
              [115.171264005, -3.17065617299994, 0],
              [115.171263765, -3.17079273199994, 0],
              [115.171237264, -3.17103695599997, 0],
              [115.171219727, -3.17134418399996, 0],
              [115.171185523, -3.17146361299996, 0],
              [115.171117265, -3.17161712099994, 0],
              [115.1711171, -3.17171100499996, 0],
              [115.171125343, -3.17185611499997, 0],
              [115.171150509, -3.17204392799994, 0],
              [115.171184233, -3.17219761699994, 0],
              [115.171209429, -3.17236836099994, 0],
              [115.171209129, -3.17253905999996, 0],
              [115.171208874, -3.17268415399997, 0],
              [115.171183138, -3.17282066799993, 0],
              [115.17119988, -3.17296579199996, 0],
              [115.171216636, -3.17310238099998, 0],
              [115.171190916, -3.17323035999993, 0],
              [115.171131201, -3.17335827899996, 0],
              [115.171071516, -3.17346912699998, 0],
              [115.170994848, -3.17357140999997, 0],
              [115.17092665, -3.17369077899997, 0],
              [115.170900184, -3.17380645399993, 0],
              [115.17080646, -3.17394284699998, 0],
              [115.170738351, -3.17401100499995, 0],
              [115.170636143, -3.17413884799993, 0],
              [115.170567928, -3.17426675099995, 0],
              [115.170542253, -3.17436912499994, 0],
              [115.170491037, -3.17449705899998, 0],
              [115.170431261, -3.17465911599993, 0],
              [115.170414023, -3.17479564499996, 0],
              [115.170413678, -3.17499194799996, 0],
              [115.170413599, -3.17503698799993, 0],
              [115.170413407, -3.17514557799996, 0],
              [115.170396154, -3.17529064099995, 0],
              [115.170353392, -3.17544419399997, 0],
              [115.170344592, -3.17561487799998, 0],
              [115.170301799, -3.17578550099995, 0],
              [115.170267549, -3.17593053499996, 0],
              [115.17023336, -3.17604142799996, 0],
              [115.170190506, -3.17624619099996, 0],
              [115.170147772, -3.17638267399997, 0],
              [115.170061659, -3.17655034199993, 0],
              [115.16998487, -3.17672090499997, 0],
              [115.169891101, -3.17688290299998, 0],
              [115.169797346, -3.17703636499994, 0],
              [115.169695122, -3.17717274199993, 0],
              [115.169558843, -3.17734319899995, 0],
              [115.169405523, -3.17753922999998, 0],
              [115.169345048, -3.17760905599994, 0],
              [115.169294815, -3.17766705699995, 0],
              [115.169115983, -3.17787157699996, 0],
              [115.168996777, -3.17799938899998, 0],
              [115.168907486, -3.17807533799993, 0],
              [115.16882655, -3.17814417999995, 0],
              [115.168656337, -3.17828043599997, 0],
              [115.168520088, -3.17843382299998, 0],
              [115.16840941, -3.17854457999994, 0],
              [115.168324184, -3.17868098699995, 0],
              [115.168284036, -3.17876627399994, 0],
              [115.168255939, -3.17882595899994, 0],
              [115.168204676, -3.17897949799993, 0],
              [115.168204496, -3.17908191699996, 0],
              [115.168211658, -3.17941976699996, 0],
              [115.168202379, -3.17949778299993, 0],
              [115.16817715, -3.17970989399993, 0],
              [115.168168215, -3.17995739099996, 0],
              [115.168159295, -3.18019635399998, 0],
              [115.168133257, -3.18050356599997, 0],
              [115.168132925, -3.18069133399996, 0],
              [115.168132488, -3.18093884699994, 0],
              [115.168115265, -3.18106683999997, 0],
              [115.16808109, -3.18116919899995, 0],
              [115.168029932, -3.18126299199997, 0],
              [115.167953203, -3.18139941399994, 0],
              [115.16787655, -3.18149316199998, 0],
              [115.167782899, -3.18158687899995, 0],
              [115.167663737, -3.18168908599995, 0],
              [115.167459439, -3.18187648999998, 0],
              [115.16728912, -3.18207248999994, 0],
              [115.167022715, -3.18224906999996, 0],
              [115.166988194, -3.18228627199994, 0],
              [115.166912021, -3.18236836199998, 0],
              [115.166835322, -3.18248771399993, 0],
              [115.166758653, -3.18258999599993, 0],
              [115.166610962, -3.18270822199997, 0],
              [115.166588439, -3.18272625099996, 0],
              [115.166426739, -3.18285398699993, 0],
              [115.166341647, -3.18291357899994, 0],
              [115.166171433, -3.18304983399997, 0],
              [115.166035289, -3.18314347499995, 0],
              [115.165856606, -3.18326264499996, 0],
              [115.16573749, -3.18333924599995, 0],
              [115.165652292, -3.18345858299995, 0],
              [115.165635078, -3.18351013899996, 0],
              [115.165609572, -3.18358653099995, 0],
              [115.165600817, -3.18373160899995, 0],
              [115.165609104, -3.18385111299995, 0],
              [115.165650749, -3.18404197599995, 0],
              [115.16569303, -3.18416153999993, 0],
              [115.165769141, -3.18437504999997, 0],
              [115.165775908, -3.18439281399998, 0],
              [115.165853734, -3.18459710999997, 0],
              [115.165904455, -3.18475082899994, 0],
              [115.165938117, -3.18493865799997, 0],
              [115.165963477, -3.18501551799994, 0],
              [115.16602274, -3.18514364799995, 0],
              [115.166098926, -3.18531448299996, 0],
              [115.166141162, -3.18545965299995, 0],
              [115.166183429, -3.18558775199995, 0],
              [115.166242693, -3.18571588199995, 0],
              [115.166276521, -3.18580982699996, 0],
              [115.166327317, -3.18592087299993, 0],
              [115.166386656, -3.18600632799996, 0],
              [115.166454449, -3.18611740299997, 0],
              [115.166496807, -3.18619429399996, 0],
              [115.166564644, -3.18627976399995, 0],
              [115.1666749, -3.18640798499996, 0],
              [115.166734226, -3.18650197599993, 0],
              [115.166818955, -3.18664722099993, 0],
              [115.166852738, -3.18676677099995, 0],
              [115.166886506, -3.18689485599998, 0],
              [115.166886325, -3.18699727499995, 0],
              [115.166852164, -3.18709109799994, 0],
              [115.166766996, -3.18719336499993, 0],
              [115.166690372, -3.18727004199997, 0],
              [115.166582691, -3.18737489699993, 0],
              [115.166441768, -3.18751212099994, 0],
              [115.166271478, -3.18769104899997, 0],
              [115.166160799, -3.18780180499994, 0],
              [115.16604165, -3.18789547699993, 0],
              [115.165905505, -3.18798911799996, 0],
              [115.165794871, -3.18807426899997, 0],
              [115.165675739, -3.18815940499997, 0],
              [115.165582193, -3.18819337699995, 0],
              [115.165522703, -3.18819327099993, 0],
              [115.16540372, -3.18819305799997, 0],
              [115.16535276, -3.18817589699995, 0],
              [115.165276513, -3.18803920099998, 0],
              [115.165242912, -3.18781723299998, 0],
              [115.165268892, -3.18754416099995, 0],
              [115.165269452, -3.18722836999996, 0],
              [115.165269815, -3.18702353099997, 0],
              [115.165236061, -3.18688691199998, 0],
              [115.165176646, -3.18684413099993, 0],
              [115.165142667, -3.18683553499994, 0],
              [115.164913204, -3.18683512499996, 0],
              [115.16477715, -3.18687755599996, 0],
              [115.164581514, -3.18697108999993, 0],
              [115.164468673, -3.18702995799993, 0],
              [115.164385864, -3.18707315899997, 0],
              [115.164105242, -3.18716653999996, 0],
              [115.163926663, -3.18722596499993, 0],
              [115.163816105, -3.18726844099996, 0],
              [115.163748011, -3.18732806399993, 0],
              [115.163730877, -3.18740484799997, 0],
              [115.163739225, -3.18749021199994, 0],
              [115.163807002, -3.18760982199996, 0],
              [115.163848522, -3.18767028099995, 0],
              [115.163883293, -3.18772091299996, 0],
              [115.163976596, -3.18782349999998, 0],
              [115.164053039, -3.18784924099998, 0],
              [115.164061193, -3.18785198699993, 0],
              [115.163666283, -3.18779066999997, 0],
              [115.15676084, -3.18671846899997, 0],
              [115.156902234, -3.18633468199994, 0],
              [115.157259153, -3.18597776199994, 0],
              [115.157556587, -3.18520443699993, 0],
              [115.157616074, -3.18463931699995, 0],
              [115.158151452, -3.18389573499997, 0],
              [115.158657086, -3.18350907199994, 0],
              [115.159460155, -3.18318189599995, 0],
              [115.159679398, -3.18277821699996, 0],
              [115.159820711, -3.18251802599997, 0],
              [115.159969428, -3.18186367399994, 0],
              [115.161040186, -3.18082265999993, 0],
              [115.161188904, -3.17963292999997, 0],
              [115.161545821, -3.17888934699994, 0],
              [115.161485041, -3.17803839499993, 0],
              [115.161483033, -3.17803353699998, 0],
              [115.161484079, -3.17802495899997, 0],
              [115.161456591, -3.17764013099998, 0],
              [115.161394071, -3.17757135899996, 0],
              [115.16115916, -3.17731295499993, 0],
              [115.160416801, -3.17683454599995, 0],
              [115.159820713, -3.17645040099995, 0],
              [115.159582768, -3.17573656299993, 0],
              [115.159814384, -3.17320205599998, 0],
              [115.160157025, -3.17253580599993, 0],
              [115.16027124, -3.17198377199998, 0],
              [115.160518705, -3.17164112899997, 0],
              [115.160347383, -3.17122234499993, 0],
              [115.160632919, -3.17101295199996, 0],
              [115.161736987, -3.16973755999993, 0],
              [115.161870237, -3.16886191899994, 0],
              [115.16208695, -3.16854086599994, 0],
              [115.162384202, -3.16810049099996, 0],
              [115.163088521, -3.16749134999998, 0],
              [115.163488271, -3.16674895699993, 0],
              [115.163431165, -3.16610174399995, 0],
              [115.162541247, -3.16593042199997, 0],
              [115.16145621, -3.16598752999994, 0],
              [115.161265854, -3.16562585299994, 0],
              [115.160656712, -3.16526417299997, 0],
              [115.160139944, -3.16506957599995, 0],
              [115.160092141, -3.16507194899998, 0],
              [115.160208671, -3.16378588099997, 0],
              [115.160617525, -3.15927360199993, 0],
              [115.161329989, -3.15109174599996, 0],
              [115.16135023, -3.15108315299995, 0],
              [115.161442388, -3.15001269599998, 0],
              [115.161514028, -3.14918057299997, 0],
              [115.161564415, -3.14292292999994, 0],
              [115.161578156, -3.14121589199993, 0],
              [115.161667936, -3.13340511999996, 0],
              [115.161783366, -3.12587650999996, 0],
              [115.161818239, -3.12231978899996, 0],
              [115.161871683, -3.11686804999994, 0],
              [115.162169131, -3.11703507899995, 0],
              [115.162990044, -3.11680903099995, 0],
              [115.165512273, -3.11591673199996, 0],
              [115.166844772, -3.11516720199995, 0],
              [115.167142203, -3.11496494799997, 0],
              [115.167489804, -3.11485883299997, 0],
              [115.167972222, -3.11466666699994, 0],
              [115.172926807, -3.11698048299996, 0],
              [115.173153956, -3.11708656299993, 0]
            ]
          ]
        ]
      }
    },
    {
      "type": "Feature",
      "properties": {
        "kd_propinsi": "63",
        "kd_dati2": "05",
        "kd_kecamatan": "12",
        "kd_kelurahan": "127",
        "nm_kelurahan": "Jingah Babaris"
      },
      "geometry": {
        "type": "MultiPolygon",
        "coordinates": [
          [
            [
              [115.150655324, -2.90948659699996, 0],
              [115.150706883, -2.90952394299995, 0],
              [115.150737053, -2.90954938299996, 0],
              [115.150738267, -2.90955046599993, 0],
              [115.151037727, -2.90981775699993, 0],
              [115.151079859, -2.90985536299996, 0],
              [115.151392164, -2.90990890099994, 0],
              [115.151662828, -2.91002787399998, 0],
              [115.151930517, -2.91018848799996, 0],
              [115.15209708, -2.91032233299995, 0],
              [115.152120874, -2.91050079199994, 0],
              [115.152123209, -2.91053074599995, 0],
              [115.152136433, -2.91070046499993, 0],
              [115.152156566, -2.91095883799994, 0],
              [115.152216052, -2.91120273299993, 0],
              [115.152394513, -2.91128898799997, 0],
              [115.152683021, -2.91125627099996, 0],
              [115.152971531, -2.91117893899997, 0],
              [115.153045146, -2.91117245399994, 0],
              [115.153104633, -2.91120517199994, 0],
              [115.153170811, -2.91128601499997, 0],
              [115.153235265, -2.91138446399998, 0],
              [115.153292372, -2.91149582299994, 0],
              [115.153444584, -2.91154923299996, 0],
              [115.153302058, -2.91169212099993, 0],
              [115.15319271, -2.91180174699997, 0],
              [115.152858594, -2.91213671099996, 0],
              [115.152137618, -2.91220452499994, 0],
              [115.152094787, -2.91232944799998, 0],
              [115.151837805, -2.91239012399996, 0],
              [115.15171152, -2.91239425999993, 0],
              [115.145975409, -2.91258214599998, 0],
              [115.145355956, -2.91256884499995, 0],
              [115.142855969, -2.91251516399996, 0],
              [115.142096887, -2.91249886499998, 0],
              [115.141500351, -2.91266952699994, 0],
              [115.141176744, -2.91283132999996, 0],
              [115.140967352, -2.91309782899998, 0],
              [115.140786512, -2.91344047199993, 0],
              [115.14058791, -2.91390448499993, 0],
              [115.14052524, -2.91370973499994, 0],
              [115.140378726, -2.91165855599996, 0],
              [115.140421255, -2.91137502999993, 0],
              [115.140818266, -2.90872829999995, 0],
              [115.140842285, -2.90868025999993, 0],
              [115.140859643, -2.90869248899998, 0],
              [115.14179184, -2.90919820199997, 0],
              [115.142772179, -2.90962650499995, 0],
              [115.143409873, -2.90981686199996, 0],
              [115.143942874, -2.90987396899993, 0],
              [115.144542526, -2.90990498499997, 0],
              [115.145046943, -2.90993107599996, 0],
              [115.145808371, -2.91003577299995, 0],
              [115.146161441, -2.91013271999998, 0],
              [115.146526175, -2.91023287199994, 0],
              [115.147376832, -2.91043512499994, 0],
              [115.147781351, -2.90981233099996, 0],
              [115.1482102, -2.90915207999996, 0],
              [115.148465691, -2.90875872799995, 0],
              [115.148471512, -2.90874976899994, 0],
              [115.14848274, -2.90873347399997, 0],
              [115.148860514, -2.90811728499995, 0],
              [115.148982423, -2.90818040599993, 0],
              [115.149056122, -2.90821901999993, 0],
              [115.149197462, -2.90832609599994, 0],
              [115.149371401, -2.90833799299998, 0],
              [115.149549861, -2.90837368499996, 0],
              [115.149674188, -2.90840759299994, 0],
              [115.149713449, -2.90841829999994, 0],
              [115.149790442, -2.90847766799993, 0],
              [115.149960318, -2.90860865699995, 0],
              [115.150144726, -2.90883173099996, 0],
              [115.150205283, -2.90891459899996, 0],
              [115.150268879, -2.90900162399993, 0],
              [115.150483799, -2.90929572599993, 0],
              [115.150655324, -2.90948659699996, 0]
            ]
          ]
        ]
      }
    },
    {
      "type": "Feature",
      "properties": {
        "kd_propinsi": "63",
        "kd_dati2": "05",
        "kd_kecamatan": "3",
        "kd_kelurahan": "29",
        "nm_kelurahan": "Kalumpang"
      },
      "geometry": {
        "type": "MultiPolygon",
        "coordinates": [
          [
            [
              [115.214427847, -3.00749857799997, 0],
              [115.21410424, -3.00747002499998, 0],
              [115.213723526, -3.00759375699994, 0],
              [115.213735998, -3.00800306799994, 0],
              [115.213675937, -3.00840277399993, 0],
              [115.213495098, -3.00867879099997, 0],
              [115.213257153, -3.00904046899996, 0],
              [115.213000171, -3.00914516499995, 0],
              [115.212581385, -3.00914516499995, 0],
              [115.212191153, -3.00904046899996, 0],
              [115.21183136, -3.00869154299994, 0],
              [115.211458279, -3.00854554199998, 0],
              [115.211058531, -3.00851698799994, 0],
              [115.210763477, -3.00862168399993, 0],
              [115.210535049, -3.00843132699993, 0],
              [115.210611192, -3.00806964899994, 0],
              [115.211192426, -3.00776713899995, 0],
              [115.211658155, -3.00742243499997, 0],
              [115.211524905, -3.00701316799996, 0],
              [115.211153709, -3.00680377499998, 0],
              [115.210820585, -3.00660390099995, 0],
              [115.210770377, -3.00652085799993, 0],
              [115.210689533, -3.00656817099997, 0],
              [115.210032101, -3.00750776199993, 0],
              [115.209564103, -3.00822673599993, 0],
              [115.209013869, -3.00912169199995, 0],
              [115.20863656, -3.00973211999997, 0],
              [115.207996685, -3.01076452299998, 0],
              [115.207918144, -3.01220444799998, 0],
              [115.209144885, -3.01527878099995, 0],
              [115.208017613, -3.01743612299993, 0],
              [115.206506977, -3.01745448099996, 0],
              [115.205138787, -3.01738309699994, 0],
              [115.204389257, -3.01737120099995, 0],
              [115.203259015, -3.01735930199993, 0],
              [115.202866402, -3.01728791899996, 0],
              [115.202771224, -3.01660977299997, 0],
              [115.201921758, -3.01737595899994, 0],
              [115.20133641, -3.01804696699998, 0],
              [115.201248784, -3.01826896599994, 0],
              [115.20104395, -3.01825077899997, 0],
              [115.201367712, -3.01747375299993, 0],
              [115.201373351, -3.01741735599995, 0],
              [115.201432464, -3.01682623199997, 0],
              [115.200354382, -3.01567859799997, 0],
              [115.200149046, -3.01546001299994, 0],
              [115.199425146, -3.01468940999996, 0],
              [115.194989622, -3.01575782099997, 0],
              [115.194888962, -3.01571308399997, 0],
              [115.194008095, -3.01532158699996, 0],
              [115.193241314, -3.01498079499993, 0],
              [115.191540203, -3.01396874199998, 0],
              [115.190444858, -3.01331707999998, 0],
              [115.189133991, -3.01253719699997, 0],
              [115.188125893, -3.01193744299997, 0],
              [115.183722745, -3.01005962999994, 0],
              [115.181021681, -3.00825425899996, 0],
              [115.177474161, -3.00588311699994, 0],
              [115.176778922, -3.00291254699994, 0],
              [115.176790413, -3.00247592599993, 0],
              [115.176385049, -3.00117875999996, 0],
              [115.176293841, -2.99705417999996, 0],
              [115.176942423, -2.99553406499996, 0],
              [115.180962717, -2.99504894199993, 0],
              [115.184392922, -2.99463502099997, 0],
              [115.18595797, -2.99444712199994, 0],
              [115.188921531, -2.99409481199996, 0],
              [115.191349105, -2.99378118999994, 0],
              [115.194032781, -2.99293632999996, 0],
              [115.194504823, -2.99278772299994, 0],
              [115.196562047, -2.99148042399997, 0],
              [115.197372776, -2.98931172599993, 0],
              [115.197737603, -2.98777134199997, 0],
              [115.19923745, -2.98689980899997, 0],
              [115.201933121, -2.98669712699996, 0],
              [115.203873018, -2.98634242099996, 0],
              [115.204855358, -2.98592533999994, 0],
              [115.206372664, -2.98580820299998, 0],
              [115.207800875, -2.98560119799993, 0],
              [115.208425569, -2.98560222199996, 0],
              [115.209229473, -2.98515493699995, 0],
              [115.210151643, -2.98515644599996, 0],
              [115.211341295, -2.98530792599996, 0],
              [115.212858459, -2.98528049799995, 0],
              [115.214048501, -2.98519272199997, 0],
              [115.21434554, -2.98546236799996, 0],
              [115.216517248, -2.98537618999995, 0],
              [115.217142331, -2.98513795399992, 0],
              [115.218928191, -2.98451281799993, 0],
              [115.219851038, -2.98409562299997, 0],
              [115.220952512, -2.98358899799996, 0],
              [115.222949196, -2.98134921999997, 0],
              [115.223993331, -2.97949668199993, 0],
              [115.225130226, -2.97810773399993, 0],
              [115.225549011, -2.97814580499994, 0],
              [115.226500795, -2.97835519799997, 0],
              [115.227243187, -2.97860266199996, 0],
              [115.228042686, -2.97886916099998, 0],
              [115.228613758, -2.97890723199993, 0],
              [115.229051578, -2.97881205399995, 0],
              [115.229451328, -2.97854555499993, 0],
              [115.230041433, -2.97835519799997, 0],
              [115.23049829, -2.97837423399994, 0],
              [115.230574433, -2.97862169699994, 0],
              [115.230536361, -2.97911662499996, 0],
              [115.230764789, -2.97934505399996, 0],
              [115.231012255, -2.97970673199995, 0],
              [115.23116454, -2.97983998199993, 0],
              [115.23160236, -2.97987805299994, 0],
              [115.231887895, -2.97987805299994, 0],
              [115.232211503, -2.97985901699997, 0],
              [115.232554144, -2.97985901699997, 0],
              [115.233277501, -2.97959251799995, 0],
              [115.233505929, -2.97938312499997, 0],
              [115.233810501, -2.97904048199996, 0],
              [115.234096036, -2.97900241099995, 0],
              [115.234191214, -2.97909758899993, 0],
              [115.234629034, -2.97928794699993, 0],
              [115.234838428, -2.97911662499996, 0],
              [115.235333355, -2.97894530399998, 0],
              [115.235637927, -2.97892626899994, 0],
              [115.236228032, -2.97890723299997, 0],
              [115.236266104, -2.97909758899993, 0],
              [115.236208996, -2.97953540999993, 0],
              [115.236342247, -2.97999226699994, 0],
              [115.236342246, -2.98054430199994, 0],
              [115.236266104, -2.98105826599993, 0],
              [115.236164581, -2.98158571199997, 0],
              [115.235936153, -2.98200449799998, 0],
              [115.235422188, -2.98236617499993, 0],
              [115.235165206, -2.98289917499994, 0],
              [115.235050992, -2.98325133599997, 0],
              [115.234955813, -2.98368915599997, 0],
              [115.234898707, -2.98380336999998, 0],
              [115.234594136, -2.98427926299996, 0],
              [115.234251494, -2.98481226199993, 0],
              [115.233851745, -2.98513586799993, 0],
              [115.233509102, -2.98563079599995, 0],
              [115.232924706, -2.98601055799998, 0],
              [115.232139484, -2.98691475399994, 0],
              [115.231497029, -2.98734305599993, 0],
              [115.230902163, -2.98789033199995, 0],
              [115.230331093, -2.98822345699995, 0],
              [115.229819509, -2.98860417099996, 0],
              [115.229890894, -2.98910385799996, 0],
              [115.230188327, -2.98952026399996, 0],
              [115.230414375, -2.98981769599993, 0],
              [115.230450067, -2.99016271799997, 0],
              [115.230450066, -2.99051963699998, 0],
              [115.23047386, -2.99082896699997, 0],
              [115.230545244, -2.99112639999993, 0],
              [115.230652321, -2.99131675699994, 0],
              [115.230818883, -2.99145952499993, 0],
              [115.230985445, -2.99153090799996, 0],
              [115.231175801, -2.99163798399997, 0],
              [115.23136616, -2.99186403199997, 0],
              [115.231544619, -2.99210197799994, 0],
              [115.231889641, -2.99225664399995, 0],
              [115.232127586, -2.99223284899995, 0],
              [115.232187072, -2.99242320599996, 0],
              [115.23224656, -2.99257787099998, 0],
              [115.232365533, -2.99283961199996, 0],
              [115.232555889, -2.99313704399998, 0],
              [115.232674862, -2.99349396299994, 0],
              [115.232839045, -2.99378901599994, 0],
              [115.232458332, -2.99412214099993, 0],
              [115.232256077, -2.99445526499994, 0],
              [115.232363153, -2.99488356799998, 0],
              [115.232398846, -2.99514530899995, 0],
              [115.232351256, -2.99549033099993, 0],
              [115.23211331, -2.99572827699996, 0],
              [115.231756391, -2.99576396899994, 0],
              [115.231161525, -2.99581155799996, 0],
              [115.230721325, -2.99591863399996, 0],
              [115.230435789, -2.99612088799995, 0],
              [115.230304919, -2.99637073199995, 0],
              [115.230304919, -2.99682282899994, 0],
              [115.230150255, -2.99707267199995, 0],
              [115.229793335, -2.99742959199995, 0],
              [115.229400725, -2.99789358699997, 0],
              [115.229138983, -2.99807204599995, 0],
              [115.228520323, -2.99819101899993, 0],
              [115.22778269, -2.99839327399997, 0],
              [115.227247312, -2.99860742499993, 0],
              [115.226854701, -2.99880967899998, 0],
              [115.226521577, -2.99905952299997, 0],
              [115.226331221, -2.99917849499997, 0],
              [115.226105172, -2.99915470099995, 0],
              [115.225902917, -2.99895244699997, 0],
              [115.225629278, -2.99873829499995, 0],
              [115.225331845, -2.99851224699995, 0],
              [115.225105797, -2.99842896599995, 0],
              [115.224835134, -2.99844006999996, 0],
              [115.224418729, -2.99867801499994, 0],
              [115.224287857, -2.99898734499993, 0],
              [115.224299755, -2.99935616199997, 0],
              [115.224371138, -2.99964169699996, 0],
              [115.224609085, -3.00003430799995, 0],
              [115.224775647, -3.00035553599997, 0],
              [115.224763749, -3.00061727599996, 0],
              [115.224620983, -3.00089091399997, 0],
              [115.224490111, -3.00106937399994, 0],
              [115.224121295, -3.00130731999997, 0],
              [115.224038013, -3.00159285499996, 0],
              [115.223895247, -3.00214013099998, 0],
              [115.223752478, -3.00242566699996, 0],
              [115.22352643, -3.00272309899998, 0],
              [115.223347971, -3.00297294299998, 0],
              [115.223181408, -3.00313950499998, 0],
              [115.222812592, -3.00322278599998, 0],
              [115.222646029, -3.00318709499993, 0],
              [115.22241998, -3.00317519699996, 0],
              [115.222229623, -3.00321088899995, 0],
              [115.222170138, -3.00321088799996, 0],
              [115.222146342, -3.00342503999997, 0],
              [115.222146342, -3.00365108899996, 0],
              [115.222074959, -3.00393662399995, 0],
              [115.221932191, -3.00411508399998, 0],
              [115.221813218, -3.00432923499994, 0],
              [115.221706142, -3.00469805199998, 0],
              [115.221551478, -3.00504307399996, 0],
              [115.221289737, -3.00524532799994, 0],
              [115.221039892, -3.00536430199998, 0],
              [115.220956612, -3.00566173399994, 0],
              [115.220718666, -3.00611383199993, 0],
              [115.220528309, -3.00619711199994, 0],
              [115.220218979, -3.00629229099997, 0],
              [115.219945342, -3.00633987999993, 0],
              [115.219754985, -3.00644695499994, 0],
              [115.219517039, -3.00658972299993, 0],
              [115.219326682, -3.00675628599993, 0],
              [115.219041146, -3.00681577199993, 0],
              [115.218577152, -3.00673249199997, 0],
              [115.218160745, -3.00691094999996, 0],
              [115.217815725, -3.00706561599998, 0],
              [115.217351729, -3.00713699899995, 0],
              [115.217030501, -3.00693474499997, 0],
              [115.216316663, -3.00654213599995, 0],
              [115.215971641, -3.00632798399994, 0],
              [115.215709901, -3.00616141999996, 0],
              [115.215341084, -3.00631608599997, 0],
              [115.215103137, -3.00639936699997, 0],
              [115.215019856, -3.00654213399997, 0],
              [115.214924678, -3.00694664199995, 0],
              [115.214781911, -3.00716079399996, 0],
              [115.214427847, -3.00749857799997, 0]
            ]
          ]
        ]
      }
    },
    {
      "type": "Feature",
      "properties": {
        "kd_propinsi": "63",
        "kd_dati2": "05",
        "kd_kecamatan": "9",
        "kd_kelurahan": "86",
        "nm_kelurahan": "Kambang Habang Baru"
      },
      "geometry": {
        "type": "MultiPolygon",
        "coordinates": [
          [
            [
              [115.141782575, -3.06520416299998, 0],
              [115.141802904, -3.06522620899995, 0],
              [115.141906078, -3.06533810299993, 0],
              [115.142170221, -3.06562456699993, 0],
              [115.142177049, -3.06588619199994, 0],
              [115.142177049, -3.06612889799993, 0],
              [115.142219878, -3.06632877299995, 0],
              [115.142225198, -3.06633659399995, 0],
              [115.142375257, -3.06655721999994, 0],
              [115.142503747, -3.06664287999996, 0],
              [115.142782146, -3.06661432699997, 0],
              [115.142917773, -3.06665715799994, 0],
              [115.142946329, -3.06671426499997, 0],
              [115.142917773, -3.06680706399993, 0],
              [115.142853529, -3.06693555399994, 0],
              [115.142810697, -3.06702835399995, 0],
              [115.143008149, -3.06705655999997, 0],
              [115.143010574, -3.06705690699994, 0],
              [115.143167619, -3.06707832299998, 0],
              [115.143267556, -3.06704262999995, 0],
              [115.14342188, -3.06698200399995, 0],
              [115.14346029, -3.06681420299998, 0],
              [115.143501567, -3.06679493999997, 0],
              [115.143567366, -3.06676423399995, 0],
              [115.143717273, -3.06671426499997, 0],
              [115.143802935, -3.06667143399994, 0],
              [115.143831486, -3.06675709599995, 0],
              [115.143821298, -3.06679493999997, 0],
              [115.143781518, -3.06694269199994, 0],
              [115.143752966, -3.06708546099998, 0],
              [115.143686891, -3.06726940899995, 0],
              [115.143741778, -3.06732893799995, 0],
              [115.143752966, -3.06747807099993, 0],
              [115.143767242, -3.06752090199996, 0],
              [115.143899008, -3.06749945299993, 0],
              [115.144074193, -3.06747093299993, 0],
              [115.144029056, -3.06764048799994, 0],
              [115.144052776, -3.06782071499993, 0],
              [115.144095607, -3.06787782199996, 0],
              [115.144145576, -3.06788495999996, 0],
              [115.144052776, -3.06804200399995, 0],
              [115.144095607, -3.06810624999997, 0],
              [115.144288345, -3.06809197199993, 0],
              [115.14435259, -3.06814194099997, 0],
              [115.144359728, -3.06823473999998, 0],
              [115.144331892, -3.06829737199996, 0],
              [115.144302621, -3.06836323199997, 0],
              [115.144231238, -3.06849172199998, 0],
              [115.144366865, -3.06872728799993, 0],
              [115.144359728, -3.06880581099995, 0],
              [115.144459666, -3.06887719399998, 0],
              [115.144623849, -3.06882008699995, 0],
              [115.144723786, -3.06870587299994, 0],
              [115.144878645, -3.06856187599993, 0],
              [115.144987906, -3.06849885999998, 0],
              [115.145073565, -3.06850599799998, 0],
              [115.14513781, -3.06858452199998, 0],
              [115.145107802, -3.06881039799993, 0],
              [115.145164721, -3.06887212799995, 0],
              [115.14538706, -3.06878498999993, 0],
              [115.145589315, -3.06884447699997, 0],
              [115.145720183, -3.06901103999996, 0],
              [115.145720183, -3.06923708899996, 0],
              [115.145898645, -3.06942744499997, 0],
              [115.145956827, -3.06948115399996, 0],
              [115.146053308, -3.06957021299996, 0],
              [115.146076996, -3.06966470899994, 0],
              [115.146144741, -3.06993496499996, 0],
              [115.146017617, -3.07015317999998, 0],
              [115.146029513, -3.07040302499996, 0],
              [115.146136589, -3.07060527899995, 0],
              [115.146207975, -3.07079563499997, 0],
              [115.146398331, -3.07096219799996, 0],
              [115.146660071, -3.07111686199994, 0],
              [115.14693371, -3.07124773299995, 0],
              [115.147040786, -3.07133101299996, 0],
              [115.147283648, -3.07138336199995, 0],
              [115.147513969, -3.07141990299994, 0],
              [115.147554704, -3.07142636299994, 0],
              [115.147709209, -3.07145087399994, 0],
              [115.147749981, -3.07167585799994, 0],
              [115.147485902, -3.07174028099996, 0],
              [115.147462108, -3.07200202099995, 0],
              [115.147671914, -3.07211054099997, 0],
              [115.147807129, -3.07218048199997, 0],
              [115.147985591, -3.07235894099995, 0],
              [115.147961796, -3.07269206499996, 0],
              [115.147914205, -3.07295380699998, 0],
              [115.147854721, -3.07308467599995, 0],
              [115.147814405, -3.07322174899997, 0],
              [115.147795232, -3.07328692999994, 0],
              [115.147783336, -3.07331072499994, 0],
              [115.148092667, -3.07373902799998, 0],
              [115.148211639, -3.07392938499993, 0],
              [115.148342508, -3.07420302399993, 0],
              [115.148342508, -3.07438148199998, 0],
              [115.148271126, -3.07466701799996, 0],
              [115.148580455, -3.07484547799993, 0],
              [115.149068245, -3.07483358099995, 0],
              [115.149472754, -3.07433389399995, 0],
              [115.149774024, -3.07406549799993, 0],
              [115.149904502, -3.07530697799996, 0],
              [115.150199904, -3.07796558999996, 0],
              [115.150328744, -3.07912514199995, 0],
              [115.150740613, -3.08283196199994, 0],
              [115.150773068, -3.08312406599993, 0],
              [115.150800114, -3.08336747899995, 0],
              [115.151065031, -3.08555402699994, 0],
              [115.151316663, -3.08763092199996, 0],
              [115.151323523, -3.08763833599994, 0],
              [115.151406425, -3.08837179499994, 0],
              [115.151559542, -3.08963558499994, 0],
              [115.151662841, -3.09064041199997, 0],
              [115.151687326, -3.09085703999995, 0],
              [115.150962494, -3.09130288299997, 0],
              [115.149544396, -3.09217515499995, 0],
              [115.146010984, -3.09434855399996, 0],
              [115.144997412, -3.09497200099997, 0],
              [115.144638481, -3.09519277899994, 0],
              [115.144510327, -3.09530934099996, 0],
              [115.143857008, -3.09590355899996, 0],
              [115.137982227, -3.10124685199997, 0],
              [115.136117112, -3.10014691299995, 0],
              [115.133427985, -3.10286377499995, 0],
              [115.128093185, -3.10825359699993, 0],
              [115.123358595, -3.10672123999996, 0],
              [115.117317202, -3.10476590199994, 0],
              [115.11509257, -3.10209766099996, 0],
              [115.111424176, -3.09769776499996, 0],
              [115.11083822, -3.09699496099995, 0],
              [115.110838198, -3.09698691799997, 0],
              [115.114842723, -3.09528607199997, 0],
              [115.11543652, -3.09503386599994, 0],
              [115.122430275, -3.09206333799995, 0],
              [115.122499023, -3.09209312799993, 0],
              [115.123519498, -3.09033049699997, 0],
              [115.123950055, -3.08958680199993, 0],
              [115.124873665, -3.08799147399998, 0],
              [115.126161147, -3.08576763899993, 0],
              [115.127772962, -3.08339732299993, 0],
              [115.128143892, -3.08285183899994, 0],
              [115.128317204, -3.08259696599993, 0],
              [115.129536689, -3.08183478899997, 0],
              [115.129540124, -3.08183264199994, 0],
              [115.12953863, -3.08182709699997, 0],
              [115.129661079, -3.08175704499996, 0],
              [115.130346435, -3.08132869799994, 0],
              [115.130674851, -3.08070835499996, 0],
              [115.131103558, -3.07987751499996, 0],
              [115.131186965, -3.07971586899993, 0],
              [115.131406772, -3.07932583499996, 0],
              [115.131409584, -3.07932052699994, 0],
              [115.131487877, -3.07917264099996, 0],
              [115.132594922, -3.07746949699993, 0],
              [115.133074149, -3.07673222699998, 0],
              [115.13389165, -3.07547452899996, 0],
              [115.134785374, -3.07409956599997, 0],
              [115.135494285, -3.07358621699996, 0],
              [115.138381002, -3.07149583699993, 0],
              [115.138463354, -3.07143620299996, 0],
              [115.138978517, -3.07037153099998, 0],
              [115.139951393, -3.06836092099996, 0],
              [115.140041251, -3.06817521899995, 0],
              [115.140163313, -3.06792295499997, 0],
              [115.140365756, -3.06750456899994, 0],
              [115.140401539, -3.06718253999998, 0],
              [115.140466133, -3.06660119599997, 0],
              [115.14056485, -3.06571272799994, 0],
              [115.140645984, -3.06498252499995, 0],
              [115.140738953, -3.06414580499995, 0],
              [115.141782575, -3.06520416299998, 0]
            ]
          ]
        ]
      }
    },
    {
      "type": "Feature",
      "properties": {
        "kd_propinsi": "63",
        "kd_dati2": "05",
        "kd_kecamatan": "9",
        "kd_kelurahan": "87",
        "nm_kelurahan": "Kambang Habang Lama"
      },
      "geometry": {
        "type": "MultiPolygon",
        "coordinates": [
          [
            [
              [115.183355545, -3.09864273899996, 0],
              [115.182053983, -3.10033757899993, 0],
              [115.1805, -3.10236111099994, 0],
              [115.177611111, -3.10558333299997, 0],
              [115.174583333, -3.10827777799995, 0],
              [115.17125, -3.11172222199997, 0],
              [115.167972222, -3.11466666699994, 0],
              [115.167489804, -3.11485883299997, 0],
              [115.167142203, -3.11496494799997, 0],
              [115.166844772, -3.11516720199995, 0],
              [115.165512273, -3.11591673199996, 0],
              [115.162990044, -3.11680903099995, 0],
              [115.162169131, -3.11703507899995, 0],
              [115.161871683, -3.11686804999994, 0],
              [115.161911621, -3.11279442599994, 0],
              [115.161911176, -3.11279175899995, 0],
              [115.161647663, -3.11265969799996, 0],
              [115.156582221, -3.11033075899996, 0],
              [115.147079308, -3.10751275099995, 0],
              [115.146337659, -3.10813002199996, 0],
              [115.145695204, -3.10879627099996, 0],
              [115.144600651, -3.10981943799993, 0],
              [115.141435969, -3.11243684599998, 0],
              [115.138723382, -3.11426903099994, 0],
              [115.136067072, -3.11619619899994, 0],
              [115.136066242, -3.11646228499996, 0],
              [115.130408237, -3.11422696799997, 0],
              [115.129741904, -3.11396371899997, 0],
              [115.129156557, -3.11359252299997, 0],
              [115.128085799, -3.11292151499993, 0],
              [115.127815011, -3.10905432699997, 0],
              [115.127781228, -3.10857185999993, 0],
              [115.128093185, -3.10825359699993, 0],
              [115.133427985, -3.10286377499995, 0],
              [115.136117112, -3.10014691299995, 0],
              [115.137982227, -3.10124685199997, 0],
              [115.143857008, -3.09590355899996, 0],
              [115.144510327, -3.09530934099996, 0],
              [115.144638481, -3.09519277899994, 0],
              [115.144997412, -3.09497200099997, 0],
              [115.146010984, -3.09434855399996, 0],
              [115.149544396, -3.09217515499995, 0],
              [115.150962494, -3.09130288299997, 0],
              [115.151687326, -3.09085703999995, 0],
              [115.151662841, -3.09064041199997, 0],
              [115.151559542, -3.08963558499994, 0],
              [115.151406425, -3.08837179499994, 0],
              [115.151323523, -3.08763833599994, 0],
              [115.151316663, -3.08763092199996, 0],
              [115.151065031, -3.08555402699994, 0],
              [115.150800114, -3.08336747899995, 0],
              [115.150773068, -3.08312406599993, 0],
              [115.150740613, -3.08283196199994, 0],
              [115.150328744, -3.07912514199995, 0],
              [115.150199904, -3.07796558999996, 0],
              [115.149904502, -3.07530697799996, 0],
              [115.149774024, -3.07406549799993, 0],
              [115.149883148, -3.07396828299994, 0],
              [115.14988821, -3.07396194999996, 0],
              [115.150340576, -3.07434436299997, 0],
              [115.150649906, -3.07439195299997, 0],
              [115.150947338, -3.07449902799993, 0],
              [115.15120472, -3.07445908899996, 0],
              [115.151637382, -3.07439195199993, 0],
              [115.151803944, -3.07440384999995, 0],
              [115.1520062, -3.07449902799993, 0],
              [115.152148966, -3.07455851399993, 0],
              [115.152410708, -3.07455851499998, 0],
              [115.152648654, -3.07432056899995, 0],
              [115.152791421, -3.07403503299997, 0],
              [115.152922291, -3.07382088199995, 0],
              [115.153124545, -3.07359483299996, 0],
              [115.153493363, -3.07334498999995, 0],
              [115.153755103, -3.07320222199996, 0],
              [115.154040638, -3.07322601599998, 0],
              [115.154349969, -3.07342826999997, 0],
              [115.154587914, -3.07358293499993, 0],
              [115.154683092, -3.07377329199994, 0],
              [115.154754477, -3.07395175199997, 0],
              [115.154861553, -3.07408262299992, 0],
              [115.155051909, -3.07423728699996, 0],
              [115.155385034, -3.07445143899997, 0],
              [115.155527801, -3.07460610299995, 0],
              [115.155587288, -3.07473697399996, 0],
              [115.155765747, -3.07498681799996, 0],
              [115.15588472, -3.07512958499996, 0],
              [115.15606318, -3.07526045599997, 0],
              [115.156336818, -3.07529614699996, 0],
              [115.156527174, -3.07530804499993, 0],
              [115.156788916, -3.07541511999995, 0],
              [115.157014964, -3.07561737399993, 0],
              [115.157145834, -3.07579583399996, 0],
              [115.157276705, -3.07597429399993, 0],
              [115.157502754, -3.07621223899997, 0],
              [115.157681213, -3.07641449399995, 0],
              [115.157633624, -3.07656915899997, 0],
              [115.157669316, -3.07665243999998, 0],
              [115.157752598, -3.07674761899995, 0],
              [115.157859674, -3.07673572099998, 0],
              [115.158061928, -3.07661674799994, 0],
              [115.158252285, -3.07656915899997, 0],
              [115.158561614, -3.07656915899997, 0],
              [115.158870944, -3.07672382399994, 0],
              [115.159073197, -3.07681900299997, 0],
              [115.159263554, -3.07696176999997, 0],
              [115.159299246, -3.07710453799996, 0],
              [115.159584782, -3.07740197099997, 0],
              [115.159739448, -3.07752094299997, 0],
              [115.159751345, -3.07767560899993, 0],
              [115.159698402, -3.07778364399997, 0],
              [115.159739448, -3.07811580899994, 0],
              [115.159822728, -3.07827047299998, 0],
              [115.159965497, -3.07827047299998, 0],
              [115.16012016, -3.07818719299996, 0],
              [115.160286724, -3.07816339799996, 0],
              [115.160381902, -3.07831806299993, 0],
              [115.16047708, -3.07848462499993, 0],
              [115.160631745, -3.07865118699993, 0],
              [115.160798307, -3.07880585199996, 0],
              [115.160857794, -3.07894861999995, 0],
              [115.160941076, -3.07912707999998, 0],
              [115.161024357, -3.07926984699998, 0],
              [115.161167124, -3.07938881999996, 0],
              [115.161405069, -3.07944830699995, 0],
              [115.161690604, -3.07929364199993, 0],
              [115.161750091, -3.07921036099998, 0],
              [115.161904756, -3.07903190099995, 0],
              [115.162047524, -3.07888913399995, 0],
              [115.162297368, -3.07868687999996, 0],
              [115.162440135, -3.07872257099996, 0],
              [115.162618596, -3.07882964699996, 0],
              [115.162737569, -3.07887723699997, 0],
              [115.162864453, -3.07907052399997, 0],
              [115.163023103, -3.07936502599995, 0],
              [115.163272948, -3.07968625299998, 0],
              [115.163463304, -3.07994799399995, 0],
              [115.163796429, -3.08007886399997, 0],
              [115.163998683, -3.08016214599996, 0],
              [115.164129552, -3.08011455599996, 0],
              [115.164246875, -3.07999287099995, 0],
              [115.164296114, -3.07980522599996, 0],
              [115.164367499, -3.07969814999996, 0],
              [115.16458165, -3.07972194499996, 0],
              [115.164764869, -3.07992300899997, 0],
              [115.164926672, -3.08049407999994, 0],
              [115.164955226, -3.08069395499996, 0],
              [115.165031369, -3.08091286499996, 0],
              [115.165164619, -3.08117936499997, 0],
              [115.165364494, -3.08151248999997, 0],
              [115.165716653, -3.08170284599993, 0],
              [115.166183027, -3.08193127399994, 0],
              [115.166420973, -3.08206452399998, 0],
              [115.166497116, -3.08222632699994, 0],
              [115.166601813, -3.08262607699993, 0],
              [115.166687473, -3.08294016699995, 0],
              [115.167058669, -3.08320666599997, 0],
              [115.16749649, -3.08351123699993, 0],
              [115.167601186, -3.08376821799993, 0],
              [115.167648775, -3.08396809299995, 0],
              [115.167658294, -3.08430121899994, 0],
              [115.167686847, -3.08450109299997, 0],
              [115.167834373, -3.08489608299993, 0],
              [115.167910517, -3.08516258299994, 0],
              [115.168043767, -3.08550522499996, 0],
              [115.168129427, -3.08576220699996, 0],
              [115.168357856, -3.08612388499995, 0],
              [115.168557729, -3.08619050999994, 0],
              [115.168899579, -3.08628352199997, 0],
              [115.169126253, -3.08717596199995, 0],
              [115.169178528, -3.08738135099998, 0],
              [115.169191598, -3.08743270699995, 0],
              [115.169267513, -3.08773097699998, 0],
              [115.169336238, -3.08800100299993, 0],
              [115.169585161, -3.08898530599993, 0],
              [115.169618056, -3.08911538099994, 0],
              [115.169862627, -3.09007910199995, 0],
              [115.169927504, -3.09033475099994, 0],
              [115.170079395, -3.09034159799995, 0],
              [115.170394674, -3.09038323799996, 0],
              [115.170811079, -3.09070446699997, 0],
              [115.171001436, -3.09094241199995, 0],
              [115.171316714, -3.09122794799993, 0],
              [115.171507071, -3.09145399599993, 0],
              [115.171804505, -3.09174547999993, 0],
              [115.172107886, -3.09199532399992, 0],
              [115.172226859, -3.09218567999994, 0],
              [115.172292293, -3.09228085899997, 0],
              [115.172464804, -3.09261993199993, 0],
              [115.172561488, -3.09281032899997, 0],
              [115.173222879, -3.09365688999998, 0],
              [115.17405569, -3.09448970099993, 0],
              [115.174620813, -3.09523328199998, 0],
              [115.175275165, -3.09630403999995, 0],
              [115.176435152, -3.09734505399996, 0],
              [115.177267964, -3.09788043199995, 0],
              [115.17807103, -3.09832658199997, 0],
              [115.18125356, -3.09835632499994, 0],
              [115.183355545, -3.09864273899996, 0]
            ]
          ]
        ]
      }
    },
    {
      "type": "Feature",
      "properties": {
        "kd_propinsi": "63",
        "kd_dati2": "05",
        "kd_kecamatan": "6",
        "kd_kelurahan": "66",
        "nm_kelurahan": "Kambang Kuning"
      },
      "geometry": {
        "type": "MultiPolygon",
        "coordinates": [
          [
            [
              [115.161871683, -3.11686804999994, 0],
              [115.161818239, -3.12231978899996, 0],
              [115.161783366, -3.12587650999996, 0],
              [115.161667936, -3.13340511999996, 0],
              [115.161578156, -3.14121589199993, 0],
              [115.161564415, -3.14292292999994, 0],
              [115.161514028, -3.14918057299997, 0],
              [115.161442388, -3.15001269599998, 0],
              [115.16135023, -3.15108315299995, 0],
              [115.161329989, -3.15109174599996, 0],
              [115.158095966, -3.15246478699993, 0],
              [115.152712423, -3.15477202299996, 0],
              [115.150804183, -3.15558984099994, 0],
              [115.148668419, -3.15507343599995, 0],
              [115.148002171, -3.15494018699997, 0],
              [115.147050387, -3.15471175899995, 0],
              [115.144423462, -3.15455947299995, 0],
              [115.143871424, -3.15465465199998, 0],
              [115.14291964, -3.15469272299993, 0],
              [115.14221532, -3.15478790099996, 0],
              [115.141225464, -3.15490211499997, 0],
              [115.140464036, -3.15511150799995, 0],
              [115.139036362, -3.15575872099993, 0],
              [115.136099554, -3.15802989499997, 0],
              [115.133649826, -3.15951156599994, 0],
              [115.131662369, -3.16075706499993, 0],
              [115.13107872, -3.16160392799998, 0],
              [115.130649964, -3.16169505099998, 0],
              [115.13041899, -3.16121706099995, 100],
              [115.13010977, -3.16058806699994, 100],
              [115.129990141, -3.16037814499993, 98.4048000000039],
              [115.12981833, -3.16007665499996, 94.8665000000037],
              [115.12975783, -3.15998565399997, 93.8217000000004],
              [115.129580589, -3.15971905699996, 88.8203999999969],
              [115.129194511, -3.15931145899998, 80],
              [115.128777151, -3.15879077599993, 80],
              [115.128413724, -3.15829279699995, 80],
              [115.128310913, -3.15815244999993, 80],
              [115.128240805, -3.15805674599994, 80],
              [115.128184898, -3.15798042699993, 80],
              [115.127987637, -3.15762290299995, 80],
              [115.127835126, -3.15739204999994, 80],
              [115.127646497, -3.15723799199998, 78.771900000007],
              [115.127457859, -3.15708845399996, 74.997000000003],
              [115.127291629, -3.15698416799995, 72.0506000000023],
              [115.127107367, -3.15690245399998, 69.252999999997],
              [115.126972492, -3.15687056199994, 67.8120000000054],
              [115.126824091, -3.15685672999996, 67.8589999999967],
              [115.126545231, -3.15685622499996, 68.6484999999957],
              [115.126507136, -3.15685832299994, 68.7823000000062],
              [115.126306827, -3.15686935699995, 69.2434999999969],
              [115.126000097, -3.15694521099994, 0],
              [115.125780106, -3.15664672899993, 0],
              [115.126588821, -3.15515899699994, 0],
              [115.126657486, -3.15509605399996, 0],
              [115.126850502, -3.15353637099997, 0],
              [115.132965966, -3.15353636999993, 0],
              [115.133358075, -3.15324228799994, 0],
              [115.133792328, -3.15291659899998, 0],
              [115.133851849, -3.15284596099997, 0],
              [115.13443964, -3.15214838499998, 0],
              [115.134963121, -3.15181525999998, 0],
              [115.135505638, -3.15154875999997, 0],
              [115.135957507, -3.15122033899996, 0],
              [115.1360262, -3.12929353099997, 0],
              [115.136030772, -3.12783085999996, 0],
              [115.13603631, -3.12606248599997, 0],
              [115.136053166, -3.12065684799995, 0],
              [115.136066242, -3.11646228499996, 0],
              [115.136067072, -3.11619619899994, 0],
              [115.138723382, -3.11426903099994, 0],
              [115.141435969, -3.11243684599998, 0],
              [115.144600651, -3.10981943799993, 0],
              [115.145695204, -3.10879627099996, 0],
              [115.146337659, -3.10813002199996, 0],
              [115.147079308, -3.10751275099995, 0],
              [115.156582221, -3.11033075899996, 0],
              [115.161647663, -3.11265969799996, 0],
              [115.161911176, -3.11279175899995, 0],
              [115.161911621, -3.11279442599994, 0],
              [115.161871683, -3.11686804999994, 0]
            ]
          ]
        ]
      }
    },
    {
      "type": "Feature",
      "properties": {
        "kd_propinsi": "63",
        "kd_dati2": "05",
        "kd_kecamatan": "11",
        "kd_kelurahan": "106",
        "nm_kelurahan": "Kepayang"
      },
      "geometry": {
        "type": "MultiPolygon",
        "coordinates": [
          [
            [
              [115.101632867, -2.93304942999993, 0],
              [115.102696908, -2.93320903499995, 0],
              [115.103350863, -2.93330712799997, 0],
              [115.106673246, -2.93356107199998, 0],
              [115.10908696, -2.93374555799994, 0],
              [115.11103901, -2.93389475899994, 0],
              [115.111024869, -2.93401161399993, 0],
              [115.110922063, -2.93453030199993, 0],
              [115.110636528, -2.93448271299997, 0],
              [115.110314507, -2.93444967999994, 0],
              [115.110012892, -2.93436032699998, 0],
              [115.110008349, -2.93435898099995, 0],
              [115.109808475, -2.93433994499998, 0],
              [115.109770404, -2.93440657099995, 0],
              [115.109827511, -2.93455885599997, 0],
              [115.109798958, -2.93462548099996, 0],
              [115.10965619, -2.93455885599997, 0],
              [115.109437279, -2.93441608799998, 0],
              [115.109332583, -2.93433994599997, 0],
              [115.108885245, -2.93428283899993, 0],
              [115.10824755, -2.93451126699995, 0],
              [115.107933461, -2.93462547999997, 0],
              [115.10771455, -2.93476824899994, 0],
              [115.107552746, -2.93502522999995, 0],
              [115.107419496, -2.93521558699996, 0],
              [115.10744805, -2.93533931899998, 0],
              [115.107552746, -2.93552967499994, 0],
              [115.107362389, -2.93564388999994, 0],
              [115.107724068, -2.93588183599997, 0],
              [115.108228514, -2.93638628199994, 0],
              [115.108609227, -2.93664326399994, 0],
              [115.108780926, -2.93686670099993, 0],
              [115.108602297, -2.93764615599997, 0],
              [115.108528012, -2.93818206599997, 0],
              [115.108332886, -2.93958976399995, 0],
              [115.108322486, -2.93966480099994, 0],
              [115.108309813, -2.93975621699997, 0],
              [115.108030599, -2.94059385999998, 0],
              [115.107938289, -2.94092207299997, 0],
              [115.107643994, -2.94196845299996, 0],
              [115.106978176, -2.94291348599995, 0],
              [115.106780018, -2.94335934199995, 0],
              [115.106462703, -2.94407329799998, 0],
              [115.106140533, -2.94501833099997, 0],
              [115.103930162, -2.94473552299996, 0],
              [115.100583229, -2.94430729499993, 0],
              [115.099761563, -2.94420216599997, 0],
              [115.099282684, -2.94410737099997, 0],
              [115.095553835, -2.94336923999993, 0],
              [115.095053167, -2.94327013199995, 0],
              [115.093468504, -2.94295644199997, 0],
              [115.091874634, -2.94238786799997, 0],
              [115.090077635, -2.94174683399996, 0],
              [115.089795764, -2.94164628299996, 0],
              [115.086806785, -2.93969694899994, 0],
              [115.085312287, -2.93719653799997, 0],
              [115.085314902, -2.93717175499995, 0],
              [115.085617967, -2.93429985099994, 0],
              [115.085967316, -2.93249488099997, 0],
              [115.088820335, -2.92961274999993, 0],
              [115.091138134, -2.92869581899993, 0],
              [115.093677224, -2.93110300799998, 0],
              [115.093989868, -2.93119920599997, 0],
              [115.098452818, -2.93257242099998, 0],
              [115.098606016, -2.93259540099996, 0],
              [115.100624963, -2.93289824499993, 0],
              [115.101309332, -2.93300089999997, 0],
              [115.101632867, -2.93304942999993, 0]
            ]
          ]
        ]
      }
    },
    {
      "type": "Feature",
      "properties": {
        "kd_propinsi": "63",
        "kd_dati2": "05",
        "kd_kecamatan": "12",
        "kd_kelurahan": "129",
        "nm_kelurahan": "Keramat"
      },
      "geometry": {
        "type": "MultiPolygon",
        "coordinates": [
          [
            [
              [115.171380517, -2.91455848499993, 0],
              [115.171113519, -2.91498362199997, 0],
              [115.170842261, -2.91526915799994, 0],
              [115.170649523, -2.91557610799993, 0],
              [115.170435372, -2.91594730299994, 0],
              [115.169621597, -2.91651837499995, 0],
              [115.168870878, -2.91676762299994, 0],
              [115.167966681, -2.91707695199995, 0],
              [115.167145767, -2.91739817999996, 0],
              [115.166465144, -2.91769819699994, 0],
              [115.166205881, -2.91779079099996, 0],
              [115.165111328, -2.91832616999994, 0],
              [115.164224934, -2.91871527999996, 0],
              [115.164105097, -2.91876614499995, 0],
              [115.163613804, -2.91877164099998, 0],
              [115.162536313, -2.91880147899997, 0],
              [115.162030169, -2.91881695099994, 0],
              [115.161392516, -2.91880037499993, 0],
              [115.161251805, -2.91879643899995, 0],
              [115.160246509, -2.91876832499997, 0],
              [115.159476577, -2.91876306699993, 0],
              [115.159113761, -2.91876058899993, 0],
              [115.157981016, -2.91875506399992, 0],
              [115.156888053, -2.91881805599996, 0],
              [115.155861397, -2.91887662699998, 0],
              [115.154642453, -2.91887994199993, 0],
              [115.15400319, -2.91887994199993, 0],
              [115.154053784, -2.91885792599993, 0],
              [115.154111694, -2.91883272699994, 0],
              [115.154183078, -2.91878989599996, 0],
              [115.154250892, -2.91873278899993, 0],
              [115.154265334, -2.91863891699995, 0],
              [115.154279448, -2.91854718999997, 0],
              [115.154248226, -2.91848290999997, 0],
              [115.15421877, -2.91842226799997, 0],
              [115.154086709, -2.91832589999996, 0],
              [115.153872557, -2.91828306999997, 0],
              [115.153658406, -2.91823310099994, 0],
              [115.153469157, -2.91811729299997, 0],
              [115.15341927, -2.91808676499994, 0],
              [115.153291253, -2.91788462499994, 0],
              [115.15311946, -2.91757280099995, 0],
              [115.152930293, -2.91728012699997, 0],
              [115.152947149, -2.91714676999993, 0],
              [115.152888546, -2.91702976299996, 0],
              [115.152836357, -2.91692555299994, 0],
              [115.15271257, -2.91685182399993, 0],
              [115.152697304, -2.91684173199997, 0],
              [115.15250199, -2.91671262499995, 0],
              [115.152450244, -2.91661800799994, 0],
              [115.152377068, -2.91648419799998, 0],
              [115.152455589, -2.91632358399994, 0],
              [115.152623341, -2.91623078599997, 0],
              [115.152723618, -2.91614267599994, 0],
              [115.152834018, -2.91605705999996, 0],
              [115.152987401, -2.91593811099995, 0],
              [115.153060417, -2.91581371099994, 0],
              [115.153083767, -2.91577392799997, 0],
              [115.153180135, -2.91557048499993, 0],
              [115.153218167, -2.91542827699993, 0],
              [115.153230057, -2.91538381899994, 0],
              [115.153262226, -2.91526353399996, 0],
              [115.153376441, -2.91507793699998, 0],
              [115.153407605, -2.91495846399994, 0],
              [115.153477163, -2.91485137299998, 0],
              [115.153487737, -2.91483881399995, 0],
              [115.153511044, -2.91481112399993, 0],
              [115.153592134, -2.91471479299997, 0],
              [115.153714737, -2.91456914699995, 0],
              [115.15384029, -2.91453434999994, 0],
              [115.154029602, -2.91448188099997, 0],
              [115.154204494, -2.91445332799998, 0],
              [115.154334331, -2.91441658099996, 0],
              [115.154393661, -2.91439978999995, 0],
              [115.154486461, -2.91428200599995, 0],
              [115.154543567, -2.91420348499997, 0],
              [115.154593536, -2.91412496199996, 0],
              [115.154594032, -2.91412238899994, 0],
              [115.15461495, -2.91401431799994, 0],
              [115.154573208, -2.91391518099994, 0],
              [115.154557843, -2.91387868699997, 0],
              [115.154457905, -2.91375019699996, 0],
              [115.154261849, -2.91356654799995, 0],
              [115.154259725, -2.91356455899995, 0],
              [115.154175939, -2.91348607699996, 0],
              [115.153973082, -2.91327635699997, 0],
              [115.153847271, -2.91316901299996, 0],
              [115.153804744, -2.91313272699995, 0],
              [115.153775472, -2.91299928399997, 0],
              [115.153725643, -2.91277212199998, 0],
              [115.153689904, -2.91261504199997, 0],
              [115.153689868, -2.91261487999998, 0],
              [115.15367762, -2.91257796699995, 0],
              [115.154082465, -2.91245135199995, 0],
              [115.154655723, -2.91209447199998, 0],
              [115.155404611, -2.91160130199995, 0],
              [115.156150689, -2.91116152299998, 0],
              [115.159803726, -2.90857709699998, 0],
              [115.161216989, -2.90757724699995, 0],
              [115.162268846, -2.90673946899995, 0],
              [115.168627718, -2.90167473899993, 0],
              [115.169675729, -2.90084001699995, 0],
              [115.17015623, -2.90045730499998, 0],
              [115.170687243, -2.90003435499995, 0],
              [115.17348251, -2.90394482699998, 0],
              [115.173025655, -2.90697150099993, 0],
              [115.172550951, -2.91194576399994, 0],
              [115.171380517, -2.91455848499993, 0]
            ]
          ]
        ]
      }
    },
    {
      "type": "Feature",
      "properties": {
        "kd_propinsi": "63",
        "kd_dati2": "05",
        "kd_kecamatan": "1",
        "kd_kelurahan": "5",
        "nm_kelurahan": "Ketapang"
      },
      "geometry": {
        "type": "MultiPolygon",
        "coordinates": [
          [
            [
              [115.135553912, -2.90432060399996, 0],
              [115.129598977, -2.91115414299998, 0],
              [115.128498294, -2.91241721499995, 0],
              [115.128493027, -2.91242325899998, 0],
              [115.128127569, -2.91152159699993, 0],
              [115.127365234, -2.90964075299996, 0],
              [115.126512628, -2.90753719199995, 0],
              [115.125853906, -2.90591198299995, 0],
              [115.125683582, -2.90473249099995, 0],
              [115.125538001, -2.90372433599993, 0],
              [115.125073635, -2.90050860999997, 0],
              [115.125084719, -2.90050639299994, 0],
              [115.131691, -2.89841482999998, 0],
              [115.132775541, -2.90059582499993, 0],
              [115.133250573, -2.90177514899995, 0],
              [115.134238534, -2.90276452599994, 0],
              [115.134814418, -2.90344440499996, 0],
              [115.135545898, -2.90431877899994, 0],
              [115.135553912, -2.90432060399996, 0]
            ]
          ]
        ]
      }
    },
    {
      "type": "Feature",
      "properties": {
        "kd_propinsi": "63",
        "kd_dati2": "05",
        "kd_kecamatan": "2",
        "kd_kelurahan": "17",
        "nm_kelurahan": "MEKAR SARI"
      },
      "geometry": {
        "type": "MultiPolygon",
        "coordinates": [
          [
            [
              [115.116017465, -3.13912047299993, 0],
              [115.113002023, -3.13963794499995, 0],
              [115.11153808, -3.13988916899996, 0],
              [115.110521703, -3.14028125399995, 0],
              [115.109836419, -3.14070955699998, 0],
              [115.109222517, -3.14118068999994, 0],
              [115.108525916, -3.14180471599997, 0],
              [115.106592847, -3.14287963099997, 0],
              [115.104662113, -3.14266042399993, 0],
              [115.100984361, -3.14360735099996, 0],
              [115.097177172, -3.14607203199995, 0],
              [115.094363797, -3.13860728699996, 0],
              [115.094362572, -3.13836516999993, 0],
              [115.094362197, -3.13829100999993, 0],
              [115.094358174, -3.13747397699996, 0],
              [115.094342983, -3.13439061799994, 0],
              [115.094342966, -3.13438723399997, 0],
              [115.094336557, -3.13056037999996, 0],
              [115.094334617, -3.12945996599996, 0],
              [115.094330146, -3.12692582999995, 0],
              [115.094310916, -3.12367588899997, 0],
              [115.095228049, -3.12273896199997, 0],
              [115.098726833, -3.11799346099997, 0],
              [115.104977891, -3.11025868899998, 0],
              [115.106465053, -3.10761153799996, 0],
              [115.111212705, -3.09769141699997, 0],
              [115.112554887, -3.10018756199997, 0],
              [115.112531093, -3.10087760499994, 0],
              [115.112174173, -3.10137729199994, 0],
              [115.11210279, -3.10263840599993, 0],
              [115.113221136, -3.10520822399997, 0],
              [115.113387699, -3.10673107899993, 0],
              [115.112765073, -3.11044303899996, 0],
              [115.112669895, -3.11290578099994, 0],
              [115.112301078, -3.11364341399997, 0],
              [115.11184898, -3.11415499799995, 0],
              [115.111313601, -3.11436914899997, 0],
              [115.110599763, -3.11547559899998, 0],
              [115.109981104, -3.11629651299995, 0],
              [115.109683671, -3.11703414599998, 0],
              [115.109564698, -3.11793834099996, 0],
              [115.109719362, -3.11833095199995, 0],
              [115.110433202, -3.11844992499994, 0],
              [115.110808077, -3.11869996799993, 0],
              [115.11140878, -3.11868787099996, 0],
              [115.111432574, -3.12104353699994, 0],
              [115.111599138, -3.12675424499997, 0],
              [115.111706213, -3.12759895299996, 0],
              [115.112967328, -3.12982374799998, 0],
              [115.113490809, -3.13025205099996, 0],
              [115.114061879, -3.13300032899997, 0],
              [115.114383106, -3.13420195799995, 0],
              [115.115239712, -3.13604603899995, 0],
              [115.116017465, -3.13912047299993, 0]
            ]
          ]
        ]
      }
    },
    {
      "type": "Feature",
      "properties": {
        "kd_propinsi": "63",
        "kd_dati2": "05",
        "kd_kecamatan": "12",
        "kd_kelurahan": "130",
        "nm_kelurahan": "Kupang"
      },
      "geometry": {
        "type": "MultiPolygon",
        "coordinates": [
          [
            [
              [115.151069819, -2.93567523999997, 0],
              [115.151127076, -2.93580482999994, 0],
              [115.151174664, -2.93591785499996, 0],
              [115.151177639, -2.93601600799997, 0],
              [115.151165743, -2.93612605899995, 0],
              [115.151052718, -2.93628964599998, 0],
              [115.150844514, -2.93636995299994, 0],
              [115.150576824, -2.93647405599995, 0],
              [115.150416211, -2.93654543799994, 0],
              [115.150326981, -2.93658410399996, 0],
              [115.150223296, -2.93662443599993, 0],
              [115.15013365, -2.93672984599994, 0],
              [115.150090745, -2.93681439099993, 0],
              [115.150042061, -2.93691743399995, 0],
              [115.150045032, -2.93716104199996, 0],
              [115.150048477, -2.93719575799997, 0],
              [115.150037776, -2.93727100199993, 0],
              [115.150029038, -2.93733243999998, 0],
              [115.150029038, -2.93738895199994, 0],
              [115.150032013, -2.93742761799996, 0],
              [115.150066478, -2.93748380399995, 0],
              [115.150145037, -2.93768935899993, 0],
              [115.150186514, -2.93780402899995, 0],
              [115.1501956, -2.93782915199995, 0],
              [115.150278883, -2.93794515099995, 0],
              [115.150498983, -2.93817119999994, 0],
              [115.15057929, -2.93828719799996, 0],
              [115.150612006, -2.93836453099993, 0],
              [115.150650672, -2.93845673499993, 0],
              [115.150763697, -2.93872739999995, 0],
              [115.150906465, -2.93906647199998, 0],
              [115.150948105, -2.93917949599995, 0],
              [115.150952612, -2.93920315199995, 0],
              [115.1509719, -2.93930441799995, 0],
              [115.150989745, -2.93969405499996, 0],
              [115.150983796, -2.93982195099994, 0],
              [115.150983797, -2.93989795499994, 0],
              [115.150983797, -2.93996471899993, 0],
              [115.151139235, -2.94031673999996, 0],
              [115.151186051, -2.94042276499994, 0],
              [115.151337743, -2.94078860699995, 0],
              [115.151355589, -2.94097896399995, 0],
              [115.151349917, -2.94102515099996, 0],
              [115.151334769, -2.94114849999994, 0],
              [115.151233642, -2.94149649699995, 0],
              [115.150838749, -2.94206251099996, 0],
              [115.150740597, -2.94214281699993, 0],
              [115.15055024, -2.94226773899993, 0],
              [115.150431266, -2.94234507199997, 0],
              [115.150306344, -2.94241942999997, 0],
              [115.150169526, -2.94245214799997, 0],
              [115.150035586, -2.94245095299993, 0],
              [115.149830453, -2.94246107099997, 0],
              [115.14960143, -2.94242835299997, 0],
              [115.149411074, -2.94239563499997, 0],
              [115.149223689, -2.94246999399996, 0],
              [115.149057008, -2.94267359599996, 0],
              [115.148985624, -2.94283420899996, 0],
              [115.148884498, -2.94306025899994, 0],
              [115.148657939, -2.94369273599995, 0],
              [115.148598963, -2.94385737799996, 0],
              [115.148509734, -2.94410722099997, 0],
              [115.148475058, -2.94432451799997, 0],
              [115.148307689, -2.94452270199997, 0],
              [115.148116961, -2.94474854999993, 0],
              [115.147933903, -2.94493676099995, 0],
              [115.14768525, -2.94538320699996, 0],
              [115.147653127, -2.94550099099996, 0],
              [115.147621004, -2.94565803499995, 0],
              [115.147613865, -2.94574012599998, 0],
              [115.147617435, -2.94582935699998, 0],
              [115.147635281, -2.94592215599994, 0],
              [115.147706251, -2.94613078699996, 0],
              [115.147788281, -2.94629156699995, 0],
              [115.1479458, -2.94660030199998, 0],
              [115.148102844, -2.94682516099994, 0],
              [115.148156383, -2.94697149799993, 0],
              [115.148152814, -2.94710355799998, 0],
              [115.148127829, -2.94718921799995, 0],
              [115.148070722, -2.94725703299997, 0],
              [115.147820879, -2.94744619999995, 0],
              [115.147599589, -2.94755327599995, 0],
              [115.147467528, -2.94767819799995, 0],
              [115.147389007, -2.94778884199997, 0],
              [115.147328703, -2.94792518099996, 0],
              [115.147306916, -2.94797444099993, 0],
              [115.147274793, -2.94813505399998, 0],
              [115.14737116, -2.94828139099997, 0],
              [115.147531774, -2.94840988199996, 0],
              [115.147703096, -2.94858834099995, 0],
              [115.147824448, -2.94884532299994, 0],
              [115.147810172, -2.94912728899993, 0],
              [115.147760203, -2.94923079599994, 0],
              [115.147731649, -2.94930931799996, 0],
              [115.147699526, -2.94939854799998, 0],
              [115.147622319, -2.94948554199993, 0],
              [115.147478236, -2.94961614999994, 0],
              [115.147438976, -2.94973393299995, 0],
              [115.147435406, -2.94983030099996, 0],
              [115.147467529, -2.94990882299993, 0],
              [115.147531774, -2.94999448399994, 0],
              [115.147596021, -2.95005159099998, 0],
              [115.147692388, -2.95013725199993, 0],
              [115.147799464, -2.95015509799993, 0],
              [115.147895832, -2.95014082199998, 0],
              [115.148027892, -2.95014081999995, 0],
              [115.148163522, -2.95014795899994, 0],
              [115.148284874, -2.95013725199993, 0],
              [115.148456194, -2.95015152799994, 0],
              [115.148666778, -2.95021934299996, 0],
              [115.148859513, -2.95027644999993, 0],
              [115.14901299, -2.95036211099995, 0],
              [115.149087941, -2.95041207999998, 0],
              [115.14916713, -2.95045359499994, 0],
              [115.149362769, -2.95057269299997, 0],
              [115.149616182, -2.95072616799996, 0],
              [115.14975895, -2.95084395099997, 0],
              [115.149805349, -2.95099028799996, 0],
              [115.149812487, -2.95110450199996, 0],
              [115.149783934, -2.95117588599993, 0],
              [115.14975538, -2.95122585499996, 0],
              [115.149712551, -2.95127939299994, 0],
              [115.149676859, -2.95130080799993, 0],
              [115.149612614, -2.95132222299998, 0],
              [115.149526952, -2.95134006899997, 0],
              [115.149451999, -2.95135434599996, 0],
              [115.149344924, -2.95133293099997, 0],
              [115.149287816, -2.95132579299997, 0],
              [115.149109663, -2.95128648799994, 0],
              [115.148930897, -2.95122585499996, 0],
              [115.148780992, -2.95122585499996, 0],
              [115.148648932, -2.95125797799994, 0],
              [115.148602532, -2.95133649999997, 0],
              [115.148591825, -2.95143286899997, 0],
              [115.148631085, -2.95151852799995, 0],
              [115.148688192, -2.95158991399995, 0],
              [115.148763146, -2.95165772699994, 0],
              [115.148813115, -2.95170412699997, 0],
              [115.148923759, -2.95175052599996, 0],
              [115.149029008, -2.95176862699998, 0],
              [115.149223571, -2.95178264899994, 0],
              [115.1493592, -2.95182190999998, 0],
              [115.149476983, -2.95183618699997, 0],
              [115.149541229, -2.95187187899995, 0],
              [115.149548369, -2.95197538499997, 0],
              [115.14949483, -2.95204319999994, 0],
              [115.149430585, -2.95208246099998, 0],
              [115.149373478, -2.95211101399997, 0],
              [115.149262832, -2.95215384399995, 0],
              [115.149187879, -2.95217882899993, 0],
              [115.149255694, -2.95236085799996, 0],
              [115.149505538, -2.95303543499995, 0],
              [115.149525994, -2.95320971599995, 0],
              [115.14970898, -2.95368859799993, 0],
              [115.143931562, -2.95377945699994, 0],
              [115.142137612, -2.95380169699996, 0],
              [115.141141872, -2.95381404099993, 0],
              [115.140135609, -2.95382651399996, 0],
              [115.139127171, -2.95383900899998, 0],
              [115.137647659, -2.95385733699993, 0],
              [115.137610485, -2.95359841799996, 0],
              [115.137241825, -2.95144850899993, 0],
              [115.136958577, -2.94972858199998, 0],
              [115.136544159, -2.94730514899993, 0],
              [115.136362881, -2.94619691999998, 0],
              [115.136177865, -2.94509990499995, 0],
              [115.136119911, -2.94475654199994, 0],
              [115.136004062, -2.94407016799994, 0],
              [115.135736816, -2.94251715299993, 0],
              [115.135744097, -2.94251584399996, 0],
              [115.136506783, -2.94237885699994, 0],
              [115.137659865, -2.94215646399994, 0],
              [115.139007306, -2.94177708699993, 0],
              [115.139092793, -2.94174591899997, 0],
              [115.140031662, -2.94140361099994, 0],
              [115.140391984, -2.94127223899994, 0],
              [115.140601436, -2.94119587399996, 0],
              [115.141309731, -2.94068567799997, 0],
              [115.141665388, -2.94004004199996, 0],
              [115.141846091, -2.93971200599998, 0],
              [115.141948878, -2.93887289199995, 0],
              [115.142066615, -2.93799640099996, 0],
              [115.142240418, -2.93740397499994, 0],
              [115.142481511, -2.93658899499997, 0],
              [115.142545041, -2.93637423799993, 0],
              [115.142658355, -2.93590398299995, 0],
              [115.143557669, -2.93591448799998, 0],
              [115.144003818, -2.93580741199997, 0],
              [115.144414275, -2.93570033699996, 0],
              [115.144765655, -2.93560901799998, 0],
              [115.145467186, -2.93542669899995, 0],
              [115.14713281, -2.93505788199997, 0],
              [115.147649747, -2.93508316399993, 0],
              [115.147769717, -2.93507225799993, 0],
              [115.147885314, -2.93506174899994, 0],
              [115.14802783, -2.93504420799997, 0],
              [115.148349308, -2.93500464199997, 0],
              [115.148877548, -2.93494396599994, 0],
              [115.149098838, -2.93489042899995, 0],
              [115.149191637, -2.93487258199997, 0],
              [115.149280867, -2.93488328999996, 0],
              [115.149370097, -2.93497608799993, 0],
              [115.149498946, -2.93508601899993, 0],
              [115.149620297, -2.93520023399998, 0],
              [115.149773773, -2.93536084699997, 0],
              [115.149964839, -2.93548169099995, 0],
              [115.150180661, -2.93559641399997, 0],
              [115.150330567, -2.93561425999997, 0],
              [115.150637517, -2.93563210599996, 0],
              [115.150948596, -2.93566314499998, 0],
              [115.151069819, -2.93567523999997, 0]
            ]
          ]
        ]
      }
    },
    {
      "type": "Feature",
      "properties": {
        "kd_propinsi": "63",
        "kd_dati2": "05",
        "kd_kecamatan": "10",
        "kd_kelurahan": "95",
        "nm_kelurahan": "Lawahan"
      },
      "geometry": {
        "type": "MultiPolygon",
        "coordinates": [
          [
            [
              [115.103718216, -2.97665482699995, 0],
              [115.103578406, -2.97710213899995, 0],
              [115.103458555, -2.97743849599993, 0],
              [115.103358586, -2.97772293599996, 0],
              [115.103292381, -2.97790025999996, 0],
              [115.104864367, -2.97835029299995, 0],
              [115.108203701, -2.97930628399996, 0],
              [115.109093072, -2.98020189799996, 0],
              [115.109595079, -2.98070742599998, 0],
              [115.110337147, -2.98119562899996, 0],
              [115.110332583, -2.98120275599996, 0],
              [115.108477094, -2.98410043599995, 0],
              [115.10757392, -2.98551134199994, 0],
              [115.106192306, -2.98824039599998, 0],
              [115.105035264, -2.99059841599996, 0],
              [115.103536482, -2.99358133599998, 0],
              [115.102701655, -2.99524610699996, 0],
              [115.102833469, -2.99818996999994, 0],
              [115.102975048, -3.00101666399996, 0],
              [115.10316393, -3.00646625499996, 0],
              [115.103167316, -3.00656396799997, 0],
              [115.102360906, -3.00704094299994, 0],
              [115.101996849, -3.00709091099998, 0],
              [115.10158996, -3.00709804999997, 0],
              [115.101154518, -3.00716229499994, 0],
              [115.100854707, -3.00726936999996, 0],
              [115.100597726, -3.00747638399997, 0],
              [115.100376435, -3.00768339699994, 0],
              [115.100169423, -3.00774050399997, 0],
              [115.099869609, -3.00756204399994, 0],
              [115.099298541, -3.00726223299995, 0],
              [115.098941621, -3.00702666499996, 0],
              [115.098199228, -3.00607726099997, 0],
              [115.097342622, -3.00641276399995, 0],
              [115.097021394, -3.00655553299993, 0],
              [115.096207619, -3.00664119199996, 0],
              [115.095029786, -3.00679823699994, 0],
              [115.094280255, -3.00665546899995, 0],
              [115.093316574, -3.00661263999996, 0],
              [115.092003113, -3.00646987099998, 0],
              [115.09060399, -3.00615578199995, 0],
              [115.08910493, -3.00579886399993, 0],
              [115.087834295, -3.00557043499993, 0],
              [115.070257982, -3.00948294599994, 0],
              [115.04507954, -3.01508708099993, 0],
              [115.044678823, -3.01517626499998, 0],
              [115.043717194, -3.01435869499994, 0],
              [115.043623567, -3.01379467099997, 0],
              [115.043492448, -3.01367871499997, 0],
              [115.043252151, -3.01233562299996, 0],
              [115.041821508, -3.01160690099994, 0],
              [115.041614, -3.01127310799996, 0],
              [115.041495035, -3.01118995999997, 0],
              [115.041481611, -3.01106015099998, 0],
              [115.041453076, -3.01101424699994, 0],
              [115.041447272, -3.01072811599994, 0],
              [115.041432095, -3.01058134799996, 0],
              [115.041444182, -3.01057572299993, 0],
              [115.04784997, -3.00759531399996, 0],
              [115.063355248, -3.00258591499994, 0],
              [115.073215015, -3.00020048899995, 0],
              [115.073708576, -3.00002629499994, 0],
              [115.074402518, -2.99978137499994, 0],
              [115.084028954, -2.99638380499994, 0],
              [115.094089604, -2.99084316099993, 0],
              [115.09500192, -2.99034072099994, 0],
              [115.09496941, -2.98917031799994, 0],
              [115.094842892, -2.98461569499995, 0],
              [115.094571254, -2.98347481399998, 0],
              [115.094578079, -2.98338628399995, 0],
              [115.094804169, -2.98309325799994, 0],
              [115.094818447, -2.98295048899996, 0],
              [115.094918384, -2.98283627599994, 0],
              [115.094939798, -2.98270778599994, 0],
              [115.094918384, -2.98251504799993, 0],
              [115.09483986, -2.98233658899994, 0],
              [115.094670927, -2.98218191299998, 0],
              [115.094684014, -2.98201216799993, 0],
              [115.094697187, -2.98184131199997, 0],
              [115.09479703, -2.98153708899997, 0],
              [115.094882691, -2.98143001399996, 0],
              [115.094946935, -2.98138004499998, 0],
              [115.095146812, -2.98133721499994, 0],
              [115.095303857, -2.98120872499993, 0],
              [115.095382377, -2.98108023499998, 0],
              [115.095332408, -2.98093032799994, 0],
              [115.095353825, -2.98076614499996, 0],
              [115.09541807, -2.98064479199996, 0],
              [115.095596529, -2.98050012199997, 0],
              [115.095639359, -2.98040018499995, 0],
              [115.095639359, -2.98022410399994, 0],
              [115.095667915, -2.98004802299994, 0],
              [115.095672672, -2.97988621999997, 0],
              [115.095663155, -2.97963399699995, 0],
              [115.095701227, -2.97950074699998, 0],
              [115.095777369, -2.97940080999996, 0],
              [115.095910617, -2.97931039099996, 0],
              [115.096067662, -2.97917714099998, 0],
              [115.096158081, -2.97900581899995, 0],
              [115.096191395, -2.97880594499998, 0],
              [115.096229467, -2.97859179399995, 0],
              [115.096286574, -2.97842522999997, 0],
              [115.096367476, -2.97825390999998, 0],
              [115.096524519, -2.97807782899997, 0],
              [115.096586384, -2.97802548099998, 0],
              [115.096748188, -2.97795885599993, 0],
              [115.096909993, -2.97793506199997, 0],
              [115.096986136, -2.97784464299997, 0],
              [115.097043243, -2.97775898199996, 0],
              [115.097147938, -2.97774470499996, 0],
              [115.097257395, -2.97762097399993, 0],
              [115.097385883, -2.97763524999994, 0],
              [115.097523892, -2.97771139199995, 0],
              [115.09762859, -2.97766380399997, 0],
              [115.097671421, -2.97753055299995, 0],
              [115.097776115, -2.97752579499996, 0],
              [115.097971231, -2.97755910699993, 0],
              [115.098188232, -2.97751218299993, 0],
              [115.098366223, -2.97737826799994, 0],
              [115.098537543, -2.97735923199997, 0],
              [115.098708863, -2.97744489399997, 0],
              [115.098810085, -2.97752594199994, 0],
              [115.09890874, -2.97765904499994, 0],
              [115.099008677, -2.97770187499998, 0],
              [115.09926566, -2.97749723999993, 0],
              [115.099508363, -2.97730212499994, 0],
              [115.099831969, -2.97714983899994, 0],
              [115.10022696, -2.97685002799994, 0],
              [115.100390432, -2.97671123099997, 0],
              [115.100479182, -2.97663587599993, 0],
              [115.100688575, -2.97642172499997, 0],
              [115.100940798, -2.97639317199997, 0],
              [115.10115495, -2.97651214499996, 0],
              [115.101641036, -2.97669003399994, 0],
              [115.103718216, -2.97665482699995, 0]
            ]
          ]
        ]
      }
    },
    {
      "type": "Feature",
      "properties": {
        "kd_propinsi": "63",
        "kd_dati2": "05",
        "kd_kecamatan": "3",
        "kd_kelurahan": "30",
        "nm_kelurahan": "Linuh"
      },
      "geometry": {
        "type": "MultiPolygon",
        "coordinates": [
          [
            [
              [115.227480059, -2.96882935599996, 0],
              [115.229320905, -2.96908772199993, 0],
              [115.240781994, -2.97065825999994, 0],
              [115.253943256, -2.97195811699993, 0],
              [115.257401156, -2.97229198299993, 0],
              [115.258166291, -2.97237699799996, 0],
              [115.260519895, -2.97263850999997, 0],
              [115.260034817, -2.97395965899995, 0],
              [115.259692175, -2.97561576399994, 0],
              [115.255923109, -2.97944193699993, 0],
              [115.25415279, -2.98058407899993, 0],
              [115.25124033, -2.98458157299996, 0],
              [115.240694558, -2.99404706899998, 0],
              [115.244624238, -2.99892260499996, 0],
              [115.244303012, -2.99892941699994, 0],
              [115.243924678, -2.99875128299993, 0],
              [115.243553481, -2.99865134499993, 0],
              [115.243006845, -2.99848964299997, 0],
              [115.242640801, -2.99832868099998, 0],
              [115.242306396, -2.99820967599993, 0],
              [115.242052101, -2.99811917899996, 0],
              [115.241776972, -2.99802126699996, 0],
              [115.241395547, -2.99815879799996, 0],
              [115.240981521, -2.99811596699993, 0],
              [115.240695986, -2.99804458299997, 0],
              [115.240107645, -2.99798801399993, 0],
              [115.239525291, -2.99815879799996, 0],
              [115.239139819, -2.99830156499996, 0],
              [115.238725792, -2.99855854699996, 0],
              [115.238511641, -2.99878697499997, 0],
              [115.238483088, -2.99882980599995, 0],
              [115.238326043, -2.99932949199996, 0],
              [115.238326044, -2.99972924199994, 0],
              [115.238637735, -3.00021465199995, 0],
              [115.238440257, -3.00054301699993, 0],
              [115.238168999, -3.00072861699994, 0],
              [115.237774004, -3.00100292799993, 0],
              [115.237326669, -3.00147671799994, 0],
              [115.237126794, -3.00169086999995, 0],
              [115.236891227, -3.00184077599994, 0],
              [115.236377265, -3.00236901499994, 0],
              [115.236134559, -3.00271165899994, 0],
              [115.236113145, -3.00291867199996, 0],
              [115.236120283, -3.00294722499996, 0],
              [115.23622022, -3.00315423799998, 0],
              [115.236491479, -3.00327558999993, 0],
              [115.236841259, -3.00341121999998, 0],
              [115.237155348, -3.00352543299994, 0],
              [115.23758365, -3.00360395599995, 0],
              [115.237904878, -3.00368247799997, 0],
              [115.238411704, -3.00381810699997, 0],
              [115.23874007, -3.00376100099993, 0],
              [115.238954222, -3.00356826399997, 0],
              [115.239232618, -3.00345404999996, 0],
              [115.239682335, -3.00334697399995, 0],
              [115.240074946, -3.00339694299993, 0],
              [115.240374759, -3.00353257299997, 0],
              [115.240453281, -3.00375386199994, 0],
              [115.240464467, -3.00404364899993, 0],
              [115.240403312, -3.00435348599996, 0],
              [115.240517527, -3.00453194499994, 0],
              [115.240703124, -3.00473895899995, 0],
              [115.240803062, -3.00502449399994, 0],
              [115.240717401, -3.00523150899994, 0],
              [115.240494308, -3.00532313499997, 0],
              [115.240274821, -3.00540282799994, 0],
              [115.240053532, -3.00559556499997, 0],
              [115.239782273, -3.00602386799994, 0],
              [115.239546934, -3.00655038599996, 0],
              [115.239396801, -3.00711604099996, 0],
              [115.239068435, -3.00725880799996, 0],
              [115.238775476, -3.00739416999994, 0],
              [115.238433119, -3.00757289599994, 0],
              [115.238161861, -3.00784415599998, 0],
              [115.237963261, -3.00825647999994, 0],
              [115.237767949, -3.00846383899994, 0],
              [115.237733121, -3.00867490499996, 0],
              [115.237618907, -3.00887002099995, 0],
              [115.237390479, -3.00904610099997, 0],
              [115.237223916, -3.00912700299995, 0],
              [115.237066871, -3.00906037799996, 0],
              [115.236943141, -3.00898423599995, 0],
              [115.236697639, -3.00889221999995, 0],
              [115.236521976, -3.00885383999997, 0],
              [115.236256402, -3.00908363799994, 0],
              [115.236122225, -3.00928214299995, 0],
              [115.235922352, -3.00960337099997, 0],
              [115.2357082, -3.00956053999994, 0],
              [115.235436942, -3.00948915599997, 0],
              [115.23522279, -3.00941777199995, 0],
              [115.234965808, -3.00928928199994, 0],
              [115.234765933, -3.00913223699996, 0],
              [115.234539374, -3.00895347699998, 0],
              [115.234195831, -3.00893859199994, 0],
              [115.233952157, -3.00906085299994, 0],
              [115.233573823, -3.00915365299994, 0],
              [115.233166935, -3.00904657699994, 0],
              [115.233009891, -3.00888239299997, 0],
              [115.232867124, -3.00858258199997, 0],
              [115.232867124, -3.00823993999995, 0],
              [115.232795739, -3.00811858599997, 0],
              [115.232538758, -3.00808289499997, 0],
              [115.232217531, -3.00826135399996, 0],
              [115.232053348, -3.00831846099993, 0],
              [115.231867625, -3.00854306499997, 0],
              [115.23173926, -3.00881100899994, 0],
              [115.231546522, -3.00886811699996, 0],
              [115.231325232, -3.00883956299998, 0],
              [115.231125357, -3.00873962599997, 0],
              [115.230961174, -3.00856830499993, 0],
              [115.230811269, -3.00832559999998, 0],
              [115.230697055, -3.00814000099996, 0],
              [115.230504319, -3.00822566199997, 0],
              [115.230382965, -3.00853261299994, 0],
              [115.230375827, -3.00881100999993, 0],
              [115.230561426, -3.00906799199993, 0],
              [115.230725609, -3.00923931299997, 0],
              [115.230818408, -3.00942491099994, 0],
              [115.230825547, -3.00973186199997, 0],
              [115.230775578, -3.00995315099993, 0],
              [115.230711332, -3.01015302599996, 0],
              [115.230604256, -3.01028151699995, 0],
              [115.230432934, -3.01029579299996, 0],
              [115.230290168, -3.01022440899993, 0],
              [115.230153028, -3.01018643799995, 0],
              [115.230011771, -3.01026723999996, 0],
              [115.229640575, -3.01044569999993, 0],
              [115.229340761, -3.01054563599996, 0],
              [115.229098056, -3.01059560599992, 0],
              [115.228941014, -3.01058846699993, 0],
              [115.228783969, -3.01061701999993, 0],
              [115.228576955, -3.01075264999997, 0],
              [115.228334249, -3.01072409599993, 0],
              [115.227977331, -3.01079547999996, 0],
              [115.2279345, -3.01093110999995, 0],
              [115.228141514, -3.01116667599996, 0],
              [115.228091545, -3.01134513499994, 0],
              [115.228005884, -3.01151645799996, 0],
              [115.227898808, -3.01158784099994, 0],
              [115.227784594, -3.01163780899998, 0],
              [115.227549028, -3.01155214799996, 0],
              [115.227406259, -3.01155214799996, 0],
              [115.227177832, -3.01160211799993, 0],
              [115.227113587, -3.01165208599997, 0],
              [115.22705648, -3.01170205499994, 0],
              [115.226935126, -3.01190192899998, 0],
              [115.227006511, -3.01207325099995, 0],
              [115.22705648, -3.01217318799996, 0],
              [115.22705648, -3.01229454099996, 0],
              [115.226915258, -3.01235267899995, 0],
              [115.226667795, -3.01229557099993, 0],
              [115.226448884, -3.01217183999995, 0],
              [115.226258528, -3.01224798299995, 0],
              [115.226002561, -3.01226576999994, 0],
              [115.22576613, -3.01207354999997, 0],
              [115.225520534, -3.01190395099997, 0],
              [115.225230601, -3.01190534099993, 0],
              [115.224973618, -3.01171498299993, 0],
              [115.224636882, -3.01124901399993, 0],
              [115.224783262, -3.01091548399995, 0],
              [115.2249641, -3.01068705699993, 0],
              [115.224945064, -3.01048718099997, 0],
              [115.224669048, -3.01039200299994, 0],
              [115.224240745, -3.01043007399994, 0],
              [115.223938541, -3.01050399699994, 0],
              [115.223688709, -3.01054428899994, 0],
              [115.223568347, -3.01025447699993, 0],
              [115.223650637, -3.00983044999992, 0],
              [115.223821959, -3.00963057499996, 0],
              [115.223907621, -3.00938311199997, 0],
              [115.223564976, -3.00931648699998, 0],
              [115.223346067, -3.00950684299994, 0],
              [115.223146192, -3.00970671799996, 0],
              [115.222822586, -3.00974478999996, 0],
              [115.22275596, -3.00974478999996, 0],
              [115.222556085, -3.00974478999996, 0],
              [115.222232479, -3.00987803899994, 0],
              [115.222040682, -3.01029478999993, 0],
              [115.221889836, -3.01059187799996, 0],
              [115.221946944, -3.01100114499997, 0],
              [115.221899354, -3.01140089599994, 0],
              [115.221632855, -3.01148655499998, 0],
              [115.221271177, -3.01128667999996, 0],
              [115.221223588, -3.01112487699993, 0],
              [115.221223588, -3.01109632399994, 0],
              [115.221220403, -3.01085232699995, 0],
              [115.221242624, -3.01056332499996, 0],
              [115.220833356, -3.01036344899995, 0],
              [115.220443124, -3.01013502199993, 0],
              [115.219938679, -3.00991611099994, 0],
              [115.219596036, -3.00993514599998, 0],
              [115.219339055, -3.01012550399997, 0],
              [115.218853645, -3.01006839599995, 0],
              [115.218653769, -3.00983044999992, 0],
              [115.218463413, -3.00954491499994, 0],
              [115.218234984, -3.00932600399995, 0],
              [115.217911377, -3.00932600499993, 0],
              [115.217625843, -3.00952587899997, 0],
              [115.217254646, -3.00970671799996, 0],
              [115.216873932, -3.00960202199997, 0],
              [115.216540345, -3.00920324699996, 0],
              [115.216445629, -3.00881204099994, 0],
              [115.216474183, -3.00848843399996, 0],
              [115.216150577, -3.00830759599995, 0],
              [115.215646132, -3.00822193499994, 0],
              [115.215360596, -3.00832663099993, 0],
              [115.215056024, -3.00852650599995, 0],
              [115.214875185, -3.00875493399997, 0],
              [115.214627722, -3.00879300499997, 0],
              [115.214313633, -3.00851698799994, 0],
              [115.214266044, -3.00823145399994, 0],
              [115.214494472, -3.00775555999996, 0],
              [115.214427847, -3.00749857799997, 0],
              [115.214781911, -3.00716079399996, 0],
              [115.214924678, -3.00694664199995, 0],
              [115.215019856, -3.00654213399997, 0],
              [115.215103137, -3.00639936699997, 0],
              [115.215341084, -3.00631608599997, 0],
              [115.215709901, -3.00616141999996, 0],
              [115.215971641, -3.00632798399994, 0],
              [115.216316663, -3.00654213599995, 0],
              [115.217030501, -3.00693474499997, 0],
              [115.217351729, -3.00713699899995, 0],
              [115.217815725, -3.00706561599998, 0],
              [115.218160745, -3.00691094999996, 0],
              [115.218577152, -3.00673249199997, 0],
              [115.219041146, -3.00681577199993, 0],
              [115.219326682, -3.00675628599993, 0],
              [115.219517039, -3.00658972299993, 0],
              [115.219754985, -3.00644695499994, 0],
              [115.219945342, -3.00633987999993, 0],
              [115.220218979, -3.00629229099997, 0],
              [115.220528309, -3.00619711199994, 0],
              [115.220718666, -3.00611383199993, 0],
              [115.220956612, -3.00566173399994, 0],
              [115.221039892, -3.00536430199998, 0],
              [115.221289737, -3.00524532799994, 0],
              [115.221551478, -3.00504307399996, 0],
              [115.221706142, -3.00469805199998, 0],
              [115.221813218, -3.00432923499994, 0],
              [115.221932191, -3.00411508399998, 0],
              [115.222074959, -3.00393662399995, 0],
              [115.222146342, -3.00365108899996, 0],
              [115.222146342, -3.00342503999997, 0],
              [115.222170138, -3.00321088799996, 0],
              [115.222229623, -3.00321088899995, 0],
              [115.22241998, -3.00317519699996, 0],
              [115.222646029, -3.00318709499993, 0],
              [115.222812592, -3.00322278599998, 0],
              [115.223181408, -3.00313950499998, 0],
              [115.223347971, -3.00297294299998, 0],
              [115.22352643, -3.00272309899998, 0],
              [115.223752478, -3.00242566699996, 0],
              [115.223895247, -3.00214013099998, 0],
              [115.224038013, -3.00159285499996, 0],
              [115.224121295, -3.00130731999997, 0],
              [115.224490111, -3.00106937399994, 0],
              [115.224620983, -3.00089091399997, 0],
              [115.224763749, -3.00061727599996, 0],
              [115.224775647, -3.00035553599997, 0],
              [115.224609085, -3.00003430799995, 0],
              [115.224371138, -2.99964169699996, 0],
              [115.224299755, -2.99935616199997, 0],
              [115.224287857, -2.99898734499993, 0],
              [115.224418729, -2.99867801499994, 0],
              [115.224835134, -2.99844006999996, 0],
              [115.225105797, -2.99842896599995, 0],
              [115.225331845, -2.99851224699995, 0],
              [115.225629278, -2.99873829499995, 0],
              [115.225902917, -2.99895244699997, 0],
              [115.226105172, -2.99915470099995, 0],
              [115.226331221, -2.99917849499997, 0],
              [115.226521577, -2.99905952299997, 0],
              [115.226854701, -2.99880967899998, 0],
              [115.227247312, -2.99860742499993, 0],
              [115.22778269, -2.99839327399997, 0],
              [115.228520323, -2.99819101899993, 0],
              [115.229138983, -2.99807204599995, 0],
              [115.229400725, -2.99789358699997, 0],
              [115.229793335, -2.99742959199995, 0],
              [115.230150255, -2.99707267199995, 0],
              [115.230304919, -2.99682282899994, 0],
              [115.230304919, -2.99637073199995, 0],
              [115.230435789, -2.99612088799995, 0],
              [115.230721325, -2.99591863399996, 0],
              [115.231161525, -2.99581155799996, 0],
              [115.231756391, -2.99576396899994, 0],
              [115.23211331, -2.99572827699996, 0],
              [115.232351256, -2.99549033099993, 0],
              [115.232398846, -2.99514530899995, 0],
              [115.232363153, -2.99488356799998, 0],
              [115.232256077, -2.99445526499994, 0],
              [115.232458332, -2.99412214099993, 0],
              [115.232839045, -2.99378901599994, 0],
              [115.232674862, -2.99349396299994, 0],
              [115.232555889, -2.99313704399998, 0],
              [115.232365533, -2.99283961199996, 0],
              [115.23224656, -2.99257787099998, 0],
              [115.232187072, -2.99242320599996, 0],
              [115.232127586, -2.99223284899995, 0],
              [115.231889641, -2.99225664399995, 0],
              [115.231544619, -2.99210197799994, 0],
              [115.23136616, -2.99186403199997, 0],
              [115.231175801, -2.99163798399997, 0],
              [115.230985445, -2.99153090799996, 0],
              [115.230818883, -2.99145952499993, 0],
              [115.230652321, -2.99131675699994, 0],
              [115.230545244, -2.99112639999993, 0],
              [115.23047386, -2.99082896699997, 0],
              [115.230450066, -2.99051963699998, 0],
              [115.230450067, -2.99016271799997, 0],
              [115.230414375, -2.98981769599993, 0],
              [115.230188327, -2.98952026399996, 0],
              [115.229890894, -2.98910385799996, 0],
              [115.229819509, -2.98860417099996, 0],
              [115.230331093, -2.98822345699995, 0],
              [115.230902163, -2.98789033199995, 0],
              [115.231497029, -2.98734305599993, 0],
              [115.232139484, -2.98691475399994, 0],
              [115.232924706, -2.98601055799998, 0],
              [115.233509102, -2.98563079599995, 0],
              [115.233851745, -2.98513586799993, 0],
              [115.234251494, -2.98481226199993, 0],
              [115.234594136, -2.98427926299996, 0],
              [115.234898707, -2.98380336999998, 0],
              [115.234955813, -2.98368915599997, 0],
              [115.235050992, -2.98325133599997, 0],
              [115.235165206, -2.98289917499994, 0],
              [115.235422188, -2.98236617499993, 0],
              [115.235936153, -2.98200449799998, 0],
              [115.236164581, -2.98158571199997, 0],
              [115.236266104, -2.98105826599993, 0],
              [115.236342246, -2.98054430199994, 0],
              [115.236342247, -2.97999226699994, 0],
              [115.236208996, -2.97953540999993, 0],
              [115.236266104, -2.97909758899993, 0],
              [115.236228032, -2.97890723299997, 0],
              [115.235637927, -2.97892626899994, 0],
              [115.235333355, -2.97894530399998, 0],
              [115.234838428, -2.97911662499996, 0],
              [115.234629034, -2.97928794699993, 0],
              [115.234191214, -2.97909758899993, 0],
              [115.234096036, -2.97900241099995, 0],
              [115.233810501, -2.97904048199996, 0],
              [115.233505929, -2.97938312499997, 0],
              [115.233277501, -2.97959251799995, 0],
              [115.232554144, -2.97985901699997, 0],
              [115.232211503, -2.97985901699997, 0],
              [115.231887895, -2.97987805299994, 0],
              [115.23160236, -2.97987805299994, 0],
              [115.23116454, -2.97983998199993, 0],
              [115.231012255, -2.97970673199995, 0],
              [115.230764789, -2.97934505399996, 0],
              [115.230536361, -2.97911662499996, 0],
              [115.230574433, -2.97862169699994, 0],
              [115.23049829, -2.97837423399994, 0],
              [115.230041433, -2.97835519799997, 0],
              [115.229451328, -2.97854555499993, 0],
              [115.229051578, -2.97881205399995, 0],
              [115.228613758, -2.97890723199993, 0],
              [115.228042686, -2.97886916099998, 0],
              [115.227243187, -2.97860266199996, 0],
              [115.226500795, -2.97835519799997, 0],
              [115.225549011, -2.97814580499994, 0],
              [115.225130226, -2.97810773399993, 0],
              [115.225261097, -2.97748669399994, 0],
              [115.225361035, -2.97700842299997, 0],
              [115.225468111, -2.97637310699997, 0],
              [115.22528965, -2.97570923699993, 0],
              [115.225346757, -2.97506678199994, 0],
              [115.225453833, -2.97457423399993, 0],
              [115.225132605, -2.97413165399996, 0],
              [115.224911315, -2.97401744099994, 0],
              [115.224640057, -2.97393891799993, 0],
              [115.225678687, -2.96826567799997, 0],
              [115.225691519, -2.96826857399998, 0],
              [115.227441114, -2.96881714499995, 0],
              [115.227480059, -2.96882935599996, 0]
            ]
          ]
        ]
      }
    },
    {
      "type": "Feature",
      "properties": {
        "kd_propinsi": "63",
        "kd_dati2": "05",
        "kd_kecamatan": "7",
        "kd_kelurahan": "75",
        "nm_kelurahan": "Lokpaikat"
      },
      "geometry": {
        "type": "MultiPolygon",
        "coordinates": [
          [
            [
              [115.199837063, -2.87035591199998, 0],
              [115.199924167, -2.87042164799993, 0],
              [115.201453191, -2.87157554099997, 0],
              [115.202446369, -2.87232505299994, 0],
              [115.20415012, -2.87361080099993, 0],
              [115.205821312, -2.87487197799993, 0],
              [115.207735207, -2.87631631199997, 0],
              [115.209460589, -2.87866485799998, 0],
              [115.210159268, -2.87961588199994, 0],
              [115.211047697, -2.88082518799996, 0],
              [115.211293793, -2.88131455199994, 0],
              [115.211544763, -2.88181360499993, 0],
              [115.212039551, -2.88279749299994, 0],
              [115.212491332, -2.88369586299996, 0],
              [115.212999301, -2.88470596299993, 0],
              [115.213301598, -2.885968, 0],
              [115.21363478, -2.88735897499993, 0],
              [115.213948029, -2.88866673899997, 0],
              [115.214405055, -2.89065797999996, 0],
              [115.214875711, -2.89159929499994, 0],
              [115.215177903, -2.89220367799993, 0],
              [115.215532442, -2.89291275799997, 0],
              [115.215977304, -2.89380275399998, 0],
              [115.216376459, -2.89460248199993, 0],
              [115.216649708, -2.89514995299993, 0],
              [115.216958598, -2.89576883199993, 0],
              [115.217248481, -2.89634962999998, 0],
              [115.217813994, -2.89748266899994, 0],
              [115.218397989, -2.89861394199994, 0],
              [115.219851911, -2.90154688999996, 0],
              [115.220354513, -2.90252818399995, 0],
              [115.220741261, -2.90325681899998, 0],
              [115.221407511, -2.90451647999993, 0],
              [115.222115359, -2.90585479399994, 0],
              [115.222707, -2.90697758799996, 0],
              [115.223321288, -2.90814335899995, 0],
              [115.223844029, -2.90913539999997, 0],
              [115.224702842, -2.91076741899997, 0],
              [115.226218878, -2.91247675799997, 0],
              [115.22682788, -2.91316726999997, 0],
              [115.227386732, -2.91380091999997, 0],
              [115.228080205, -2.91458886199996, 0],
              [115.228900356, -2.91552203199996, 0],
              [115.229642084, -2.91636325299993, 0],
              [115.230606827, -2.91745565699995, 0],
              [115.231874334, -2.91888885099996, 0],
              [115.234594169, -2.92084359299997, 0],
              [115.237863925, -2.92320500199998, 0],
              [115.241547036, -2.92738087499993, 0],
              [115.243740298, -2.92986562699997, 0],
              [115.246650868, -2.93317384699998, 0],
              [115.249986895, -2.93695807699993, 0],
              [115.252968855, -2.94033756699997, 0],
              [115.253888356, -2.94137753999996, 0],
              [115.250100205, -2.94160613599996, 0],
              [115.248178147, -2.94226368199998, 0],
              [115.245814644, -2.94541501999993, 0],
              [115.245634212, -2.94423868199993, 0],
              [115.245491445, -2.94362002199995, 0],
              [115.245253499, -2.94312033499995, 0],
              [115.24489658, -2.94281100499995, 0],
              [115.244563455, -2.94264444299995, 0],
              [115.244301716, -2.94252546999996, 0],
              [115.244016179, -2.94231131899994, 0],
              [115.243611671, -2.94212096099994, 0],
              [115.24273127, -2.94185921999997, 0],
              [115.241208416, -2.94135953399996, 0],
              [115.24004248, -2.94105020499995, 0],
              [115.239162079, -2.94066948999995, 0],
              [115.238483848, -2.94051754999993, 0],
              [115.23577065, -2.93825226799993, 0],
              [115.232072337, -2.93516353199993, 0],
              [115.22907002, -2.93265542399996, 0],
              [115.222096988, -2.92682269099993, 0],
              [115.218779093, -2.92405204699998, 0],
              [115.214881972, -2.92079996899997, 0],
              [115.215136526, -2.91771898699994, 0],
              [115.214917084, -2.91484867099996, 0],
              [115.211669325, -2.91226801999994, 0],
              [115.209123785, -2.91096891699993, 0],
              [115.208573063, -2.90898850399998, 0],
              [115.207738745, -2.90623183799994, 0],
              [115.207227797, -2.90454362199995, 0],
              [115.206977434, -2.90133230299995, 0],
              [115.207007178, -2.90076718099994, 0],
              [115.206828719, -2.90011282899997, 0],
              [115.206561029, -2.89981539699994, 0],
              [115.206620517, -2.89910155799993, 0],
              [115.20638257, -2.89844720699995, 0],
              [115.206085138, -2.89791182699997, 0],
              [115.205163096, -2.89713850299995, 0],
              [115.204479002, -2.89657338099994, 0],
              [115.203586703, -2.89594877199994, 0],
              [115.202426715, -2.89466981199996, 0],
              [115.201326215, -2.89359905499993, 0],
              [115.200371149, -2.89394919399996, 0],
              [115.199828176, -2.89351002299998, 0],
              [115.199163202, -2.89243397299993, 0],
              [115.199273931, -2.89196317499994, 0],
              [115.199422646, -2.89089241699998, 0],
              [115.199749822, -2.88898884899993, 0],
              [115.200314944, -2.88530068399996, 0],
              [115.199690336, -2.88277250699997, 0],
              [115.199184701, -2.88155303299993, 0],
              [115.197570236, -2.88005278299994, 0],
              [115.195533417, -2.87816824999993, 0],
              [115.194481696, -2.87905340999993, 0],
              [115.194081947, -2.87928183799994, 0],
              [115.193498822, -2.87980854999995, 0],
              [115.192699039, -2.87864597899994, 0],
              [115.190005903, -2.87443602799993, 0],
              [115.189393884, -2.87249166899994, 0],
              [115.188723279, -2.87036117899993, 0],
              [115.18875328, -2.87036499399994, 0],
              [115.188841456, -2.87035960099996, 0],
              [115.188924137, -2.87034313099997, 0],
              [115.18917215, -2.87021817899995, 0],
              [115.189348971, -2.87018108899997, 0],
              [115.189435664, -2.87016290399993, 0],
              [115.189712988, -2.87014246099994, 0],
              [115.189941751, -2.87014282499996, 0],
              [115.190121914, -2.87019184399998, 0],
              [115.190179396, -2.87019946599997, 0],
              [115.190281324, -2.87021298199994, 0],
              [115.190447643, -2.87024805599998, 0],
              [115.190697203, -2.87024845299993, 0],
              [115.190842847, -2.87020691399994, 0],
              [115.191021827, -2.87014924699997, 0],
              [115.191039682, -2.87014349399993, 0],
              [115.191057856, -2.87013763799996, 0],
              [115.191228517, -2.87009786599998, 0],
              [115.191524947, -2.87015088599998, 0],
              [115.191856193, -2.87024774999998, 0],
              [115.192108934, -2.87035324899995, 0],
              [115.192265816, -2.87041480499994, 0],
              [115.192518518, -2.87054657699997, 0],
              [115.192588148, -2.87063426799995, 0],
              [115.192701329, -2.87075705999996, 0],
              [115.192858154, -2.87085364799998, 0],
              [115.193049112, -2.87094944799998, 0],
              [115.19320015, -2.87099304399993, 0],
              [115.193351255, -2.87099328399995, 0],
              [115.193458327, -2.87099345399997, 0],
              [115.193474984, -2.87099347999993, 0],
              [115.19357, -2.87098, 0],
              [115.19365498, -2.87098717499993, 0],
              [115.193754216, -2.87098850499996, 0],
              [115.19397186, -2.87099968999996, 0],
              [115.194112139, -2.87102159099993, 0],
              [115.194327952, -2.87105445099996, 0],
              [115.194430479, -2.87106003299994, 0],
              [115.194543835, -2.87104395399996, 0],
              [115.194560799, -2.87103830499996, 0],
              [115.194624826, -2.87101698499993, 0],
              [115.194791764, -2.87093882099993, 0],
              [115.194939461, -2.87088167499996, 0],
              [115.195125197, -2.87085806099998, 0],
              [115.195272844, -2.87083438599996, 0],
              [115.195382426, -2.87079152399997, 0],
              [115.19548253, -2.87071995599996, 0],
              [115.195577852, -2.87066272599998, 0],
              [115.195760418, -2.87052893399994, 0],
              [115.195921703, -2.87033148299997, 0],
              [115.196069029, -2.87015029899993, 0],
              [115.196165854, -2.87002388099995, 0],
              [115.196287888, -2.86989750399994, 0],
              [115.196388834, -2.86982172099994, 0],
              [115.196540208, -2.86973757999994, 0],
              [115.196657922, -2.86968713799996, 0],
              [115.196851234, -2.86964947299992, 0],
              [115.196968704, -2.86960637799996, 0],
              [115.197131946, -2.86951357399994, 0],
              [115.197147377, -2.86950495699995, 0],
              [115.197291478, -2.86942448599996, 0],
              [115.197380497, -2.86938740199997, 0],
              [115.197488017, -2.86937268199995, 0],
              [115.19755102, -2.86938022699997, 0],
              [115.197606579, -2.86940637199996, 0],
              [115.197695508, -2.86942884899997, 0],
              [115.197751092, -2.86944010399998, 0],
              [115.197836323, -2.86945512899996, 0],
              [115.19791044, -2.86946641399993, 0],
              [115.198014172, -2.86950380299993, 0],
              [115.198084542, -2.86954113999997, 0],
              [115.198177117, -2.86960084699996, 0],
              [115.198225241, -2.86964187099994, 0],
              [115.198363108, -2.86971866399995, 0],
              [115.19845996, -2.86975589299993, 0],
              [115.198556834, -2.86977921799996, 0],
              [115.198667553, -2.86980256599998, 0],
              [115.198792087, -2.86984447299994, 0],
              [115.198925837, -2.86989566299997, 0],
              [115.19902269, -2.86993289199995, 0],
              [115.199082593, -2.86998859999994, 0],
              [115.199137905, -2.87003039699994, 0],
              [115.199183952, -2.87009535199996, 0],
              [115.199257695, -2.87015571599994, 0],
              [115.199359125, -2.87021612399997, 0],
              [115.199465187, -2.87026726899995, 0],
              [115.199557438, -2.87029522199993, 0],
              [115.199774238, -2.87035581299995, 0],
              [115.199837063, -2.87035591199998, 0]
            ]
          ]
        ]
      }
    },
    {
      "type": "Feature",
      "properties": {
        "kd_propinsi": "63",
        "kd_dati2": "05",
        "kd_kecamatan": "6",
        "kd_kelurahan": "67",
        "nm_kelurahan": "Matang Batas"
      },
      "geometry": {
        "type": "MultiPolygon",
        "coordinates": [
          [
            [
              [115.160092141, -3.16507194899998, 0],
              [115.15964905, -3.16509394299993, 0],
              [115.159235023, -3.16517960399995, 0],
              [115.159006595, -3.16539375599996, 0],
              [115.15880672, -3.16546513799995, 0],
              [115.158635399, -3.16520815699994, 0],
              [115.158406972, -3.16485123899997, 0],
              [115.158007222, -3.16480840799994, 0],
              [115.157664579, -3.16505111299995, 0],
              [115.157207724, -3.16513677299997, 0],
              [115.156393948, -3.16500828399995, 0],
              [115.155937091, -3.16477985399996, 0],
              [115.155708664, -3.16462280999997, 0],
              [115.155276734, -3.16480793199997, 0],
              [115.154610483, -3.16480793199997, 0],
              [115.154210736, -3.16499828899993, 0],
              [115.154115558, -3.16457950299997, 0],
              [115.153944234, -3.16425589699998, 0],
              [115.153639664, -3.16400843399993, 0],
              [115.152973414, -3.16372289799995, 0],
              [115.152269095, -3.16341832599994, 0],
              [115.151926451, -3.16296147099996, 0],
              [115.151488632, -3.16269496999996, 0],
              [115.151222131, -3.16261882799995, 0],
              [115.150765276, -3.16282821999994, 0],
              [115.150422633, -3.16326604099993, 0],
              [115.150670098, -3.16564550299995, 0],
              [115.150289382, -3.16602621599998, 0],
              [115.149489883, -3.16585489599993, 0],
              [115.149052064, -3.16551225199993, 0],
              [115.148423885, -3.16555032299993, 0],
              [115.147814745, -3.16591200199997, 0],
              [115.146620254, -3.16638789399997, 0],
              [115.143579711, -3.16728058499996, 0],
              [115.14158132, -3.16867550799998, 0],
              [115.139496197, -3.17115276399994, 0],
              [115.139228508, -3.17171788699994, 0],
              [115.139139277, -3.17252095499993, 0],
              [115.13925825, -3.17323479299995, 0],
              [115.139228508, -3.17388914599997, 0],
              [115.138752616, -3.17466247099998, 0],
              [115.137949548, -3.17531682099997, 0],
              [115.137772634, -3.17567064799994, 0],
              [115.137711603, -3.17579271399995, 0],
              [115.137671505, -3.17604332699995, 0],
              [115.137592629, -3.17653629599994, 0],
              [115.137295198, -3.17763679499996, 0],
              [115.136730074, -3.17861832399996, 0],
              [115.135272656, -3.18049214999996, 0],
              [115.135034708, -3.18120598699994, 0],
              [115.134558815, -3.18194956899993, 0],
              [115.133785492, -3.18313930099993, 0],
              [115.133647915, -3.18344196699997, 0],
              [115.133636774, -3.18346647599998, 0],
              [115.133648264, -3.18373075299996, 0],
              [115.133666519, -3.18415056999993, 0],
              [115.133517801, -3.18504286899997, 0],
              [115.133309598, -3.18566747699992, 0],
              [115.133012166, -3.18638131499995, 0],
              [115.133250113, -3.18673823399996, 0],
              [115.132447043, -3.18798745099997, 0],
              [115.13242325, -3.18848713699993, 0],
              [115.132304278, -3.18901061999998, 0],
              [115.132518429, -3.18972445799994, 0],
              [115.132708786, -3.19008137599997, 0],
              [115.132566017, -3.19053347399995, 0],
              [115.132209098, -3.19091418899996, 0],
              [115.132161509, -3.19162802699998, 0],
              [115.131947357, -3.19253222199995, 0],
              [115.131774675, -3.19367189699995, 0],
              [115.12408866, -3.19582209499993, 0],
              [115.124042756, -3.19444849499996, 0],
              [115.125137324, -3.19339930499996, 0],
              [115.125630493, -3.19247983999998, 0],
              [115.125663666, -3.19189667299997, 0],
              [115.125778834, -3.189872, 0],
              [115.125518039, -3.18961120299997, 0],
              [115.124604326, -3.18833581199993, 0],
              [115.12377877, -3.18654923699995, 0],
              [115.123953368, -3.18530598799993, 0],
              [115.123739392, -3.18537087999994, 0],
              [115.123715331, -3.18465094299995, 0],
              [115.124078174, -3.18441729199998, 0],
              [115.124813717, -3.17917964599997, 0],
              [115.124152608, -3.17666947199996, 0],
              [115.124203504, -3.17666027499996, 0],
              [115.12438078, -3.17652725299996, 0],
              [115.124602397, -3.17634986199994, 0],
              [115.124658011, -3.17630706099993, 0],
              [115.124887466, -3.17624664299996, 0],
              [115.125143051, -3.17601776099997, 0],
              [115.12547493, -3.17578124999994, 0],
              [115.125627518, -3.17565345799994, 0],
              [115.125772476, -3.17477226299997, 0],
              [115.125764847, -3.17457961999998, 0],
              [115.125772476, -3.17449378999993, 0],
              [115.12603569, -3.17357253999995, 0],
              [115.126073837, -3.17349433899994, 0],
              [115.126493454, -3.17296409599993, 0],
              [115.12660408, -3.17234611499993, 0],
              [115.126867294, -3.17199516299996, 0],
              [115.126771927, -3.17144584699997, 0],
              [115.126819294, -3.17096987099995, 0],
              [115.126862926, -3.17069282699993, 0],
              [115.126840005, -3.17053760699997, 0],
              [115.126843494, -3.17037384699995, 0],
              [115.126794419, -3.17023296499997, 0],
              [115.126684189, -3.17013549799998, 0],
              [115.126718521, -3.16996383699996, 0],
              [115.126756668, -3.16991996799993, 0],
              [115.126756668, -3.16990089399997, 0],
              [115.12698555, -3.16945075999996, 0],
              [115.127191544, -3.16926765399995, 0],
              [115.12698555, -3.16888999899993, 0],
              [115.127016068, -3.16845321699998, 0],
              [115.127248764, -3.16788482699997, 0],
              [115.127435684, -3.16698455799997, 0],
              [115.127504349, -3.16652107199997, 0],
              [115.127607346, -3.16625213599997, 0],
              [115.127622604, -3.16569900499997, 0],
              [115.127634048, -3.16560554499995, 0],
              [115.127592087, -3.16533470199994, 0],
              [115.127828598, -3.16460227999994, 0],
              [115.128019333, -3.16411018399998, 0],
              [115.128141403, -3.16370582599996, 0],
              [115.128171921, -3.16351127599995, 0],
              [115.128255844, -3.16279792799998, 0],
              [115.128290176, -3.16260909999994, 0],
              [115.12830925, -3.16255569499998, 0],
              [115.128465652, -3.16211509699997, 0],
              [115.12937355, -3.16196632399993, 0],
              [115.130649964, -3.16169505099998, 0],
              [115.13107872, -3.16160392799998, 0],
              [115.131662369, -3.16075706499993, 0],
              [115.133649826, -3.15951156599994, 0],
              [115.136099554, -3.15802989499997, 0],
              [115.139036362, -3.15575872099993, 0],
              [115.140464036, -3.15511150799995, 0],
              [115.141225464, -3.15490211499997, 0],
              [115.14221532, -3.15478790099996, 0],
              [115.14291964, -3.15469272299993, 0],
              [115.143871424, -3.15465465199998, 0],
              [115.144423462, -3.15455947299995, 0],
              [115.147050387, -3.15471175899995, 0],
              [115.148002171, -3.15494018699997, 0],
              [115.148668419, -3.15507343599995, 0],
              [115.150804183, -3.15558984099994, 0],
              [115.152712423, -3.15477202299996, 0],
              [115.158095966, -3.15246478699993, 0],
              [115.161329989, -3.15109174599996, 0],
              [115.160617525, -3.15927360199993, 0],
              [115.160208671, -3.16378588099997, 0],
              [115.160092141, -3.16507194899998, 0]
            ]
          ]
        ]
      }
    },
    {
      "type": "Feature",
      "properties": {
        "kd_propinsi": "63",
        "kd_dati2": "05",
        "kd_kecamatan": "4",
        "kd_kelurahan": "40",
        "nm_kelurahan": "Marampiau"
      },
      "geometry": {
        "type": "MultiPolygon",
        "coordinates": [
          [
            [
              [114.992148161, -2.86372823899995, 0],
              [114.995029639, -2.86744490099994, 0],
              [114.996358362, -2.86863428299995, 0],
              [114.997257191, -2.86945077599995, 0],
              [114.997662203, -2.86981868699996, 0],
              [114.99858783, -2.87068459599993, 0],
              [115.001105934, -2.87265528599994, 0],
              [115.004266006, -2.87518831999995, 0],
              [115.006535285, -2.87705947999996, 0],
              [115.006764202, -2.87716896299997, 0],
              [115.006181954, -2.87826876699995, 0],
              [115.004951766, -2.88061368899997, 0],
              [115.003737501, -2.88291083699994, 0],
              [115.002499351, -2.88526372099994, 0],
              [115.001253238, -2.88765641699996, 0],
              [114.999967314, -2.88996948999994, 0],
              [114.998697313, -2.89229052499996, 0],
              [114.997347688, -2.89473099499998, 0],
              [114.996085651, -2.89702814299994, 0],
              [114.994736027, -2.89948453799997, 0],
              [114.993489913, -2.90172594899997, 0],
              [114.992156214, -2.90415049499995, 0],
              [114.990877863, -2.90639158099998, 0],
              [114.987632602, -2.90037986799996, 0],
              [114.979473679, -2.88502710099994, 0],
              [114.977610704, -2.88152150099995, 0],
              [114.976531394, -2.87949053599994, 0],
              [114.972866247, -2.87259371799996, 0],
              [114.972789524, -2.87244934399996, 0],
              [114.972779118, -2.87242267899995, 0],
              [114.971087092, -2.86808686199993, 0],
              [114.970767885, -2.86436279199995, 0],
              [114.970874288, -2.86202194799995, 0],
              [114.971140292, -2.85962790299993, 0],
              [114.972097911, -2.85505261699996, 0],
              [114.964543368, -2.85069013499998, 0],
              [114.963798554, -2.84845569299995, 0],
              [114.964224163, -2.84483802499995, 0],
              [114.966352202, -2.84090115099997, 0],
              [114.94880051, -2.80611465399994, 0],
              [114.956675358, -2.80086475599995, 0],
              [114.956675401, -2.80086477199995, 0],
              [114.95888783, -2.80233938199996, 0],
              [114.971023082, -2.80462366399996, 0],
              [114.97706361, -2.80500494799998, 0],
              [114.977253618, -2.80610468799995, 0],
              [114.977726384, -2.80902588699996, 0],
              [114.978268822, -2.81209638099995, 0],
              [114.978771447, -2.81510715799993, 0],
              [114.979293978, -2.81813783999996, 0],
              [114.979806558, -2.82116852199994, 0],
              [114.980319135, -2.82413948699997, 0],
              [114.980841667, -2.82724979299996, 0],
              [114.981374151, -2.83031033399993, 0],
              [114.98188673, -2.83334101699995, 0],
              [114.982379402, -2.83615273299995, 0],
              [114.982747663, -2.83838220099995, 0],
              [114.982900539, -2.83882335899995, 0],
              [114.982921841, -2.83888482599997, 0],
              [114.983942021, -2.84183588499997, 0],
              [114.9849622, -2.84482675499993, 0],
              [114.985781283, -2.84720708999993, 0],
              [114.986022193, -2.84790720299998, 0],
              [114.987082185, -2.85095779099993, 0],
              [114.988052602, -2.85375955399996, 0],
              [114.988711281, -2.85566939699993, 0],
              [114.989042922, -2.85663098899994, 0],
              [114.990043197, -2.85957209499998, 0],
              [114.990924035, -2.86209517499998, 0],
              [114.991157973, -2.86240726399996, 0],
              [114.992148161, -2.86372823899995, 0]
            ]
          ]
        ]
      }
    },
    {
      "type": "Feature",
      "properties": {
        "kd_propinsi": "63",
        "kd_dati2": "05",
        "kd_kecamatan": "5",
        "kd_kelurahan": "52",
        "nm_kelurahan": "Margasari Hilir"
      },
      "geometry": {
        "type": "MultiPolygon",
        "coordinates": [
          [
            [
              [114.935180649, -2.87922508399993, 0],
              [114.935181204, -2.87922532599993, 0],
              [114.935181204, -2.88092526699995, 0],
              [114.933656154, -2.88184029799993, 0],
              [114.934280661, -2.88488781799993, 0],
              [114.935755926, -2.88909946399997, 0],
              [114.936136639, -2.89040816799997, 0],
              [114.936731506, -2.89135995199996, 0],
              [114.936921862, -2.89207378999993, 0],
              [114.93701704, -2.89366802899997, 0],
              [114.937136014, -2.89428668899996, 0],
              [114.939420296, -2.89961668199993, 0],
              [114.941453842, -2.90423432299997, 0],
              [114.937539629, -2.90403206899993, 0],
              [114.934838942, -2.90393689099994, 0],
              [114.934076026, -2.90533284099996, 0],
              [114.933362188, -2.90631436899997, 0],
              [114.932886296, -2.90744461299994, 0],
              [114.93136939, -2.91107329099998, 0],
              [114.92964428, -2.91440453599995, 0],
              [114.929346848, -2.91491017199996, 0],
              [114.929317104, -2.91565375299996, 0],
              [114.929287361, -2.91987729599993, 0],
              [114.929217167, -2.92714298099997, 0],
              [114.927568078, -2.94885568899997, 0],
              [114.924374596, -2.94785063499995, 0],
              [114.924670333, -2.94494697999994, 0],
              [114.924693487, -2.94471966899994, 0],
              [114.924777398, -2.94389586499995, 0],
              [114.924778089, -2.94388906999996, 0],
              [114.925269125, -2.93906826199998, 0],
              [114.925534606, -2.93646198399995, 0],
              [114.925918169, -2.93269627699993, 0],
              [114.925698286, -2.93225456799996, 0],
              [114.923985074, -2.92928500099993, 0],
              [114.922229032, -2.92652958499997, 0],
              [114.921272488, -2.92501624799996, 0],
              [114.920772802, -2.92444517699994, 0],
              [114.920487267, -2.92424530299996, 0],
              [114.920201732, -2.92421674899993, 0],
              [114.919730598, -2.92441662299996, 0],
              [114.919330848, -2.92444517699994, 0],
              [114.919031037, -2.92441662499994, 0],
              [114.918802609, -2.92451656099996, 0],
              [114.918631287, -2.92465932899995, 0],
              [114.918374304, -2.92480209599995, 0],
              [114.917974555, -2.92500197099997, 0],
              [114.917788958, -2.92510190799993, 0],
              [114.917546252, -2.92514473899996, 0],
              [114.917232164, -2.92508763199993, 0],
              [114.916989459, -2.92488775699997, 0],
              [114.916703923, -2.92475926599997, 0],
              [114.916418388, -2.92488775699997, 0],
              [114.91627562, -2.92483064999993, 0],
              [114.916047192, -2.92473071299997, 0],
              [114.915775933, -2.92478781999995, 0],
              [114.915447568, -2.92480209699994, 0],
              [114.915204864, -2.92464505199996, 0],
              [114.91509065, -2.92454511499994, 0],
              [114.914805113, -2.92428813299995, 0],
              [114.914462471, -2.92415964199995, 0],
              [114.914134106, -2.92420247199993, 0],
              [114.9138914, -2.92433096299993, 0],
              [114.913705803, -2.92437379299997, 0],
              [114.91336316, -2.92443090099994, 0],
              [114.913163286, -2.92445945399993, 0],
              [114.91292058, -2.92438807099995, 0],
              [114.912706428, -2.92434523999998, 0],
              [114.912478001, -2.92444517699994, 0],
              [114.912163911, -2.92451656199995, 0],
              [114.911935483, -2.92444517699994, 0],
              [114.911721333, -2.92420247199993, 0],
              [114.910689751, -2.92294371199995, 0],
              [114.910829419, -2.92274181599993, 0],
              [114.910969087, -2.92253992099995, 0],
              [114.911108756, -2.92233802599998, 0],
              [114.911246258, -2.92215432599994, 0],
              [114.911410289, -2.92199054699995, 0],
              [114.911613297, -2.92175101299995, 0],
              [114.911816305, -2.92151147899995, 0],
              [114.911940335, -2.92127214999994, 0],
              [114.912064365, -2.92103282099993, 0],
              [114.912220231, -2.92077482999997, 0],
              [114.912366037, -2.92051724299995, 0],
              [114.912511841, -2.92025965599993, 0],
              [114.912645113, -2.92003041699996, 0],
              [114.912778387, -2.91980117899993, 0],
              [114.912911658, -2.91957193999997, 0],
              [114.913044931, -2.91934270199994, 0],
              [114.913178204, -2.91911346299997, 0],
              [114.913359404, -2.91886012999993, 0],
              [114.913540604, -2.91860679699994, 0],
              [114.913652213, -2.91833389799996, 0],
              [114.91365887, -2.91813077399996, 0],
              [114.913665525, -2.91792764999997, 0],
              [114.913766502, -2.91764703199993, 0],
              [114.913747922, -2.91748893499994, 0],
              [114.91376827, -2.91740417599993, 0],
              [114.913820204, -2.91709618099998, 0],
              [114.913852578, -2.91703140399994, 0],
              [114.913884953, -2.91696662699997, 0],
              [114.913881232, -2.91670226999997, 0],
              [114.913875561, -2.91634588299996, 0],
              [114.913857807, -2.91616264499993, 0],
              [114.913840053, -2.91597940699995, 0],
              [114.913830739, -2.91591300199997, 0],
              [114.913775212, -2.91572008999998, 0],
              [114.913698259, -2.91547032399996, 0],
              [114.913621306, -2.91522055899998, 0],
              [114.913608479, -2.91518164299993, 0],
              [114.913495826, -2.91488093299995, 0],
              [114.913486887, -2.91485707099997, 0],
              [114.913383174, -2.91458022299997, 0],
              [114.913338684, -2.91438433499997, 0],
              [114.913173784, -2.91414570999996, 0],
              [114.913008886, -2.91390708599994, 0],
              [114.912899361, -2.91377996499995, 0],
              [114.912750747, -2.91363564199997, 0],
              [114.912602134, -2.91349131799996, 0],
              [114.912406503, -2.91330254499997, 0],
              [114.91221087, -2.91311377099993, 0],
              [114.912061813, -2.91299360199997, 0],
              [114.911856402, -2.91282495299993, 0],
              [114.911732731, -2.91272341699994, 0],
              [114.911650989, -2.91265630399994, 0],
              [114.911487934, -2.91252169299997, 0],
              [114.911324878, -2.91238708099996, 0],
              [114.911261355, -2.91233353799993, 0],
              [114.911068045, -2.91219156099993, 0],
              [114.910874735, -2.91204958499998, 0],
              [114.910681427, -2.91190760799998, 0],
              [114.910488117, -2.91176563199997, 0],
              [114.910294807, -2.91162365499997, 0],
              [114.910101498, -2.91148167899996, 0],
              [114.909940341, -2.91137747399995, 0],
              [114.909766447, -2.91125937599998, 0],
              [114.909592553, -2.91114127899994, 0],
              [114.90937211, -2.91099415599996, 0],
              [114.909151669, -2.91084703399997, 0],
              [114.908931227, -2.91069991299997, 0],
              [114.908710785, -2.91055279099993, 0],
              [114.908644633, -2.91050777899994, 0],
              [114.90844277, -2.91037228399995, 0],
              [114.908240908, -2.91023678799996, 0],
              [114.908039044, -2.91010129199998, 0],
              [114.907837182, -2.90996579699993, 0],
              [114.907742403, -2.90989969799995, 0],
              [114.907526108, -2.90975196399995, 0],
              [114.907309812, -2.90960422999996, 0],
              [114.907065023, -2.90940106499994, 0],
              [114.906960582, -2.90933019299996, 0],
              [114.906807048, -2.90921183099994, 0],
              [114.906653512, -2.90909346899997, 0],
              [114.906450116, -2.90892963999994, 0],
              [114.906246719, -2.90876580999998, 0],
              [114.906043323, -2.90860198099995, 0],
              [114.905839926, -2.90843815099993, 0],
              [114.90563653, -2.90827432199995, 0],
              [114.905433133, -2.90811049199994, 0],
              [114.905277646, -2.90798211799995, 0],
              [114.905113079, -2.90781731699997, 0],
              [114.904948513, -2.90765251499994, 0],
              [114.904866081, -2.90756996599993, 0],
              [114.903734052, -2.90683346499998, 0],
              [114.902787352, -2.90565455499996, 0],
              [114.902266625, -2.90500610399994, 0],
              [114.900076139, -2.90227832799997, 0],
              [114.900074117, -2.90227524399995, 0],
              [114.899964797, -2.90205464899998, 0],
              [114.899855475, -2.90183405499994, 0],
              [114.899746154, -2.90161345999997, 0],
              [114.899656838, -2.90144542599995, 0],
              [114.899582365, -2.90128008299996, 0],
              [114.899507891, -2.90111474199995, 0],
              [114.899443979, -2.90092628999997, 0],
              [114.899380066, -2.90073783799994, 0],
              [114.899361376, -2.90068655799996, 0],
              [114.899291752, -2.90047794799995, 0],
              [114.899222128, -2.90026933799993, 0],
              [114.89918838, -2.90014715199993, 0],
              [114.89910532, -2.89985240899995, 0],
              [114.899004538, -2.89966233599995, 0],
              [114.898903755, -2.89947225999993, 0],
              [114.898878419, -2.89938379499995, 0],
              [114.898827857, -2.89918133599997, 0],
              [114.898786501, -2.89896480999994, 0],
              [114.898745146, -2.89874828499995, 0],
              [114.898733981, -2.89868454499998, 0],
              [114.898694392, -2.89837112899994, 0],
              [114.898672413, -2.89820336899993, 0],
              [114.898658917, -2.89796327199997, 0],
              [114.898645422, -2.89772317499995, 0],
              [114.898631928, -2.89748307799994, 0],
              [114.898631545, -2.89746778399996, 0],
              [114.898632407, -2.89727772299995, 0],
              [114.89863327, -2.89708766199993, 0],
              [114.898641293, -2.89673645699998, 0],
              [114.898644069, -2.89666831699998, 0],
              [114.898641137, -2.89648194399996, 0],
              [114.898678018, -2.89623620499998, 0],
              [114.8987149, -2.89599046499995, 0],
              [114.898749205, -2.89576189699994, 0],
              [114.898751782, -2.89574472499993, 0],
              [114.898796042, -2.89552426599994, 0],
              [114.898840302, -2.89530380699995, 0],
              [114.898884563, -2.89508334799996, 0],
              [114.898913052, -2.89496852599996, 0],
              [114.898977158, -2.89473628699994, 0],
              [114.899041262, -2.89450404699994, 0],
              [114.899105366, -2.89427180799993, 0],
              [114.8991963, -2.89401903399994, 0],
              [114.899287234, -2.89376626199993, 0],
              [114.899340928, -2.89364652899997, 0],
              [114.899419181, -2.89345075099993, 0],
              [114.899497433, -2.89325496999993, 0],
              [114.899511551, -2.89320628699994, 0],
              [114.899591903, -2.89294369099997, 0],
              [114.899672254, -2.89268109499994, 0],
              [114.899752604, -2.89241849899997, 0],
              [114.899866443, -2.89218018799994, 0],
              [114.899924905, -2.89199299599994, 0],
              [114.899983365, -2.89180580299995, 0],
              [114.900044407, -2.89163335499995, 0],
              [114.900087042, -2.89153490299998, 0],
              [114.900211229, -2.89130987799996, 0],
              [114.900340349, -2.89098518899994, 0],
              [114.900427528, -2.89076101999996, 0],
              [114.900460513, -2.89066469999995, 0],
              [114.900517562, -2.89052854299996, 0],
              [114.900567871, -2.89038250699997, 0],
              [114.900699846, -2.89007576399996, 0],
              [114.900831821, -2.88976902199994, 0],
              [114.900946968, -2.88955218799993, 0],
              [114.901062117, -2.88933535499996, 0],
              [114.901177265, -2.88911852099994, 0],
              [114.901292414, -2.88890168699993, 0],
              [114.901335649, -2.88879793499996, 0],
              [114.901448027, -2.88854405299998, 0],
              [114.901560406, -2.88829017099994, 0],
              [114.901608127, -2.88818950599995, 0],
              [114.901735476, -2.88797337899996, 0],
              [114.901862824, -2.88775725199997, 0],
              [114.901990173, -2.88754112599997, 0],
              [114.902038682, -2.88745994199996, 0],
              [114.902209142, -2.88719623599997, 0],
              [114.902379602, -2.88693253099996, 0],
              [114.902471572, -2.88673184199996, 0],
              [114.902472922, -2.88672889499998, 0],
              [114.902566243, -2.88652525899994, 0],
              [114.90272141, -2.88630960499995, 0],
              [114.902876578, -2.88609395199995, 0],
              [114.902968505, -2.88594361499997, 0],
              [114.903084883, -2.88574891199994, 0],
              [114.903201261, -2.88555420999995, 0],
              [114.903317638, -2.88535950699998, 0],
              [114.90345056, -2.88515274899993, 0],
              [114.903583482, -2.88494599099994, 0],
              [114.903716403, -2.88473923299995, 0],
              [114.903849325, -2.88453247499996, 0],
              [114.904032977, -2.88425460399998, 0],
              [114.904161747, -2.88405696899997, 0],
              [114.904290519, -2.88385933399997, 0],
              [114.904472328, -2.88359576299996, 0],
              [114.90465414, -2.88333219099997, 0],
              [114.90471618, -2.88324742299994, 0],
              [114.904900455, -2.88297260599995, 0],
              [114.905084731, -2.88269778799997, 0],
              [114.905218645, -2.88249165599996, 0],
              [114.905381277, -2.88229758599994, 0],
              [114.905543907, -2.88210351599997, 0],
              [114.905706538, -2.88190944599995, 0],
              [114.905760384, -2.88183643199994, 0],
              [114.905929667, -2.88161031199996, 0],
              [114.906074804, -2.88141806199997, 0],
              [114.906219941, -2.88122581199997, 0],
              [114.906365078, -2.88103356199997, 0],
              [114.906510215, -2.88084131199997, 0],
              [114.906676539, -2.88061992899998, 0],
              [114.906842861, -2.88039854499994, 0],
              [114.906885233, -2.88034214699997, 0],
              [114.907009184, -2.88017716099995, 0],
              [114.907175506, -2.87995577799995, 0],
              [114.907334914, -2.87973887099997, 0],
              [114.907494319, -2.87952196499998, 0],
              [114.907653726, -2.87930505899993, 0],
              [114.907667774, -2.87928650499993, 0],
              [114.907819672, -2.87908287299996, 0],
              [114.907971568, -2.87887923999995, 0],
              [114.908123465, -2.87867560799998, 0],
              [114.908332253, -2.87847822699996, 0],
              [114.908541038, -2.87828084599994, 0],
              [114.908635872, -2.87822314699997, 0],
              [114.908825402, -2.87809066599994, 0],
              [114.909014933, -2.87795818499995, 0],
              [114.909251956, -2.87776075999994, 0],
              [114.909488981, -2.87756333399994, 0],
              [114.909579373, -2.87748061799994, 0],
              [114.9097803, -2.87734612599996, 0],
              [114.909981224, -2.87721163299995, 0],
              [114.910182149, -2.87707714099997, 0],
              [114.910383076, -2.87694264799995, 0],
              [114.910489201, -2.87689106099998, 0],
              [114.910750647, -2.87676901899994, 0],
              [114.911012091, -2.87664697699995, 0],
              [114.911220099, -2.87656293399994, 0],
              [114.911449087, -2.87648149799998, 0],
              [114.911678074, -2.87640006199996, 0],
              [114.911743352, -2.87637598499993, 0],
              [114.912006888, -2.87632875999998, 0],
              [114.912270425, -2.87628153399993, 0],
              [114.912327338, -2.87627070699995, 0],
              [114.91252536, -2.87626361599996, 0],
              [114.912723381, -2.87625652499997, 0],
              [114.913077688, -2.87623795299993, 0],
              [114.913302565, -2.87626131199994, 0],
              [114.91357702, -2.87628290899994, 0],
              [114.913851474, -2.87630450299997, 0],
              [114.91412593, -2.87632609799994, 0],
              [114.914420507, -2.87637532899993, 0],
              [114.914694993, -2.87641024399994, 0],
              [114.914813944, -2.87642892799994, 0],
              [114.915048986, -2.87648353999998, 0],
              [114.91528403, -2.87653815199997, 0],
              [114.915519073, -2.87659276499994, 0],
              [114.915754117, -2.87664737499995, 0],
              [114.915932358, -2.87670259699996, 0],
              [114.916110597, -2.87675781899998, 0],
              [114.916357648, -2.87683415999993, 0],
              [114.916604698, -2.87691049999995, 0],
              [114.916851749, -2.87698684099996, 0],
              [114.9170988, -2.87706318199997, 0],
              [114.917201124, -2.87709331399998, 0],
              [114.917483867, -2.87721584899998, 0],
              [114.91776661, -2.87733838499997, 0],
              [114.917996608, -2.87743384199996, 0],
              [114.918226606, -2.87752930099993, 0],
              [114.918456604, -2.87762475699998, 0],
              [114.918710596, -2.87774106399996, 0],
              [114.918964587, -2.87785737099995, 0],
              [114.919218578, -2.87797367799993, 0],
              [114.919426468, -2.87806389399998, 0],
              [114.919634358, -2.87815410699994, 0],
              [114.919842248, -2.87824432199994, 0],
              [114.920042148, -2.87832100899993, 0],
              [114.920242048, -2.87839769699997, 0],
              [114.920470516, -2.87849218999997, 0],
              [114.920698982, -2.87858668299998, 0],
              [114.920804835, -2.87863046299998, 0],
              [114.921116922, -2.87819433699997, 0],
              [114.921516673, -2.87758519399995, 0],
              [114.921859314, -2.87724255199993, 0],
              [114.922278099, -2.87672858799994, 0],
              [114.922297134, -2.87632883899994, 0],
              [114.922220992, -2.87594812499998, 0],
              [114.922030635, -2.87551030499998, 0],
              [114.921954492, -2.87518669699995, 0],
              [114.921973528, -2.87463466299994, 0],
              [114.922125813, -2.87413973499997, 0],
              [114.922278099, -2.87396841399993, 0],
              [114.922466181, -2.87367698899993, 0],
              [114.923320186, -2.87404964899997, 0],
              [114.926783644, -2.87556098199997, 0],
              [114.929568273, -2.87677611299995, 0],
              [114.930873485, -2.87734563099997, 0],
              [114.935180649, -2.87922508399993, 0]
            ]
          ]
        ]
      }
    },
    {
      "type": "Feature",
      "properties": {
        "kd_propinsi": "63",
        "kd_dati2": "05",
        "kd_kecamatan": "4",
        "kd_kelurahan": "42",
        "nm_kelurahan": "Margasari Hulu"
      },
      "geometry": {
        "type": "MultiPolygon",
        "coordinates": [
          [
            [
              [114.883226673, -2.83609747599996, 0],
              [114.893804457, -2.84908151899998, 0],
              [114.900923112, -2.85781944699994, 0],
              [114.90442568, -2.86164561999993, 0],
              [114.908194745, -2.86457711599996, 0],
              [114.934175583, -2.87047963499998, 0],
              [114.935995436, -2.87047963499998, 0],
              [114.935654362, -2.87216076499993, 0],
              [114.935555551, -2.87264779099996, 0],
              [114.935552157, -2.87267697599998, 0],
              [114.935308054, -2.87477626499998, 0],
              [114.935293878, -2.87489818099994, 0],
              [114.935555551, -2.87672989399994, 0],
              [114.936706493, -2.87861474599993, 0],
              [114.935180649, -2.87922508399993, 0],
              [114.930873485, -2.87734563099997, 0],
              [114.929568273, -2.87677611299995, 0],
              [114.926783644, -2.87556098199997, 0],
              [114.923320186, -2.87404964899997, 0],
              [114.922466181, -2.87367698899993, 0],
              [114.921165825, -2.87310955599997, 0],
              [114.918932599, -2.87213506099994, 0],
              [114.917803689, -2.87164244699994, 0],
              [114.885355302, -2.86403535299996, 0],
              [114.888432809, -2.85882602599997, 0],
              [114.883970188, -2.85288737899998, 0],
              [114.879677908, -2.84717538499996, 0],
              [114.879963445, -2.83607519899994, 0],
              [114.883226673, -2.83609747599996, 0]
            ]
          ]
        ]
      }
    },
    {
      "type": "Feature",
      "properties": {
        "kd_propinsi": "63",
        "kd_dati2": "05",
        "kd_kecamatan": "1",
        "kd_kelurahan": "6",
        "nm_kelurahan": "Masta"
      },
      "geometry": {
        "type": "MultiPolygon",
        "coordinates": [
          [
            [
              [115.107527779, -2.83669124899996, 0],
              [115.107644899, -2.83662112299993, 0],
              [115.10793339, -2.83644096999996, 0],
              [115.108210181, -2.83632202499996, 0],
              [115.108311317, -2.83634971099997, 0],
              [115.108482922, -2.83639668899997, 0],
              [115.108829524, -2.83649431099997, 0],
              [115.10923863, -2.83660916199995, 0],
              [115.109568188, -2.83670104599997, 0],
              [115.109867614, -2.83675883299998, 0],
              [115.110045547, -2.83679317299993, 0],
              [115.110449044, -2.83686234299995, 0],
              [115.111251256, -2.83707063699995, 0],
              [115.112266792, -2.83728141799998, 0],
              [115.112844374, -2.83741131299996, 0],
              [115.113231838, -2.83749845199998, 0],
              [115.114026574, -2.83768352199996, 0],
              [115.115086933, -2.83794771899994, 0],
              [115.116404194, -2.83821294799998, 0],
              [115.117586606, -2.83842215299995, 0],
              [115.118381232, -2.83860609099997, 0],
              [115.118802595, -2.83869221699996, 0],
              [115.11881419, -2.83869458799995, 0],
              [115.11946936, -2.83882850399994, 0],
              [115.120188147, -2.83896005399993, 0],
              [115.121018146, -2.83908654199996, 0],
              [115.121839476, -2.83925789899996, 0],
              [115.123417825, -2.83961007299996, 0],
              [115.124859458, -2.83993704999995, 0],
              [115.125013705, -2.83997947099994, 0],
              [115.12605159, -2.84026490599996, 0],
              [115.127301576, -2.84058641399997, 0],
              [115.128661293, -2.84088606699993, 0],
              [115.129741199, -2.84117566699996, 0],
              [115.12989071, -2.84122071399997, 0],
              [115.130844007, -2.84150793499993, 0],
              [115.131212656, -2.84163676199995, 0],
              [115.131289527, -2.84166362499997, 0],
              [115.131849999, -2.84185948499993, 0],
              [115.132842577, -2.84223331099997, 0],
              [115.133585053, -2.84251752399996, 0],
              [115.134276333, -2.84277592599995, 0],
              [115.134626353, -2.84283652599993, 0],
              [115.135420286, -2.84298360699995, 0],
              [115.136265513, -2.84309646599996, 0],
              [115.137362154, -2.84333423699997, 0],
              [115.137411564, -2.84334433999993, 0],
              [115.138479048, -2.84356261299996, 0],
              [115.139220046, -2.84372564599994, 0],
              [115.139674731, -2.84388339699996, 0],
              [115.140036085, -2.84400302899996, 0],
              [115.140198869, -2.84405494399994, 0],
              [115.140261196, -2.84407482099994, 0],
              [115.140792169, -2.84421970999995, 0],
              [115.14112719, -2.84431544099994, 0],
              [115.14201627, -2.84471819099997, 0],
              [115.142535282, -2.84497847399996, 0],
              [115.142623526, -2.84502272799995, 0],
              [115.14343982, -2.84539694999995, 0],
              [115.144182, -2.84567782599993, 0],
              [115.144775731, -2.84591184999994, 0],
              [115.145704278, -2.84636758599993, 0],
              [115.146343913, -2.84669367699996, 0],
              [115.146742785, -2.84689702499998, 0],
              [115.147606552, -2.84715643599998, 0],
              [115.14885551, -2.84753374899998, 0],
              [115.149258885, -2.84767273799997, 0],
              [115.150409256, -2.84804903599996, 0],
              [115.150472382, -2.84806895899993, 0],
              [115.151964721, -2.84853994799994, 0],
              [115.152269204, -2.84863973599994, 0],
              [115.152888261, -2.84884261999997, 0],
              [115.153325812, -2.84893286499994, 0],
              [115.153997, -2.84917559799993, 0],
              [115.153992763, -2.84951480199993, 0],
              [115.153931159, -2.85444531299993, 0],
              [115.154949157, -2.85877180399996, 0],
              [115.135535725, -2.86904950299993, 0],
              [115.134944609, -2.86936780199994, 0],
              [115.124698755, -2.87488479799993, 0],
              [115.119206345, -2.87784224799998, 0],
              [115.119009034, -2.87788696499996, 0],
              [115.118242702, -2.87785322599996, 0],
              [115.099071768, -2.88492276799997, 0],
              [115.097483282, -2.88338424999995, 0],
              [115.092810128, -2.88512501399993, 0],
              [115.092072096, -2.88412368499996, 0],
              [115.088656727, -2.87948985799994, 0],
              [115.085957365, -2.87571134799993, 0],
              [115.083084546, -2.87169002799993, 0],
              [115.081762033, -2.86986675799994, 0],
              [115.080938601, -2.86864652499997, 0],
              [115.080285951, -2.86740648999995, 0],
              [115.074137593, -2.85572461899994, 0],
              [115.069020741, -2.84600258799998, 0],
              [115.068816739, -2.84557670999993, 0],
              [115.068817085, -2.84522391299993, 0],
              [115.069413, -2.845244, 0],
              [115.070633, -2.84466, 0],
              [115.071665, -2.844168, 0],
              [115.072806, -2.84358, 0],
              [115.073475, -2.843259, 0],
              [115.073623, -2.843191, 0],
              [115.074714, -2.842613, 0],
              [115.075468, -2.842207, 0],
              [115.076333, -2.841691, 0],
              [115.077477, -2.840998, 0],
              [115.078577, -2.840393, 0],
              [115.079577, -2.839724, 0],
              [115.080413, -2.839375, 0],
              [115.08131, -2.83945, 0],
              [115.082281, -2.839808, 0],
              [115.083132, -2.840412, 0],
              [115.083862, -2.840889, 0],
              [115.084699, -2.841096, 0],
              [115.085504, -2.840958, 0],
              [115.086172, -2.840422, 0],
              [115.086222217, -2.84032130599996, 0],
              [115.086559, -2.839646, 0],
              [115.086757823, -2.83895803099995, 0],
              [115.086848, -2.838646, 0],
              [115.087332, -2.837401, 0],
              [115.087857, -2.836377, 0],
              [115.088169835, -2.83557542299997, 0],
              [115.08817, -2.835575, 0],
              [115.088234, -2.834666, 0],
              [115.088012, -2.833594, 0],
              [115.088008351, -2.83358274299997, 0],
              [115.087625, -2.8324, 0],
              [115.087711, -2.831835, 0],
              [115.088205, -2.831207, 0],
              [115.088889, -2.830547, 0],
              [115.089295, -2.830076, 0],
              [115.089723, -2.829708, 0],
              [115.090411, -2.829529, 0],
              [115.0916, -2.82946, 0],
              [115.092604, -2.829321, 0],
              [115.093473, -2.829057, 0],
              [115.094396, -2.828867, 0],
              [115.094999, -2.829062, 0],
              [115.095428, -2.829456, 0],
              [115.096112, -2.830215, 0],
              [115.096699, -2.830975, 0],
              [115.09734, -2.831586, 0],
              [115.097915, -2.831881, 0],
              [115.098447, -2.831881, 0],
              [115.099041, -2.83178, 0],
              [115.099658888, -2.83175220899994, 0],
              [115.099708, -2.83175, 0],
              [115.100092, -2.831997, 0],
              [115.100136, -2.832037, 0],
              [115.100143, -2.832041, 0],
              [115.100166, -2.832166, 0],
              [115.100152, -2.832338, 0],
              [115.10003, -2.83266, 0],
              [115.099658888, -2.83317940099994, 0],
              [115.099601033, -2.83326037399996, 0],
              [115.099552, -2.833329, 0],
              [115.099225, -2.834098, 0],
              [115.099152, -2.834865, 0],
              [115.099345, -2.835635, 0],
              [115.099658888, -2.83586020199994, 0],
              [115.09966, -2.835861, 0],
              [115.099995, -2.835905, 0],
              [115.100027168, -2.83590376699993, 0],
              [115.100621, -2.835881, 0],
              [115.101254, -2.835857, 0],
              [115.101793, -2.835937, 0],
              [115.102169, -2.83605, 0],
              [115.102406, -2.836099, 0],
              [115.102664801, -2.83608861599993, 0],
              [115.10273, -2.836086, 0],
              [115.103275, -2.835927, 0],
              [115.103461892, -2.83584960699994, 0],
              [115.104154, -2.835563, 0],
              [115.104477, -2.835465, 0],
              [115.104742, -2.835566, 0],
              [115.10507, -2.835799, 0],
              [115.105403, -2.836136, 0],
              [115.105719, -2.836421, 0],
              [115.105792, -2.836482, 0],
              [115.105906907, -2.83658394699995, 0],
              [115.10609276, -2.83674855099997, 0],
              [115.106124695, -2.83677800599998, 0],
              [115.106133607, -2.83678572699995, 0],
              [115.106413, -2.837036, 0],
              [115.106590068, -2.83711461199994, 0],
              [115.106635865, -2.83711827599996, 0],
              [115.106666794, -2.83711952399995, 0],
              [115.106706055, -2.83711839199998, 0],
              [115.106723197, -2.83711658999994, 0],
              [115.106737973, -2.83711503599994, 0],
              [115.106797902, -2.83708533899994, 0],
              [115.106884703, -2.83704232499997, 0],
              [115.106952608, -2.83700867599993, 0],
              [115.107195371, -2.83688354799995, 0],
              [115.107385893, -2.83677620299994, 0],
              [115.107527779, -2.83669124899996, 0]
            ]
          ]
        ]
      }
    },
    {
      "type": "Feature",
      "properties": {
        "kd_propinsi": "63",
        "kd_dati2": "05",
        "kd_kecamatan": "8",
        "kd_kelurahan": "84",
        "nm_kelurahan": "Miawa"
      },
      "geometry": {
        "type": "MultiPolygon",
        "coordinates": [
          [
            [
              [115.298364405, -2.92992137899995, 0],
              [115.298307292, -2.93020694199993, 0],
              [115.298110022, -2.93119329399997, 0],
              [115.298051589, -2.93148546399993, 0],
              [115.298048919, -2.93149881399995, 0],
              [115.298021163, -2.93163759199996, 0],
              [115.298006756, -2.93170962499994, 0],
              [115.297951074, -2.93175973999996, 0],
              [115.297751091, -2.93193972299997, 0],
              [115.297705998, -2.93210041999993, 0],
              [115.297691098, -2.93215351999993, 0],
              [115.296945895, -2.93281746499997, 0],
              [115.296834075, -2.93291709199997, 0],
              [115.296699942, -2.93303659799994, 0],
              [115.296595642, -2.93312952499997, 0],
              [115.296527778, -2.93318998899997, 0],
              [115.294512048, -2.93660069999993, 0],
              [115.293998085, -2.93795223399997, 0],
              [115.292989194, -2.94038880199997, 0],
              [115.292741729, -2.94151190699995, 0],
              [115.291580552, -2.94339643999996, 0],
              [115.290647803, -2.94429111799997, 0],
              [115.290095768, -2.94476700999996, 0],
              [115.289772161, -2.94524290199996, 0],
              [115.289638912, -2.94636600799993, 0],
              [115.288344486, -2.94931653899994, 0],
              [115.287240415, -2.95158178599996, 0],
              [115.28651706, -2.95274296299994, 0],
              [115.286231523, -2.95359956899995, 0],
              [115.286545574, -2.95425209499996, 0],
              [115.286650309, -2.95498917399993, 0],
              [115.286878737, -2.95540795999995, 0],
              [115.287544987, -2.95552217399995, 0],
              [115.287602094, -2.95575060199997, 0],
              [115.287544986, -2.95702599299995, 0],
              [115.286881949, -2.95852852299993, 0],
              [115.286429852, -2.95901631399994, 0],
              [115.285918268, -2.95919477299998, 0],
              [115.285168738, -2.95931374599996, 0],
              [115.284918894, -2.95959928099995, 0],
              [115.284633359, -2.95984912399996, 0],
              [115.283812444, -2.95999189199995, 0],
              [115.283479321, -2.96024173499995, 0],
              [115.283312757, -2.96068193599996, 0],
              [115.282920147, -2.96168130899997, 0],
              [115.282929208, -2.96221443299993, 0],
              [115.282765481, -2.96277586099996, 0],
              [115.282468049, -2.96366815899995, 0],
              [115.28198026, -2.96438199799997, 0],
              [115.281968363, -2.96488168399998, 0],
              [115.281908875, -2.96515532199993, 0],
              [115.281468675, -2.96548844699993, 0],
              [115.28105227, -2.96555983099995, 0],
              [115.280659658, -2.96529808999998, 0],
              [115.280374124, -2.96522670599995, 0],
              [115.280159973, -2.96539326799996, 0],
              [115.280088588, -2.96585726299998, 0],
              [115.280290842, -2.96681301399997, 0],
              [115.280362227, -2.96774100299996, 0],
              [115.279962476, -2.96886886799996, 0],
              [115.279962476, -2.96959698299997, 0],
              [115.280176628, -2.97008239299993, 0],
              [115.280747699, -2.97056780299994, 0],
              [115.280819082, -2.97109604299993, 0],
              [115.280248013, -2.97166711499995, 0],
              [115.279976754, -2.97240950599996, 0],
              [115.280205182, -2.97285208599993, 0],
              [115.281732795, -2.97506498399997, 0],
              [115.281532922, -2.97587875999994, 0],
              [115.280819082, -2.97696498399995, 0],
              [115.280723904, -2.97772641099994, 0],
              [115.280819082, -2.97872578499994, 0],
              [115.280343191, -2.97991551599995, 0],
              [115.279676941, -2.98120042499994, 0],
              [115.278701362, -2.98308019899997, 0],
              [115.276737336, -2.98518276999994, 0],
              [115.274727482, -2.98518276999994, 0],
              [115.272786935, -2.98414318999994, 0],
              [115.272717629, -2.98234125199997, 0],
              [115.27299485, -2.98088584099997, 0],
              [115.272440407, -2.97977695599997, 0],
              [115.27071017, -2.97921410899994, 0],
              [115.269029724, -2.97866745799996, 0],
              [115.266688067, -2.97790571299993, 0],
              [115.266249395, -2.97761326599994, 0],
              [115.265313231, -2.97698915499996, 0],
              [115.265232656, -2.97693543799994, 0],
              [115.264942277, -2.97638884399993, 0],
              [115.264054466, -2.97471766899997, 0],
              [115.261648581, -2.97330244399996, 0],
              [115.260519895, -2.97263850999997, 0],
              [115.263218507, -2.96598823299996, 0],
              [115.265575363, -2.96141847799993, 0],
              [115.267538418, -2.95549956999997, 0],
              [115.269381121, -2.95174033399997, 0],
              [115.271196839, -2.94853964499993, 0],
              [115.275741611, -2.94299550099993, 0],
              [115.279001472, -2.93835555199996, 0],
              [115.281571289, -2.93385837099993, 0],
              [115.282705566, -2.92986758599994, 0],
              [115.282555872, -2.92987128599998, 0],
              [115.282508489, -2.92975350699993, 0],
              [115.282495027, -2.92972004399996, 0],
              [115.281636379, -2.92758564699994, 0],
              [115.282172538, -2.92749325999995, 0],
              [115.28312, -2.92733, 0],
              [115.283213, -2.927346, 0],
              [115.283250803, -2.92734856699997, 0],
              [115.283375, -2.927357, 0],
              [115.283557, -2.927324, 0],
              [115.283794, -2.927314, 0],
              [115.283986, -2.927411, 0],
              [115.284297, -2.927509, 0],
              [115.28436, -2.927487, 0],
              [115.284374, -2.927485, 0],
              [115.284508, -2.927435, 0],
              [115.284704, -2.927386, 0],
              [115.284748, -2.927399, 0],
              [115.285195, -2.927387, 0],
              [115.285436, -2.927358, 0],
              [115.285662, -2.927417, 0],
              [115.285802, -2.92749, 0],
              [115.286017, -2.927556, 0],
              [115.286382, -2.927673, 0],
              [115.286712, -2.927827, 0],
              [115.286771005, -2.92787513499997, 0],
              [115.287016, -2.928075, 0],
              [115.287209, -2.928262, 0],
              [115.287407886, -2.92853757699993, 0],
              [115.287598, -2.928801, 0],
              [115.287814, -2.928992, 0],
              [115.287922, -2.929087, 0],
              [115.287907, -2.929088, 0],
              [115.288075, -2.929233, 0],
              [115.28845, -2.929508, 0],
              [115.288636, -2.929667, 0],
              [115.289006, -2.929918, 0],
              [115.289276, -2.930149, 0],
              [115.289314, -2.930196, 0],
              [115.289343, -2.930211, 0],
              [115.289406, -2.930239, 0],
              [115.289489, -2.930277, 0],
              [115.289622, -2.930292, 0],
              [115.289651, -2.930302, 0],
              [115.289668, -2.930312, 0],
              [115.289706, -2.930319, 0],
              [115.289706, -2.930325, 0],
              [115.28972, -2.93034, 0],
              [115.289751, -2.930367, 0],
              [115.290124, -2.930663, 0],
              [115.290263267, -2.93080141199994, 0],
              [115.290287, -2.930825, 0],
              [115.290347, -2.930879, 0],
              [115.290476, -2.931023, 0],
              [115.290506, -2.931052, 0],
              [115.290551654, -2.93108074499997, 0],
              [115.290641, -2.931137, 0],
              [115.290715, -2.931189, 0],
              [115.290802, -2.931481, 0],
              [115.290722, -2.931672, 0],
              [115.290653, -2.931971, 0],
              [115.290658, -2.932045, 0],
              [115.290727, -2.93223, 0],
              [115.290812, -2.932382, 0],
              [115.290964, -2.932537, 0],
              [115.29108, -2.932586, 0],
              [115.291326, -2.932541, 0],
              [115.291662, -2.932329, 0],
              [115.291708, -2.932308, 0],
              [115.291998, -2.932043, 0],
              [115.29219, -2.931893, 0],
              [115.292376, -2.931797, 0],
              [115.292579989, -2.93174082899998, 0],
              [115.292583, -2.93174, 0],
              [115.292652, -2.931714, 0],
              [115.292784, -2.931693, 0],
              [115.292969, -2.931682, 0],
              [115.293079, -2.931683, 0],
              [115.293191, -2.931698, 0],
              [115.293344, -2.931717, 0],
              [115.293507, -2.931794, 0],
              [115.293645, -2.931904, 0],
              [115.293776, -2.931976, 0],
              [115.293792, -2.931992, 0],
              [115.293919, -2.932064, 0],
              [115.294131, -2.932232, 0],
              [115.294161, -2.932258, 0],
              [115.294713, -2.932515, 0],
              [115.295288, -2.932731, 0],
              [115.295373, -2.932829, 0],
              [115.295488, -2.932927, 0],
              [115.295696, -2.93291, 0],
              [115.29569954, -2.93290850599993, 0],
              [115.295741, -2.932891, 0],
              [115.295758, -2.932887, 0],
              [115.295769, -2.932879, 0],
              [115.295769957, -2.93287823199995, 0],
              [115.295829439, -2.93283050799994, 0],
              [115.295891909, -2.93278038699998, 0],
              [115.29603, -2.932602, 0],
              [115.296039804, -2.93259944499994, 0],
              [115.296218, -2.932553, 0],
              [115.296244, -2.932548, 0],
              [115.296394, -2.932514, 0],
              [115.296659, -2.932475, 0],
              [115.296683, -2.932465, 0],
              [115.296762, -2.932454, 0],
              [115.296931357, -2.93216558799998, 0],
              [115.297218, -2.931555, 0],
              [115.297356, -2.931262, 0],
              [115.297379, -2.93122, 0],
              [115.297528, -2.930913, 0],
              [115.297829, -2.930507, 0],
              [115.297915, -2.930413, 0],
              [115.29814, -2.930186, 0],
              [115.298364405, -2.92992137899995, 0]
            ]
          ]
        ]
      }
    },
    {
      "type": "Feature",
      "properties": {
        "kd_propinsi": "63",
        "kd_dati2": "05",
        "kd_kecamatan": "4",
        "kd_kelurahan": "43",
        "nm_kelurahan": "Pabaungan Hilir"
      },
      "geometry": {
        "type": "MultiPolygon",
        "coordinates": [
          [
            [
              [115.020883148, -2.77743079699997, 0],
              [115.020876647, -2.77744976499997, 0],
              [115.020324735, -2.77906006399996, 0],
              [115.020324726, -2.77906008899993, 0],
              [115.020324714, -2.77906012499994, 0],
              [115.019874471, -2.78037375699995, 0],
              [115.01699023, -2.78878885299997, 0],
              [115.011938055, -2.80360368599997, 0],
              [115.007081133, -2.81788157199998, 0],
              [115.005889389, -2.82136280099996, 0],
              [115.005290123, -2.82311327699995, 0],
              [115.001516418, -2.83413639699995, 0],
              [115.003371322, -2.83428283699993, 0],
              [115.004689281, -2.83340419799993, 0],
              [115.005958427, -2.83184217299993, 0],
              [115.005909613, -2.83023133399996, 0],
              [115.006983506, -2.82705847099993, 0],
              [115.008887224, -2.82510593899997, 0],
              [115.010205183, -2.82456899299996, 0],
              [115.012401781, -2.82486187299998, 0],
              [115.014207872, -2.82569169799996, 0],
              [115.014891258, -2.82671677799993, 0],
              [115.015867524, -2.82905981499994, 0],
              [115.016672944, -2.83137844799995, 0],
              [115.01647769, -2.83455130999994, 0],
              [115.01408584, -2.83938382599996, 0],
              [115.013233613, -2.84050876499993, 0],
              [115.012865507, -2.84099466399994, 0],
              [115.011108229, -2.84182448999997, 0],
              [115.00964383, -2.84187330299994, 0],
              [115.008423499, -2.84158042399997, 0],
              [115.007154352, -2.84040890499995, 0],
              [115.006080461, -2.84011602499993, 0],
              [115.005677733, -2.84007705099998, 0],
              [115.004567248, -2.83996958499995, 0],
              [115.004451324, -2.84000955899995, 0],
              [115.003151662, -2.84045771799993, 0],
              [115.001101505, -2.84182448999997, 0],
              [115.000076426, -2.84372820799996, 0],
              [114.999807952, -2.84516819999993, 0],
              [115.000148158, -2.84691781999993, 0],
              [115.000491339, -2.84868275699995, 0],
              [115.000624178, -2.84886873099993, 0],
              [115.001769768, -2.85047255899997, 0],
              [115.00214237, -2.85099420099994, 0],
              [115.002199803, -2.85107460899997, 0],
              [115.002199803, -2.85190443499994, 0],
              [115.001809297, -2.85322239299995, 0],
              [115.001434786, -2.85400645599998, 0],
              [115.001369685, -2.85414274899995, 0],
              [115.001096975, -2.85438047199995, 0],
              [114.998709185, -2.85646963899995, 0],
              [114.997995346, -2.85787352099993, 0],
              [114.99754325, -2.85858735899996, 0],
              [114.997257713, -2.85889668999994, 0],
              [114.997257713, -2.85944396499997, 0],
              [114.996948383, -2.86001503599994, 0],
              [114.996305929, -2.86094302499993, 0],
              [114.995139993, -2.86175204199998, 0],
              [114.992148161, -2.86372823899995, 0],
              [114.991157973, -2.86240726399996, 0],
              [114.990924035, -2.86209517499998, 0],
              [114.990043197, -2.85957209499998, 0],
              [114.989042922, -2.85663098899994, 0],
              [114.988711281, -2.85566939699993, 0],
              [114.988052602, -2.85375955399996, 0],
              [114.987082185, -2.85095779099993, 0],
              [114.986022193, -2.84790720299998, 0],
              [114.985781283, -2.84720708999993, 0],
              [114.9849622, -2.84482675499993, 0],
              [114.983942021, -2.84183588499997, 0],
              [114.982921841, -2.83888482599997, 0],
              [114.982900539, -2.83882335899995, 0],
              [114.982747663, -2.83838220099995, 0],
              [114.982379402, -2.83615273299995, 0],
              [114.98188673, -2.83334101699995, 0],
              [114.981374151, -2.83031033399993, 0],
              [114.980841667, -2.82724979299996, 0],
              [114.980319135, -2.82413948699997, 0],
              [114.979806558, -2.82116852199994, 0],
              [114.979293978, -2.81813783999996, 0],
              [114.978771447, -2.81510715799993, 0],
              [114.978268822, -2.81209638099995, 0],
              [114.977726384, -2.80902588699996, 0],
              [114.977253618, -2.80610468799995, 0],
              [114.97706361, -2.80500494799998, 0],
              [114.971023082, -2.80462366399996, 0],
              [114.95888783, -2.80233938199996, 0],
              [114.956675401, -2.80086477199995, 0],
              [114.956675358, -2.80086475599995, 0],
              [114.957600369, -2.80024808099995, 0],
              [114.95876456, -2.79947195399996, 0],
              [114.961685023, -2.79752497899995, 0],
              [114.963025958, -2.79663102299998, 0],
              [114.972034132, -2.79062557299994, 0],
              [114.97414238, -2.78922007499995, 0],
              [114.974279861, -2.78912841999994, 0],
              [114.974349996, -2.78909846199997, 0],
              [114.99034755, -2.78226508899996, 0],
              [114.990698563, -2.78211515099997, 0],
              [114.995715609, -2.77997218499996, 0],
              [115.01232989, -2.77287534599998, 0],
              [115.012329863, -2.77287532499997, 0],
              [115.014925585, -2.77176654799996, 0],
              [115.015710527, -2.77252487199996, 0],
              [115.016678438, -2.77345995899998, 0],
              [115.02064647, -2.77729341299994, 0],
              [115.020883148, -2.77743079699997, 0]
            ]
          ]
        ]
      }
    },
    {
      "type": "Feature",
      "properties": {
        "kd_propinsi": "63",
        "kd_dati2": "05",
        "kd_kecamatan": "4",
        "kd_kelurahan": "44",
        "nm_kelurahan": "Pabaungan Hulu"
      },
      "geometry": {
        "type": "MultiPolygon",
        "coordinates": [
          [
            [
              [115.035501004, -2.78314295799993, 0],
              [115.035540104, -2.78315485099995, 0],
              [115.030851891, -2.81161355499995, 0],
              [115.033440743, -2.81815612099996, 0],
              [115.036795784, -2.82793570599995, 0],
              [115.028301108, -2.83207596799997, 0],
              [115.025017452, -2.83378917999994, 0],
              [115.022376249, -2.83735837099994, 0],
              [115.017494147, -2.84503818799993, 0],
              [115.01638701, -2.84563920599993, 0],
              [115.016102317, -2.84845449899996, 0],
              [115.01611361, -2.85029519999995, 0],
              [115.016118132, -2.85103254799998, 0],
              [115.01581446, -2.85265213299994, 0],
              [115.01576319, -2.85363314999995, 0],
              [115.01570637, -2.85472030999995, 0],
              [115.015624665, -2.85628354499994, 0],
              [115.015786624, -2.85871292199994, 0],
              [115.015786624, -2.86004907899996, 0],
              [115.015685905, -2.86023293199997, 0],
              [115.015148912, -2.86121315499997, 0],
              [115.012500893, -2.86630674899993, 0],
              [115.010343605, -2.87034275299993, 0],
              [115.010337642, -2.87035414999997, 0],
              [115.008659237, -2.87356119099997, 0],
              [115.006764202, -2.87716896299997, 0],
              [115.006535285, -2.87705947999996, 0],
              [115.004266006, -2.87518831999995, 0],
              [115.001105934, -2.87265528599994, 0],
              [114.99858783, -2.87068459599993, 0],
              [114.997662203, -2.86981868699996, 0],
              [114.997257191, -2.86945077599995, 0],
              [114.996358362, -2.86863428299995, 0],
              [114.995029639, -2.86744490099994, 0],
              [114.992148161, -2.86372823899995, 0],
              [114.995139993, -2.86175204199998, 0],
              [114.996305929, -2.86094302499993, 0],
              [114.996948383, -2.86001503599994, 0],
              [114.997257713, -2.85944396499997, 0],
              [114.997257713, -2.85889668999994, 0],
              [114.99754325, -2.85858735899996, 0],
              [114.997995346, -2.85787352099993, 0],
              [114.998709185, -2.85646963899995, 0],
              [115.001096975, -2.85438047199995, 0],
              [115.001369685, -2.85414274899995, 0],
              [115.001434786, -2.85400645599998, 0],
              [115.001809297, -2.85322239299995, 0],
              [115.002199803, -2.85190443499994, 0],
              [115.002199803, -2.85107460899997, 0],
              [115.00214237, -2.85099420099994, 0],
              [115.002181869, -2.85100425599995, 0],
              [115.002670344, -2.85149273099995, 0],
              [115.004196828, -2.85204226599996, 0],
              [115.006608674, -2.85182855699998, 0],
              [115.009173169, -2.85124849299996, 0],
              [115.010719918, -2.85121076799993, 0],
              [115.011676605, -2.85118743399994, 0],
              [115.012684085, -2.85250021099995, 0],
              [115.012716127, -2.85253225399993, 0],
              [115.013530506, -2.85334663199996, 0],
              [115.013599976, -2.85341610199993, 0],
              [115.014436118, -2.85423316199996, 0],
              [115.015064295, -2.85464718799994, 0],
              [115.015335553, -2.85459008099997, 0],
              [115.015001753, -2.85061923499995, 0],
              [115.01512646, -2.84465407999994, 0],
              [115.016397092, -2.84092596099993, 0],
              [115.016515561, -2.84057836499994, 0],
              [115.018408402, -2.83755592499995, 0],
              [115.019740808, -2.83306355299993, 0],
              [115.019908742, -2.83166610699993, 0],
              [115.020126832, -2.82985128099995, 0],
              [115.020140557, -2.82973706699994, 0],
              [115.022810313, -2.82849498799993, 0],
              [115.022481947, -2.82779542699996, 0],
              [115.022453395, -2.82752416799997, 0],
              [115.022453395, -2.82592516999995, 0],
              [115.022453395, -2.82526843899996, 0],
              [115.02248134, -2.82525416199997, 0],
              [115.023766856, -2.82459743099997, 0],
              [115.023110126, -2.82215610399993, 0],
              [115.020508604, -2.82332982099996, 0],
              [115.021659814, -2.81751317999994, 0],
              [115.023537391, -2.81319322799993, 0],
              [115.022468851, -2.81029290699996, 0],
              [115.024010601, -2.80090502599995, 0],
              [115.0245754, -2.79655454399995, 0],
              [115.028147374, -2.79163926399997, 0],
              [115.0301776, -2.79049439999994, 0],
              [115.031673555, -2.78756354899997, 0],
              [115.03503182, -2.78393051599994, 0],
              [115.035452677, -2.78312825799998, 0],
              [115.035501004, -2.78314295799993, 0]
            ]
          ]
        ]
      }
    },
    {
      "type": "Feature",
      "properties": {
        "kd_propinsi": "63",
        "kd_dati2": "05",
        "kd_kecamatan": "11",
        "kd_kelurahan": "110",
        "nm_kelurahan": "Pandahan"
      },
      "geometry": {
        "type": "MultiPolygon",
        "coordinates": [
          [
            [
              [115.021083765, -2.95700913999997, 0],
              [115.023796351, -2.96122078599996, 0],
              [115.024153271, -2.96182754899996, 0],
              [115.025759406, -2.96621765399993, 0],
              [115.027163417, -2.96821767099993, 0],
              [115.026537698, -2.96854426499994, 0],
              [115.024795443, -2.96945363099997, 0],
              [115.023844791, -2.96994981999995, 0],
              [115.023839145, -2.96995276799993, 0],
              [115.019498495, -2.97221835899995, 0],
              [114.994701868, -2.98516611099996, 0],
              [114.97730427, -2.99426067599995, 0],
              [114.955106491, -3.00586452999994, 0],
              [114.940186693, -3.01367438299997, 0],
              [114.928583221, -3.01974800199997, 0],
              [114.916687578, -3.02597471699994, 0],
              [114.894068267, -3.03212687799993, 0],
              [114.882995586, -3.03513850499996, 0],
              [114.882898969, -3.04624365199993, 0],
              [114.882898771, -3.04641770399996, 0],
              [114.877166667, -3.04266666699994, 0],
              [114.870822944, -3.03883304999994, 0],
              [114.869444444, -3.038, 0],
              [114.828361111, -3.01533333299994, 0],
              [114.828337066, -3.01531601199997, 0],
              [114.828056508, -3.01511391099996, 0],
              [114.828039596, -3.01510172799993, 0],
              [114.827870346, -3.01497980799996, 0],
              [114.827740199, -3.01488605599997, 0],
              [114.827468638, -3.01469043499998, 0],
              [114.827214265, -3.01450719599995, 0],
              [114.826392535, -3.01320727899997, 0],
              [114.826482108, -3.00539682699997, 0],
              [114.826518043, -3.00226343199995, 0],
              [114.826600746, -2.99505192499993, 0],
              [114.847622367, -2.99539281399996, 0],
              [114.849528169, -2.99542369099993, 0],
              [114.858618898, -2.99557114599998, 0],
              [114.859865171, -2.99559135199996, 0],
              [114.867885597, -2.99572137899997, 0],
              [114.872267639, -2.99579243899996, 0],
              [114.872579426, -2.99579749499998, 0],
              [114.886744379, -2.98986425099997, 0],
              [114.890952779, -2.98810148799993, 0],
              [114.891488262, -2.98787718999995, 0],
              [114.900115332, -2.98426358699993, 0],
              [114.902495833, -2.98326647199997, 0],
              [114.911811423, -2.97936447299998, 0],
              [114.912497065, -2.97907727599994, 0],
              [114.916802694, -2.98304996899998, 0],
              [114.920325995, -2.98290878599994, 0],
              [114.932283622, -2.98242954099993, 0],
              [114.954320149, -2.97257366999997, 0],
              [114.984209189, -2.95920449999994, 0],
              [114.98879582, -2.95997337799997, 0],
              [115.002965473, -2.95807096599998, 0],
              [115.020022788, -2.95578058699994, 0],
              [115.020206735, -2.95569712299994, 0],
              [115.021083765, -2.95700913999997, 0]
            ]
          ],
          [
            [
              [115.08260483, -2.94325192399998, 0],
              [115.080980943, -2.94402345399993, 0],
              [115.080920266, -2.94405228199997, 0],
              [115.080911572, -2.94400150199994, 0],
              [115.076523435, -2.94615578599996, 0],
              [115.076530157, -2.94616952899997, 0],
              [115.076540819, -2.94619131599995, 0],
              [115.07250533, -2.94814496999993, 0],
              [115.070075868, -2.94932111199995, 0],
              [115.067944917, -2.95035274299994, 0],
              [115.065743957, -2.95141826699995, 0],
              [115.064953515, -2.95180093299996, 0],
              [115.054574054, -2.95629497199997, 0],
              [115.054575246, -2.95629680299993, 0],
              [115.054128749, -2.95655246599995, 0],
              [115.05403595, -2.95642397599994, 0],
              [115.045507739, -2.94410119099996, 0],
              [115.055191859, -2.93970561599997, 0],
              [115.056042757, -2.93931578899998, 0],
              [115.063425244, -2.93593349599996, 0],
              [115.070262497, -2.93328352699996, 0],
              [115.07027058, -2.93328039099993, 0],
              [115.075620761, -2.93120675299997, 0],
              [115.076066012, -2.93041306199996, 0],
              [115.076891742, -2.92894111099997, 0],
              [115.079595593, -2.92412119299996, 0],
              [115.082828388, -2.91835837199994, 0],
              [115.08558587, -2.91700770899996, 0],
              [115.085870964, -2.91686806399997, 0],
              [115.086069867, -2.91767271299995, 0],
              [115.087217927, -2.92231713999996, 0],
              [115.088292424, -2.92497510899995, 0],
              [115.088962856, -2.92663354199993, 0],
              [115.091138134, -2.92869581899993, 0],
              [115.088820335, -2.92961274999993, 0],
              [115.085967316, -2.93249488099997, 0],
              [115.085617967, -2.93429985099994, 0],
              [115.085314902, -2.93717175499995, 0],
              [115.085312287, -2.93719653799997, 0],
              [115.086806785, -2.93969694899994, 0],
              [115.086826133, -2.93972931999997, 0],
              [115.08260483, -2.94325192399998, 0]
            ]
          ]
        ]
      }
    },
    {
      "type": "Feature",
      "properties": {
        "kd_propinsi": "63",
        "kd_dati2": "05",
        "kd_kecamatan": "11",
        "kd_kelurahan": "111",
        "nm_kelurahan": "Pandulangan"
      },
      "geometry": {
        "type": "MultiPolygon",
        "coordinates": [
          [
            [
              [115.107618826, -2.96631780699994, 0],
              [115.107546087, -2.96872253499993, 0],
              [115.107546086, -2.96872604899994, 0],
              [115.107587408, -2.96900991499996, 0],
              [115.107425604, -2.96930972799993, 0],
              [115.107378015, -2.96945487499994, 0],
              [115.107370876, -2.96952625999995, 0],
              [115.107385154, -2.96959050399994, 0],
              [115.107420845, -2.96963333399998, 0],
              [115.107499368, -2.96965474999996, 0],
              [115.107627859, -2.96969757999995, 0],
              [115.107692104, -2.96974754899998, 0],
              [115.107749211, -2.96986176299993, 0],
              [115.107749211, -2.96992600799996, 0],
              [115.10771352, -2.97009732899994, 0],
              [115.107656413, -2.97021154299995, 0],
              [115.107542199, -2.97029006599996, 0],
              [115.107399431, -2.97036144999993, 0],
              [115.107199555, -2.97051849399998, 0],
              [115.107106756, -2.97067553899996, 0],
              [115.107063927, -2.97073978299994, 0],
              [115.106864052, -2.97124660999998, 0],
              [115.106949712, -2.97145362299995, 0],
              [115.106578517, -2.97179626499997, 0],
              [115.106621346, -2.97193189299998, 0],
              [115.106542824, -2.97208179899997, 0],
              [115.106135936, -2.97353089199993, 0],
              [115.106128798, -2.97396633299996, 0],
              [115.105707633, -2.97410909999996, 0],
              [115.105300746, -2.97410910099995, 0],
              [115.105386406, -2.97437321999996, 0],
              [115.105393544, -2.97452312799993, 0],
              [115.105407823, -2.97470872399993, 0],
              [115.105550589, -2.97501567499995, 0],
              [115.105265054, -2.97517271999993, 0],
              [115.104779644, -2.97537973199997, 0],
              [115.103729442, -2.97662957099993, 0],
              [115.103718216, -2.97665482699995, 0],
              [115.101641036, -2.97669003399994, 0],
              [115.10115495, -2.97651214499996, 0],
              [115.100940798, -2.97639317199997, 0],
              [115.100688575, -2.97642172499997, 0],
              [115.100479182, -2.97663587599993, 0],
              [115.100390432, -2.97671123099997, 0],
              [115.10022696, -2.97685002799994, 0],
              [115.099831969, -2.97714983899994, 0],
              [115.099508363, -2.97730212499994, 0],
              [115.09926566, -2.97749723999993, 0],
              [115.099008677, -2.97770187499998, 0],
              [115.09890874, -2.97765904499994, 0],
              [115.098810085, -2.97752594199994, 0],
              [115.098708863, -2.97744489399997, 0],
              [115.098537543, -2.97735923199997, 0],
              [115.098366223, -2.97737826799994, 0],
              [115.098188232, -2.97751218299993, 0],
              [115.097971231, -2.97755910699993, 0],
              [115.097776115, -2.97752579499996, 0],
              [115.097671421, -2.97753055299995, 0],
              [115.09762859, -2.97766380399997, 0],
              [115.097523892, -2.97771139199995, 0],
              [115.097385883, -2.97763524999994, 0],
              [115.097257395, -2.97762097399993, 0],
              [115.097147938, -2.97774470499996, 0],
              [115.097043243, -2.97775898199996, 0],
              [115.096986136, -2.97784464299997, 0],
              [115.096909993, -2.97793506199997, 0],
              [115.096748188, -2.97795885599993, 0],
              [115.096586384, -2.97802548099998, 0],
              [115.096524519, -2.97807782899997, 0],
              [115.096367476, -2.97825390999998, 0],
              [115.096286574, -2.97842522999997, 0],
              [115.096229467, -2.97859179399995, 0],
              [115.096191395, -2.97880594499998, 0],
              [115.096158081, -2.97900581899995, 0],
              [115.096067662, -2.97917714099998, 0],
              [115.095910617, -2.97931039099996, 0],
              [115.095777369, -2.97940080999996, 0],
              [115.095701227, -2.97950074699998, 0],
              [115.095663155, -2.97963399699995, 0],
              [115.095672672, -2.97988621999997, 0],
              [115.095667915, -2.98004802299994, 0],
              [115.095639359, -2.98022410399994, 0],
              [115.095639359, -2.98040018499995, 0],
              [115.095596529, -2.98050012199997, 0],
              [115.09541807, -2.98064479199996, 0],
              [115.095353825, -2.98076614499996, 0],
              [115.095332408, -2.98093032799994, 0],
              [115.095382377, -2.98108023499998, 0],
              [115.095303857, -2.98120872499993, 0],
              [115.095146812, -2.98133721499994, 0],
              [115.094946935, -2.98138004499998, 0],
              [115.094882691, -2.98143001399996, 0],
              [115.09479703, -2.98153708899997, 0],
              [115.094697187, -2.98184131199997, 0],
              [115.094684014, -2.98201216799993, 0],
              [115.094670927, -2.98218191299998, 0],
              [115.09483986, -2.98233658899994, 0],
              [115.094918384, -2.98251504799993, 0],
              [115.094939798, -2.98270778599994, 0],
              [115.094918384, -2.98283627599994, 0],
              [115.094818447, -2.98295048899996, 0],
              [115.094804169, -2.98309325799994, 0],
              [115.094578079, -2.98338628399995, 0],
              [115.094571254, -2.98347481399998, 0],
              [115.093941475, -2.98336568599996, 0],
              [115.093582641, -2.98320335599993, 0],
              [115.093213465, -2.98300187599995, 0],
              [115.093201754, -2.98299548299997, 0],
              [115.093201723, -2.98299546499993, 0],
              [115.092371032, -2.98254715099995, 0],
              [115.092180676, -2.98298497299993, 0],
              [115.090575761, -2.98239107299997, 0],
              [115.090641437, -2.98200046299996, 0],
              [115.090715267, -2.98156844599993, 0],
              [115.09079056, -2.98112765899998, 0],
              [115.090865852, -2.98069710399994, 0],
              [115.090927255, -2.98033745499993, 0],
              [115.090924871, -2.98032762199995, 0],
              [115.090810298, -2.97985499899994, 0],
              [115.090705764, -2.97941421099995, 0],
              [115.090602696, -2.97898511799997, 0],
              [115.090495238, -2.97853848199998, 0],
              [115.09039363, -2.97810646499994, 0],
              [115.090284712, -2.97765836699995, 0],
              [115.090183104, -2.97722927299998, 0],
              [115.090074187, -2.97678409899993, 0],
              [115.090026298, -2.97614336699996, 0],
              [115.090026298, -2.97613146899994, 0],
              [115.090021059, -2.97612547199998, 0],
              [115.090026471, -2.97612188199997, 0],
              [115.091289791, -2.97528364899995, 0],
              [115.094298435, -2.97328736399993, 0],
              [115.095098084, -2.97277089299996, 0],
              [115.098329977, -2.97068349099993, 0],
              [115.10209915, -2.96824863399996, 0],
              [115.102587801, -2.96793296799996, 0],
              [115.104608475, -2.96662761399995, 0],
              [115.105833349, -2.96585699699995, 0],
              [115.105809836, -2.96585087199998, 0],
              [115.10582969, -2.96584771999994, 0],
              [115.107618826, -2.96631780699994, 0]
            ]
          ]
        ]
      }
    },
    {
      "type": "Feature",
      "properties": {
        "kd_propinsi": "63",
        "kd_dati2": "05",
        "kd_kecamatan": "9",
        "kd_kelurahan": "88",
        "nm_kelurahan": "Pantai Cabe"
      },
      "geometry": {
        "type": "MultiPolygon",
        "coordinates": [
          [
            [
              [115.187355113, -3.01785184799996, 0],
              [115.189637997, -3.01848598299995, 0],
              [115.189866392, -3.01860018099995, 0],
              [115.190145305, -3.01873963699995, 0],
              [115.190170099, -3.01873274899998, 0],
              [115.190174086, -3.01874271499997, 0],
              [115.190397549, -3.01886189499993, 0],
              [115.190278368, -3.01917474399994, 0],
              [115.189981092, -3.02104622799993, 0],
              [115.189728852, -3.02263420199995, 0],
              [115.189681004, -3.02293542999996, 0],
              [115.189622877, -3.02330136499995, 0],
              [115.187807228, -3.02726095199995, 0],
              [115.187776048, -3.02732894799993, 0],
              [115.187604259, -3.02770358999993, 0],
              [115.187572566, -3.02784998099997, 0],
              [115.187498385, -3.02819262299994, 0],
              [115.187014701, -3.03042678699995, 0],
              [115.186978562, -3.03059371399996, 0],
              [115.185621049, -3.03146676099993, 0],
              [115.184974841, -3.03188235199997, 0],
              [115.185001964, -3.03439389499994, 0],
              [115.185012085, -3.03533113499998, 0],
              [115.185878443, -3.03576168799998, 0],
              [115.187407409, -3.03652153799993, 0],
              [115.187470181, -3.03655273399994, 0],
              [115.188750685, -3.03826007099997, 0],
              [115.188900345, -3.03845961999997, 0],
              [115.188790251, -3.03878887299993, 0],
              [115.188668691, -3.03915241999994, 0],
              [115.188032185, -3.04105598899997, 0],
              [115.187819064, -3.04169335899996, 0],
              [115.187468322, -3.04274231199997, 0],
              [115.187306308, -3.04322683499993, 0],
              [115.18445566, -3.04690351499994, 0],
              [115.183474132, -3.04891415899994, 0],
              [115.182813833, -3.05022286299993, 0],
              [115.182623476, -3.05013958099994, 0],
              [115.181588409, -3.04967558599998, 0],
              [115.181429342, -3.05001270099996, 0],
              [115.181429226, -3.05001266799997, 0],
              [115.180999467, -3.05091583299998, 0],
              [115.180262676, -3.05246424299997, 0],
              [115.179920708, -3.05318291199995, 0],
              [115.17970685, -3.05363234699996, 0],
              [115.179522146, -3.05403300599994, 0],
              [115.178909178, -3.05452410699996, 0],
              [115.177932394, -3.05562172899994, 0],
              [115.1765881, -3.05823404499995, 0],
              [115.174147395, -3.06075102099993, 0],
              [115.174138259, -3.06075812699993, 0],
              [115.171869273, -3.05929977699998, 0],
              [115.170711696, -3.05882060899995, 0],
              [115.169042904, -3.05812982899994, 0],
              [115.167330354, -3.05742666299994, 0],
              [115.165400388, -3.05663422599997, 0],
              [115.16460032, -3.05621207999997, 0],
              [115.163684057, -3.05572211499998, 0],
              [115.163961728, -3.05559028399995, 0],
              [115.164228226, -3.05560932099996, 0],
              [115.164285333, -3.05553317699997, 0],
              [115.164323404, -3.05534281999996, 0],
              [115.164361476, -3.054905, 0],
              [115.164494726, -3.05458139299998, 0],
              [115.164361476, -3.05425778599994, 0],
              [115.164323404, -3.05408646599994, 0],
              [115.164437619, -3.05380092899998, 0],
              [115.164818334, -3.05328696599997, 0],
              [115.164970619, -3.05296335999998, 0],
              [115.164988217, -3.05268177299996, 0],
              [115.164989655, -3.05265878799997, 0],
              [115.164951584, -3.05231614599995, 0],
              [115.164380511, -3.05224000399994, 0],
              [115.164018835, -3.05204964699993, 0],
              [115.163847514, -3.05176411099995, 0],
              [115.163676192, -3.05142146899993, 0],
              [115.163733299, -3.05113593399994, 0],
              [115.16417112, -3.05083136199994, 0],
              [115.164532797, -3.05048871999998, 0],
              [115.164608941, -3.05029836399996, 0],
              [115.164780263, -3.05010800599996, 0],
              [115.164913513, -3.04986054199998, 0],
              [115.165218082, -3.04944175799994, 0],
              [115.165442068, -3.04922728799994, 0],
              [115.165594354, -3.04894175299995, 0],
              [115.16584182, -3.04850393199996, 0],
              [115.166184461, -3.04835164599996, 0],
              [115.166508067, -3.04814225399997, 0],
              [115.166698426, -3.04795189799995, 0],
              [115.167079138, -3.04768539699995, 0],
              [115.167764424, -3.04745696899994, 0],
              [115.168164172, -3.04722854099992, 0],
              [115.168909342, -3.04690969299998, 0],
              [115.168909342, -3.04609115799997, 0],
              [115.168852235, -3.04542490999995, 0],
              [115.168833199, -3.04489190999993, 0],
              [115.168757056, -3.04428276899995, 0],
              [115.168757056, -3.04378783999994, 0],
              [115.168610717, -3.04352157799997, 0],
              [115.168268076, -3.04333598099993, 0],
              [115.167868326, -3.04317893599995, 0],
              [115.167440023, -3.04313610599996, 0],
              [115.166840398, -3.04303616799996, 0],
              [115.166426374, -3.04287912399997, 0],
              [115.16608373, -3.04247937499997, 0],
              [115.165341339, -3.04200824099996, 0],
              [115.164955864, -3.04175631599998, 0],
              [115.164527562, -3.04135150999997, 0],
              [115.164313411, -3.04092320699994, 0],
              [115.164084982, -3.04053773499993, 0],
              [115.163742342, -3.04005232499998, 0],
              [115.163328314, -3.03946697799995, 0],
              [115.162934436, -3.03903383599993, 0],
              [115.162820222, -3.03896889599997, 0],
              [115.162571566, -3.03874165799994, 0],
              [115.162214648, -3.03863458199993, 0],
              [115.161810138, -3.03853940399995, 0],
              [115.161500808, -3.03880114499998, 0],
              [115.161167684, -3.03895580899996, 0],
              [115.160667998, -3.03902719399997, 0],
              [115.159692418, -3.03903908999996, 0],
              [115.158954785, -3.03900339899997, 0],
              [115.158336127, -3.03881304299995, 0],
              [115.158003001, -3.03869406999996, 0],
              [115.157455725, -3.03870596699994, 0],
              [115.156694297, -3.03864647899997, 0],
              [115.155980459, -3.03862268499995, 0],
              [115.155571706, -3.03840127599995, 0],
              [115.155659442, -3.03825954899997, 0],
              [115.156111539, -3.03767657999993, 0],
              [115.156456561, -3.03735535199996, 0],
              [115.158312542, -3.03573731799997, 0],
              [115.162853506, -3.03141685299994, 0],
              [115.163824326, -3.03106469299996, 0],
              [115.164262145, -3.03110276399997, 0],
              [115.164538163, -3.03122649499994, 0],
              [115.164975984, -3.03111228099994, 0],
              [115.165090199, -3.03002724599998, 0],
              [115.164721042, -3.02949988499995, 0],
              [115.164557199, -3.02926581999998, 0],
              [115.164147931, -3.02864715999994, 0],
              [115.164119379, -3.02799042899994, 0],
              [115.164626679, -3.02768776099993, 0],
              [115.164997875, -3.02731656499998, 0],
              [115.165326241, -3.02704530599993, 0],
              [115.16612574, -3.02708813699996, 0],
              [115.166496935, -3.02740222499995, 0],
              [115.167310712, -3.02860147399997, 0],
              [115.167853228, -3.03007911899994, 0],
              [115.168417161, -3.03072871199993, 0],
              [115.169023923, -3.03000773599996, 0],
              [115.169866253, -3.02922251299998, 0],
              [115.170544399, -3.02871568799998, 0],
              [115.171072639, -3.02843729099993, 0],
              [115.171422421, -3.02835162999998, 0],
              [115.171986352, -3.02826596999995, 0],
              [115.172507454, -3.02810178699997, 0],
              [115.172771575, -3.02771631499996, 0],
              [115.173035696, -3.02735225699996, 0],
              [115.173221293, -3.02692395299994, 0],
              [115.173406891, -3.02665269499994, 0],
              [115.174049346, -3.02636715999995, 0],
              [115.174741769, -3.02598168799995, 0],
              [115.175155794, -3.02578894999994, 0],
              [115.175680225, -3.02573011099997, 0],
              [115.175979177, -3.02507242099995, 0],
              [115.176186971, -3.02461527099996, 0],
              [115.176734699, -3.02341026899995, 0],
              [115.176955311, -3.02292492299995, 0],
              [115.177199901, -3.02245797999996, 0],
              [115.178350406, -3.02026155999994, 0],
              [115.178730886, -3.01848598299995, 0],
              [115.181419305, -3.01756423899997, 0],
              [115.182157871, -3.01731101599995, 0],
              [115.183169827, -3.01696405999996, 0],
              [115.185833191, -3.01772502199998, 0],
              [115.187355113, -3.01785184799996, 0]
            ]
          ]
        ]
      }
    },
    {
      "type": "Feature",
      "properties": {
        "kd_propinsi": "63",
        "kd_dati2": "05",
        "kd_kecamatan": "7",
        "kd_kelurahan": "76",
        "nm_kelurahan": "Parandakan"
      },
      "geometry": {
        "type": "MultiPolygon",
        "coordinates": [
          [
            [
              [115.237397055, -2.88242839399993, 0],
              [115.236844915, -2.88244929599995, 0],
              [115.236107939, -2.88276664199998, 0],
              [115.235303197, -2.88311316699998, 0],
              [115.235035582, -2.88327535899992, 0],
              [115.234392225, -2.88364163699993, 0],
              [115.233221056, -2.88430100299996, 0],
              [115.231896057, -2.88475912899997, 0],
              [115.229705575, -2.88573650199993, 0],
              [115.228998932, -2.88604947399995, 0],
              [115.228334969, -2.88634326999994, 0],
              [115.227600097, -2.88666844399995, 0],
              [115.227339779, -2.88682463499993, 0],
              [115.225893783, -2.88659711899993, 0],
              [115.224749839, -2.88623775099995, 0],
              [115.224554569, -2.88597202699998, 0],
              [115.224297585, -2.88564366199995, 0],
              [115.224383247, -2.88528674199995, 0],
              [115.224054881, -2.88485843999996, 0],
              [115.2236123, -2.88433019899998, 0],
              [115.222984124, -2.88375912899994, 0],
              [115.222427329, -2.88328799499993, 0],
              [115.221513616, -2.88260270999996, 0],
              [115.220913992, -2.88211729999995, 0],
              [115.220214431, -2.88150339899994, 0],
              [115.219685305, -2.88091533999995, 0],
              [115.219127533, -2.87813445799998, 0],
              [115.218678984, -2.87629888499993, 0],
              [115.218122123, -2.87432248499994, 0],
              [115.218183557, -2.87430496199994, 0],
              [115.218408506, -2.87421746099994, 0],
              [115.218537408, -2.87411710099997, 0],
              [115.21863056, -2.87400950099993, 0],
              [115.218723746, -2.87388035299995, 0],
              [115.21880258, -2.87377991299996, 0],
              [115.218910014, -2.87368670199993, 0],
              [115.219017471, -2.87357912499994, 0],
              [115.219132013, -2.87351465799998, 0],
              [115.219246523, -2.87347173899997, 0],
              [115.219389587, -2.87346477999995, 0],
              [115.21953264, -2.87346500399997, 0],
              [115.219825942, -2.87343673099997, 0],
              [115.219926112, -2.87341533899996, 0],
              [115.220062125, -2.87334372199996, 0],
              [115.220169537, -2.87326487699994, 0],
              [115.220455875, -2.87311448099996, 0],
              [115.220835145, -2.87300014699997, 0],
              [115.220999688, -2.87297885399994, 0],
              [115.221142752, -2.87297189499998, 0],
              [115.221329966, -2.87299924799993, 0],
              [115.221327563, -2.87290894699993, 0],
              [115.221334832, -2.87282296399997, 0],
              [115.221367049, -2.87275493499993, 0],
              [115.221420678, -2.87268335599993, 0],
              [115.22146007, -2.87259025599997, 0],
              [115.221474481, -2.87250070099998, 0],
              [115.221474509, -2.87248291899994, 0],
              [115.221474614, -2.87241470599997, 0],
              [115.221435494, -2.87233223299995, 0],
              [115.221392762, -2.87227841999993, 0],
              [115.221335797, -2.87219950099996, 0],
              [115.221335914, -2.87212425599995, 0],
              [115.221361005, -2.87204904999993, 0],
              [115.221406627, -2.87196743399994, 0],
              [115.221411201, -2.87190449599996, 0],
              [115.221402351, -2.87183704099994, 0],
              [115.221380035, -2.87179204499995, 0],
              [115.221366708, -2.87172458299995, 0],
              [115.221380257, -2.87164817099995, 0],
              [115.221425126, -2.87158529599998, 0],
              [115.221538749, -2.87143958099995, 0],
              [115.221550151, -2.87133240699995, 0],
              [115.221522211, -2.87123645499997, 0],
              [115.221511132, -2.87113488699993, 0],
              [115.221584372, -2.87099960199993, 0],
              [115.221674413, -2.87089819299996, 0],
              [115.221775576, -2.87087014199994, 0],
              [115.221910402, -2.87087035299993, 0],
              [115.22240604, -2.87091713199993, 0],
              [115.222610466, -2.87091745199996, 0],
              [115.222829119, -2.87083284399995, 0],
              [115.223026636, -2.87074112399995, 0],
              [115.223139598, -2.87062803399994, 0],
              [115.223203182, -2.87053610399994, 0],
              [115.22327376, -2.87047958099993, 0],
              [115.223457049, -2.87047278799997, 0],
              [115.223682576, -2.87050145699993, 0],
              [115.223795319, -2.87052994899995, 0],
              [115.223922137, -2.87057262299993, 0],
              [115.224034814, -2.87064358999993, 0],
              [115.224182769, -2.87069337499997, 0],
              [115.224302549, -2.87072895799997, 0],
              [115.224464624, -2.87076460599997, 0],
              [115.224718359, -2.87078623999997, 0],
              [115.224852304, -2.87077936999998, 0],
              [115.225007451, -2.87073713699994, 0],
              [115.22509215, -2.87066647799998, 0],
              [115.225134586, -2.87057451499993, 0],
              [115.22513475, -2.87046832799996, 0],
              [115.22507623, -2.87032824899995, 0],
              [115.225095043, -2.87018512499998, 0],
              [115.225163496, -2.87000473399996, 0],
              [115.225269153, -2.86981195299995, 0],
              [115.225460804, -2.86957353999998, 0],
              [115.225491446, -2.86949389899996, 0],
              [115.225497721, -2.86938357099996, 0],
              [115.225473474, -2.86927319499995, 0],
              [115.225430974, -2.86912601099994, 0],
              [115.225406804, -2.86896659599995, 0],
              [115.225407022, -2.86882560799995, 0],
              [115.225419391, -2.86872141999993, 0],
              [115.225480571, -2.86862956599993, 0],
              [115.225553884, -2.86858677099997, 0],
              [115.22567759, -2.86856834599996, 0],
              [115.225731833, -2.86847787299996, 0],
              [115.225719913, -2.86841144599993, 0],
              [115.225689938, -2.86835706499994, 0],
              [115.225666032, -2.86826646999998, 0],
              [115.225690236, -2.86816387599993, 0],
              [115.225804577, -2.86808557099994, 0],
              [115.225942888, -2.86805560099998, 0],
              [115.22611726, -2.86803172399993, 0],
              [115.226225561, -2.86797152099996, 0],
              [115.226425467, -2.86790896499997, 0],
              [115.226718009, -2.86800273099993, 0],
              [115.226910842, -2.86794560999994, 0],
              [115.227146341, -2.86799621999995, 0],
              [115.227388847, -2.86813297399993, 0],
              [115.227759948, -2.86820532899998, 0],
              [115.228059895, -2.86812684099994, 0],
              [115.228295538, -2.86808414199993, 0],
              [115.228616658, -2.86816359599993, 0],
              [115.229093655, -2.86807820599995, 0],
              [115.229759816, -2.86815580399997, 0],
              [115.230730739, -2.86811903199993, 0],
              [115.23168, -2.86832, 0],
              [115.231527997, -2.86960127199995, 0],
              [115.23152, -2.87197, 0],
              [115.231782256, -2.87277808099998, 0],
              [115.23216989, -2.87344431799994, 0],
              [115.236257136, -2.88046918399994, 0],
              [115.237397055, -2.88242839399993, 0]
            ]
          ]
        ]
      }
    },
    {
      "type": "Feature",
      "properties": {
        "kd_propinsi": "63",
        "kd_dati2": "05",
        "kd_kecamatan": "11",
        "kd_kelurahan": "112",
        "nm_kelurahan": "Papagan Makmur"
      },
      "geometry": {
        "type": "MultiPolygon",
        "coordinates": [
          [
            [
              [115.045507739, -2.94410119099996, 0],
              [115.05403595, -2.95642397599994, 0],
              [115.054128749, -2.95655246599995, 0],
              [115.054631847, -2.95708524799994, 0],
              [115.057266862, -2.96096852799997, 0],
              [115.057694974, -2.96169082599994, 0],
              [115.058449726, -2.96296422099994, 0],
              [115.058959514, -2.96382432199994, 0],
              [115.06005582, -2.96567397499996, 0],
              [115.060709071, -2.96677611799993, 0],
              [115.060900568, -2.96709920699993, 0],
              [115.060944595, -2.96717348799996, 0],
              [115.061050205, -2.96735166999997, 0],
              [115.061146471, -2.96757222599996, 0],
              [115.061235778, -2.96777684199998, 0],
              [115.062101522, -2.96915253999993, 0],
              [115.062277983, -2.96943294599993, 0],
              [115.063142751, -2.97062513599997, 0],
              [115.063338966, -2.97101126199993, 0],
              [115.066490889, -2.97721383399994, 0],
              [115.061366339, -2.97937197699997, 0],
              [115.052125151, -2.98322634199997, 0],
              [115.045586664, -2.98597547899993, 0],
              [115.040177549, -2.98839249099996, 0],
              [115.036579804, -2.98211071299994, 0],
              [115.035380556, -2.98045460899994, 0],
              [115.034265778, -2.97879618199994, 0],
              [115.033170178, -2.97739941599997, 0],
              [115.03240875, -2.97625727399998, 0],
              [115.031644944, -2.97519365499994, 0],
              [115.030749057, -2.97379418699995, 0],
              [115.030259303, -2.97302913899995, 0],
              [115.028355735, -2.97045932099996, 0],
              [115.027163417, -2.96821767099993, 0],
              [115.025759406, -2.96621765399993, 0],
              [115.024153271, -2.96182754899996, 0],
              [115.023796351, -2.96122078599996, 0],
              [115.021083765, -2.95700913999997, 0],
              [115.020206735, -2.95569712299994, 0],
              [115.017578819, -2.95249411399993, 0],
              [115.016479509, -2.95032404399996, 0],
              [115.022712049, -2.94750403399996, 0],
              [115.022744521, -2.94748934199993, 0],
              [115.042425026, -2.93952700099993, 0],
              [115.045507739, -2.94410119099996, 0]
            ]
          ]
        ]
      }
    },
    {
      "type": "Feature",
      "properties": {
        "kd_propinsi": "63",
        "kd_dati2": "05",
        "kd_kecamatan": "3",
        "kd_kelurahan": "31",
        "nm_kelurahan": "Paring Guling"
      },
      "geometry": {
        "type": "MultiPolygon",
        "coordinates": [
          [
            [
              [115.214427847, -3.00749857799997, 0],
              [115.214494472, -3.00775555999996, 0],
              [115.214266044, -3.00823145399994, 0],
              [115.214313633, -3.00851698799994, 0],
              [115.214627722, -3.00879300499997, 0],
              [115.214875185, -3.00875493399997, 0],
              [115.215056024, -3.00852650599995, 0],
              [115.215360596, -3.00832663099993, 0],
              [115.215646132, -3.00822193499994, 0],
              [115.216150577, -3.00830759599995, 0],
              [115.216474183, -3.00848843399996, 0],
              [115.216445629, -3.00881204099994, 0],
              [115.216540345, -3.00920324699996, 0],
              [115.216873932, -3.00960202199997, 0],
              [115.217254646, -3.00970671799996, 0],
              [115.217625843, -3.00952587899997, 0],
              [115.217911377, -3.00932600499993, 0],
              [115.218234984, -3.00932600399995, 0],
              [115.218463413, -3.00954491499994, 0],
              [115.218653769, -3.00983044999992, 0],
              [115.218853645, -3.01006839599995, 0],
              [115.219339055, -3.01012550399997, 0],
              [115.219596036, -3.00993514599998, 0],
              [115.219938679, -3.00991611099994, 0],
              [115.220443124, -3.01013502199993, 0],
              [115.220833356, -3.01036344899995, 0],
              [115.221242624, -3.01056332499996, 0],
              [115.221220403, -3.01085232699995, 0],
              [115.221223588, -3.01109632399994, 0],
              [115.221223588, -3.01112487699993, 0],
              [115.221271177, -3.01128667999996, 0],
              [115.221632855, -3.01148655499998, 0],
              [115.221899354, -3.01140089599994, 0],
              [115.221946944, -3.01100114499997, 0],
              [115.221889836, -3.01059187799996, 0],
              [115.222040682, -3.01029478999993, 0],
              [115.222232479, -3.00987803899994, 0],
              [115.222556085, -3.00974478999996, 0],
              [115.22275596, -3.00974478999996, 0],
              [115.222822586, -3.00974478999996, 0],
              [115.223146192, -3.00970671799996, 0],
              [115.223346067, -3.00950684299994, 0],
              [115.223564976, -3.00931648699998, 0],
              [115.223907621, -3.00938311199997, 0],
              [115.223821959, -3.00963057499996, 0],
              [115.223650637, -3.00983044999992, 0],
              [115.223568347, -3.01025447699993, 0],
              [115.223688709, -3.01054428899994, 0],
              [115.223938541, -3.01050399699994, 0],
              [115.224240745, -3.01043007399994, 0],
              [115.224669048, -3.01039200299994, 0],
              [115.224945064, -3.01048718099997, 0],
              [115.2249641, -3.01068705699993, 0],
              [115.224783262, -3.01091548399995, 0],
              [115.224636882, -3.01124901399993, 0],
              [115.224973618, -3.01171498299993, 0],
              [115.225230601, -3.01190534099993, 0],
              [115.225520534, -3.01190395099997, 0],
              [115.22576613, -3.01207354999997, 0],
              [115.226002561, -3.01226576999994, 0],
              [115.226258528, -3.01224798299995, 0],
              [115.226448884, -3.01217183999995, 0],
              [115.226667795, -3.01229557099993, 0],
              [115.226915258, -3.01235267899995, 0],
              [115.222256275, -3.01311410699998, 0],
              [115.221951702, -3.01336156999997, 0],
              [115.221523399, -3.01366614099993, 0],
              [115.221637615, -3.01457033599996, 0],
              [115.222008809, -3.01556970999997, 0],
              [115.223084326, -3.01595994199994, 0],
              [115.22324613, -3.01726388599997, 0],
              [115.222907596, -3.01842194599993, 0],
              [115.222821689, -3.02124130299995, 0],
              [115.222977885, -3.02149520299997, 0],
              [115.223710759, -3.02171411299997, 0],
              [115.22414858, -3.02229470199995, 0],
              [115.224462669, -3.02263734399998, 0],
              [115.224662543, -3.02283721799995, 0],
              [115.22481483, -3.02337021699998, 0],
              [115.224957596, -3.02361768199995, 0],
              [115.224967115, -3.02384610999997, 0],
              [115.22493856, -3.02424585999995, 0],
              [115.225699988, -3.02455043099997, 0],
              [115.226204434, -3.02484548299998, 0],
              [115.22657563, -3.02507391199993, 0],
              [115.226918272, -3.02541655499994, 0],
              [115.227308503, -3.02578775099994, 0],
              [115.227565485, -3.02611135699993, 0],
              [115.227736807, -3.02651110699998, 0],
              [115.227955717, -3.02678712399995, 0],
              [115.228326913, -3.02684423099993, 0],
              [115.228679073, -3.02691085599997, 0],
              [115.228983644, -3.02695844499993, 0],
              [115.229250143, -3.02709169599996, 0],
              [115.22962134, -3.02727253399996, 0],
              [115.229935428, -3.02749144399996, 0],
              [115.230173375, -3.02772938999993, 0],
              [115.230401803, -3.02802444299994, 0],
              [115.23072541, -3.02825287199994, 0],
              [115.231039498, -3.02846226399993, 0],
              [115.231382141, -3.02856695999998, 0],
              [115.231572497, -3.02889056699996, 0],
              [115.231439248, -3.02924272699994, 0],
              [115.231106123, -3.02972813799994, 0],
              [115.230801554, -3.03003270799997, 0],
              [115.23045891, -3.03048004699997, 0],
              [115.23019241, -3.03088931399998, 0],
              [115.229849769, -3.03160315299994, 0],
              [115.22948809, -3.03222181299998, 0],
              [115.229078822, -3.03277384799998, 0],
              [115.228726662, -3.03324022199996, 0],
              [115.228184146, -3.03393502399996, 0],
              [115.22807945, -3.03425863099994, 0],
              [115.227679699, -3.03498198699998, 0],
              [115.22736561, -3.03554353999994, 0],
              [115.227003933, -3.03626689699996, 0],
              [115.22670412, -3.03680941299996, 0],
              [115.226411446, -3.03719488599995, 0],
              [115.226140188, -3.03748042199993, 0],
              [115.225697609, -3.03779451099996, 0],
              [115.225354966, -3.03811573699994, 0],
              [115.225069431, -3.03842982699996, 0],
              [115.224833865, -3.03867967099995, 0],
              [115.224469807, -3.03902231199993, 0],
              [115.224205686, -3.03930784799996, 0],
              [115.223955843, -3.03944347699996, 0],
              [115.223727415, -3.03955769099997, 0],
              [115.223534678, -3.03962907499994, 0],
              [115.223213451, -3.03968618199997, 0],
              [115.223070684, -3.03975756599994, 0],
              [115.222892225, -3.03982894999996, 0],
              [115.222799319, -3.03990667399995, 0],
              [115.222745659, -3.03995156599996, 0],
              [115.222704436, -3.03998760599995, 0],
              [115.222630091, -3.04007915299997, 0],
              [115.221962562, -3.03966961099997, 0],
              [115.221959598, -3.03966779299998, 0],
              [115.221066704, -3.03911999699994, 0],
              [115.220898075, -3.03901654099997, 0],
              [115.219910025, -3.03841036599994, 0],
              [115.219899414, -3.03840699099993, 0],
              [115.219877177, -3.03839991799993, 0],
              [115.219951858, -3.03829762199996, 0],
              [115.21995167, -3.03829751399996, 0],
              [115.218899909, -3.03766008399998, 0],
              [115.218061306, -3.03715183999998, 0],
              [115.217911889, -3.03706128399995, 0],
              [115.217020984, -3.03567543099996, 0],
              [115.216746351, -3.03524822299994, 0],
              [115.215645563, -3.03408268399994, 0],
              [115.215434958, -3.03364908699996, 0],
              [115.214544777, -3.03181635899995, 0],
              [115.214244791, -3.03094140099995, 0],
              [115.213767751, -3.02955003299996, 0],
              [115.213710692, -3.02931466099994, 0],
              [115.213249733, -3.02741321099995, 0],
              [115.212343203, -3.02605341499998, 0],
              [115.211639746, -3.02407094699993, 0],
              [115.211274792, -3.02304243999993, 0],
              [115.210651466, -3.02224596799994, 0],
              [115.210634169, -3.02222386699998, 0],
              [115.210109253, -3.02155313999998, 0],
              [115.208814211, -3.02051710499995, 0],
              [115.208425697, -3.02051710499995, 0],
              [115.208086028, -3.02068693999996, 0],
              [115.207260159, -3.02109987499995, 0],
              [115.207083738, -3.02119023699993, 0],
              [115.204605319, -3.02245966999993, 0],
              [115.204357309, -3.02243105399998, 0],
              [115.202921763, -3.02226541499994, 0],
              [115.201879418, -3.02181869399993, 0],
              [115.201108702, -3.02148838799997, 0],
              [115.200849693, -3.02045235299994, 0],
              [115.200906062, -3.01981352199994, 0],
              [115.20104395, -3.01825077899997, 0],
              [115.201248784, -3.01826896599994, 0],
              [115.20133641, -3.01804696699998, 0],
              [115.201921758, -3.01737595899994, 0],
              [115.202771224, -3.01660977299997, 0],
              [115.202866402, -3.01728791899996, 0],
              [115.203259015, -3.01735930199993, 0],
              [115.204389257, -3.01737120099995, 0],
              [115.205138787, -3.01738309699994, 0],
              [115.206506977, -3.01745448099996, 0],
              [115.208017613, -3.01743612299993, 0],
              [115.209144885, -3.01527878099995, 0],
              [115.207918144, -3.01220444799998, 0],
              [115.207996685, -3.01076452299998, 0],
              [115.20863656, -3.00973211999997, 0],
              [115.209013869, -3.00912169199995, 0],
              [115.209564103, -3.00822673599993, 0],
              [115.210032101, -3.00750776199993, 0],
              [115.210689533, -3.00656817099997, 0],
              [115.210770377, -3.00652085799993, 0],
              [115.210820585, -3.00660390099995, 0],
              [115.211153709, -3.00680377499998, 0],
              [115.211524905, -3.00701316799996, 0],
              [115.211658155, -3.00742243499997, 0],
              [115.211192426, -3.00776713899995, 0],
              [115.210611192, -3.00806964899994, 0],
              [115.210535049, -3.00843132699993, 0],
              [115.210763477, -3.00862168399993, 0],
              [115.211058531, -3.00851698799994, 0],
              [115.211458279, -3.00854554199998, 0],
              [115.21183136, -3.00869154299994, 0],
              [115.212191153, -3.00904046899996, 0],
              [115.212581385, -3.00914516499995, 0],
              [115.213000171, -3.00914516499995, 0],
              [115.213257153, -3.00904046899996, 0],
              [115.213495098, -3.00867879099997, 0],
              [115.213675937, -3.00840277399993, 0],
              [115.213735998, -3.00800306799994, 0],
              [115.213723526, -3.00759375699994, 0],
              [115.21410424, -3.00747002499998, 0],
              [115.214427847, -3.00749857799997, 0]
            ]
          ]
        ]
      }
    },
    {
      "type": "Feature",
      "properties": {
        "kd_propinsi": "63",
        "kd_dati2": "05",
        "kd_kecamatan": "5",
        "kd_kelurahan": "53",
        "nm_kelurahan": "Pariok"
      },
      "geometry": {
        "type": "MultiPolygon",
        "coordinates": [
          [
            [
              [114.883970188, -2.85288737899998, 0],
              [114.888432809, -2.85882602599997, 0],
              [114.885355302, -2.86403535299996, 0],
              [114.917803689, -2.87164244699994, 0],
              [114.918932599, -2.87213506099994, 0],
              [114.921165825, -2.87310955599997, 0],
              [114.922466181, -2.87367698899993, 0],
              [114.922278099, -2.87396841399993, 0],
              [114.922125813, -2.87413973499997, 0],
              [114.921973528, -2.87463466299994, 0],
              [114.921954492, -2.87518669699995, 0],
              [114.922030635, -2.87551030499998, 0],
              [114.922220992, -2.87594812499998, 0],
              [114.922297134, -2.87632883899994, 0],
              [114.922278099, -2.87672858799994, 0],
              [114.921859314, -2.87724255199993, 0],
              [114.921516673, -2.87758519399995, 0],
              [114.921116922, -2.87819433699997, 0],
              [114.920804835, -2.87863046299998, 0],
              [114.920698982, -2.87858668299998, 0],
              [114.920470516, -2.87849218999997, 0],
              [114.920242048, -2.87839769699997, 0],
              [114.920042148, -2.87832100899993, 0],
              [114.919842248, -2.87824432199994, 0],
              [114.919634358, -2.87815410699994, 0],
              [114.919426468, -2.87806389399998, 0],
              [114.919218578, -2.87797367799993, 0],
              [114.918964587, -2.87785737099995, 0],
              [114.918710596, -2.87774106399996, 0],
              [114.918456604, -2.87762475699998, 0],
              [114.918226606, -2.87752930099993, 0],
              [114.917996608, -2.87743384199996, 0],
              [114.91776661, -2.87733838499997, 0],
              [114.917483867, -2.87721584899998, 0],
              [114.917201124, -2.87709331399998, 0],
              [114.9170988, -2.87706318199997, 0],
              [114.916851749, -2.87698684099996, 0],
              [114.916604698, -2.87691049999995, 0],
              [114.916357648, -2.87683415999993, 0],
              [114.916110597, -2.87675781899998, 0],
              [114.915932358, -2.87670259699996, 0],
              [114.915754117, -2.87664737499995, 0],
              [114.915519073, -2.87659276499994, 0],
              [114.91528403, -2.87653815199997, 0],
              [114.915048986, -2.87648353999998, 0],
              [114.914813944, -2.87642892799994, 0],
              [114.914694993, -2.87641024399994, 0],
              [114.914420507, -2.87637532899993, 0],
              [114.91412593, -2.87632609799994, 0],
              [114.913851474, -2.87630450299997, 0],
              [114.91357702, -2.87628290899994, 0],
              [114.913302565, -2.87626131199994, 0],
              [114.913077688, -2.87623795299993, 0],
              [114.912723381, -2.87625652499997, 0],
              [114.91252536, -2.87626361599996, 0],
              [114.912327338, -2.87627070699995, 0],
              [114.912270425, -2.87628153399993, 0],
              [114.912006888, -2.87632875999998, 0],
              [114.911743352, -2.87637598499993, 0],
              [114.911678074, -2.87640006199996, 0],
              [114.911449087, -2.87648149799998, 0],
              [114.911220099, -2.87656293399994, 0],
              [114.911012091, -2.87664697699995, 0],
              [114.910750647, -2.87676901899994, 0],
              [114.910489201, -2.87689106099998, 0],
              [114.910383076, -2.87694264799995, 0],
              [114.910182149, -2.87707714099997, 0],
              [114.909981224, -2.87721163299995, 0],
              [114.9097803, -2.87734612599996, 0],
              [114.909579373, -2.87748061799994, 0],
              [114.909488981, -2.87756333399994, 0],
              [114.909251956, -2.87776075999994, 0],
              [114.909014933, -2.87795818499995, 0],
              [114.908825402, -2.87809066599994, 0],
              [114.908635872, -2.87822314699997, 0],
              [114.908541038, -2.87828084599994, 0],
              [114.908332253, -2.87847822699996, 0],
              [114.908123465, -2.87867560799998, 0],
              [114.907971568, -2.87887923999995, 0],
              [114.907819672, -2.87908287299996, 0],
              [114.907667774, -2.87928650499993, 0],
              [114.907653726, -2.87930505899993, 0],
              [114.907494319, -2.87952196499998, 0],
              [114.907334914, -2.87973887099997, 0],
              [114.907175506, -2.87995577799995, 0],
              [114.907009184, -2.88017716099995, 0],
              [114.906885233, -2.88034214699997, 0],
              [114.906842861, -2.88039854499994, 0],
              [114.906676539, -2.88061992899998, 0],
              [114.906510215, -2.88084131199997, 0],
              [114.906365078, -2.88103356199997, 0],
              [114.906219941, -2.88122581199997, 0],
              [114.906074804, -2.88141806199997, 0],
              [114.905929667, -2.88161031199996, 0],
              [114.905760384, -2.88183643199994, 0],
              [114.905706538, -2.88190944599995, 0],
              [114.905543907, -2.88210351599997, 0],
              [114.905381277, -2.88229758599994, 0],
              [114.905218645, -2.88249165599996, 0],
              [114.905084731, -2.88269778799997, 0],
              [114.904900455, -2.88297260599995, 0],
              [114.90471618, -2.88324742299994, 0],
              [114.90465414, -2.88333219099997, 0],
              [114.904472328, -2.88359576299996, 0],
              [114.904290519, -2.88385933399997, 0],
              [114.904161747, -2.88405696899997, 0],
              [114.904032977, -2.88425460399998, 0],
              [114.903849325, -2.88453247499996, 0],
              [114.903716403, -2.88473923299995, 0],
              [114.903583482, -2.88494599099994, 0],
              [114.90345056, -2.88515274899993, 0],
              [114.903317638, -2.88535950699998, 0],
              [114.903201261, -2.88555420999995, 0],
              [114.903084883, -2.88574891199994, 0],
              [114.902968505, -2.88594361499997, 0],
              [114.902876578, -2.88609395199995, 0],
              [114.90272141, -2.88630960499995, 0],
              [114.902566243, -2.88652525899994, 0],
              [114.902472922, -2.88672889499998, 0],
              [114.902471572, -2.88673184199996, 0],
              [114.902379602, -2.88693253099996, 0],
              [114.902209142, -2.88719623599997, 0],
              [114.902038682, -2.88745994199996, 0],
              [114.901990173, -2.88754112599997, 0],
              [114.901862824, -2.88775725199997, 0],
              [114.901735476, -2.88797337899996, 0],
              [114.901608127, -2.88818950599995, 0],
              [114.901560406, -2.88829017099994, 0],
              [114.901448027, -2.88854405299998, 0],
              [114.901335649, -2.88879793499996, 0],
              [114.901292414, -2.88890168699993, 0],
              [114.901177265, -2.88911852099994, 0],
              [114.901062117, -2.88933535499996, 0],
              [114.900946968, -2.88955218799993, 0],
              [114.900831821, -2.88976902199994, 0],
              [114.900699846, -2.89007576399996, 0],
              [114.900567871, -2.89038250699997, 0],
              [114.900517562, -2.89052854299996, 0],
              [114.900460513, -2.89066469999995, 0],
              [114.900427528, -2.89076101999996, 0],
              [114.900340349, -2.89098518899994, 0],
              [114.900211229, -2.89130987799996, 0],
              [114.900087042, -2.89153490299998, 0],
              [114.900044407, -2.89163335499995, 0],
              [114.899983365, -2.89180580299995, 0],
              [114.899924905, -2.89199299599994, 0],
              [114.899866443, -2.89218018799994, 0],
              [114.899752604, -2.89241849899997, 0],
              [114.899672254, -2.89268109499994, 0],
              [114.899591903, -2.89294369099997, 0],
              [114.899511551, -2.89320628699994, 0],
              [114.899497433, -2.89325496999993, 0],
              [114.899419181, -2.89345075099993, 0],
              [114.899340928, -2.89364652899997, 0],
              [114.899287234, -2.89376626199993, 0],
              [114.8991963, -2.89401903399994, 0],
              [114.899105366, -2.89427180799993, 0],
              [114.899041262, -2.89450404699994, 0],
              [114.898977158, -2.89473628699994, 0],
              [114.898913052, -2.89496852599996, 0],
              [114.898884563, -2.89508334799996, 0],
              [114.898840302, -2.89530380699995, 0],
              [114.898796042, -2.89552426599994, 0],
              [114.898751782, -2.89574472499993, 0],
              [114.898749205, -2.89576189699994, 0],
              [114.8987149, -2.89599046499995, 0],
              [114.898678018, -2.89623620499998, 0],
              [114.898641137, -2.89648194399996, 0],
              [114.898644069, -2.89666831699998, 0],
              [114.898641293, -2.89673645699998, 0],
              [114.89863327, -2.89708766199993, 0],
              [114.898632407, -2.89727772299995, 0],
              [114.898631545, -2.89746778399996, 0],
              [114.898631928, -2.89748307799994, 0],
              [114.898645422, -2.89772317499995, 0],
              [114.898658917, -2.89796327199997, 0],
              [114.898672413, -2.89820336899993, 0],
              [114.898694392, -2.89837112899994, 0],
              [114.898733981, -2.89868454499998, 0],
              [114.898745146, -2.89874828499995, 0],
              [114.898786501, -2.89896480999994, 0],
              [114.898827857, -2.89918133599997, 0],
              [114.898878419, -2.89938379499995, 0],
              [114.898903755, -2.89947225999993, 0],
              [114.899004538, -2.89966233599995, 0],
              [114.89910532, -2.89985240899995, 0],
              [114.89918838, -2.90014715199993, 0],
              [114.899222128, -2.90026933799993, 0],
              [114.899291752, -2.90047794799995, 0],
              [114.899361376, -2.90068655799996, 0],
              [114.899380066, -2.90073783799994, 0],
              [114.899443979, -2.90092628999997, 0],
              [114.899507891, -2.90111474199995, 0],
              [114.899582365, -2.90128008299996, 0],
              [114.899656838, -2.90144542599995, 0],
              [114.899746154, -2.90161345999997, 0],
              [114.899855475, -2.90183405499994, 0],
              [114.899964797, -2.90205464899998, 0],
              [114.900074117, -2.90227524399995, 0],
              [114.900076139, -2.90227832799997, 0],
              [114.902266625, -2.90500610399994, 0],
              [114.902787352, -2.90565455499996, 0],
              [114.903734052, -2.90683346499998, 0],
              [114.904866081, -2.90756996599993, 0],
              [114.904948513, -2.90765251499994, 0],
              [114.905113079, -2.90781731699997, 0],
              [114.905277646, -2.90798211799995, 0],
              [114.905433133, -2.90811049199994, 0],
              [114.90563653, -2.90827432199995, 0],
              [114.905839926, -2.90843815099993, 0],
              [114.906043323, -2.90860198099995, 0],
              [114.906246719, -2.90876580999998, 0],
              [114.906450116, -2.90892963999994, 0],
              [114.906653512, -2.90909346899997, 0],
              [114.906807048, -2.90921183099994, 0],
              [114.906960582, -2.90933019299996, 0],
              [114.907065023, -2.90940106499994, 0],
              [114.907309812, -2.90960422999996, 0],
              [114.907526108, -2.90975196399995, 0],
              [114.907742403, -2.90989969799995, 0],
              [114.907837182, -2.90996579699993, 0],
              [114.908039044, -2.91010129199998, 0],
              [114.908240908, -2.91023678799996, 0],
              [114.90844277, -2.91037228399995, 0],
              [114.908644633, -2.91050777899994, 0],
              [114.908710785, -2.91055279099993, 0],
              [114.908931227, -2.91069991299997, 0],
              [114.909151669, -2.91084703399997, 0],
              [114.90937211, -2.91099415599996, 0],
              [114.909592553, -2.91114127899994, 0],
              [114.909766447, -2.91125937599998, 0],
              [114.909940341, -2.91137747399995, 0],
              [114.910101498, -2.91148167899996, 0],
              [114.910294807, -2.91162365499997, 0],
              [114.910488117, -2.91176563199997, 0],
              [114.910681427, -2.91190760799998, 0],
              [114.910874735, -2.91204958499998, 0],
              [114.911068045, -2.91219156099993, 0],
              [114.911261355, -2.91233353799993, 0],
              [114.911324878, -2.91238708099996, 0],
              [114.911487934, -2.91252169299997, 0],
              [114.911650989, -2.91265630399994, 0],
              [114.911732731, -2.91272341699994, 0],
              [114.911856402, -2.91282495299993, 0],
              [114.912061813, -2.91299360199997, 0],
              [114.91221087, -2.91311377099993, 0],
              [114.912406503, -2.91330254499997, 0],
              [114.912602134, -2.91349131799996, 0],
              [114.912750747, -2.91363564199997, 0],
              [114.912899361, -2.91377996499995, 0],
              [114.913008886, -2.91390708599994, 0],
              [114.913173784, -2.91414570999996, 0],
              [114.913338684, -2.91438433499997, 0],
              [114.913383174, -2.91458022299997, 0],
              [114.913486887, -2.91485707099997, 0],
              [114.913495826, -2.91488093299995, 0],
              [114.913608479, -2.91518164299993, 0],
              [114.913621306, -2.91522055899998, 0],
              [114.913698259, -2.91547032399996, 0],
              [114.913775212, -2.91572008999998, 0],
              [114.913830739, -2.91591300199997, 0],
              [114.913840053, -2.91597940699995, 0],
              [114.913857807, -2.91616264499993, 0],
              [114.913875561, -2.91634588299996, 0],
              [114.913881232, -2.91670226999997, 0],
              [114.913884953, -2.91696662699997, 0],
              [114.913852578, -2.91703140399994, 0],
              [114.913820204, -2.91709618099998, 0],
              [114.91376827, -2.91740417599993, 0],
              [114.913747922, -2.91748893499994, 0],
              [114.913766502, -2.91764703199993, 0],
              [114.913665525, -2.91792764999997, 0],
              [114.91365887, -2.91813077399996, 0],
              [114.913652213, -2.91833389799996, 0],
              [114.913540604, -2.91860679699994, 0],
              [114.913359404, -2.91886012999993, 0],
              [114.913178204, -2.91911346299997, 0],
              [114.913044931, -2.91934270199994, 0],
              [114.912911658, -2.91957193999997, 0],
              [114.912778387, -2.91980117899993, 0],
              [114.912645113, -2.92003041699996, 0],
              [114.912511841, -2.92025965599993, 0],
              [114.912366037, -2.92051724299995, 0],
              [114.912220231, -2.92077482999997, 0],
              [114.912064365, -2.92103282099993, 0],
              [114.911940335, -2.92127214999994, 0],
              [114.911816305, -2.92151147899995, 0],
              [114.911613297, -2.92175101299995, 0],
              [114.911410289, -2.92199054699995, 0],
              [114.911246258, -2.92215432599994, 0],
              [114.911108756, -2.92233802599998, 0],
              [114.910969087, -2.92253992099995, 0],
              [114.910829419, -2.92274181599993, 0],
              [114.910689751, -2.92294371199995, 0],
              [114.910650448, -2.92302480199993, 0],
              [114.910554763, -2.92326544299993, 0],
              [114.91045908, -2.92350608399994, 0],
              [114.910363398, -2.92374672499994, 0],
              [114.910305435, -2.92397073899997, 0],
              [114.910200807, -2.92418562099994, 0],
              [114.910096178, -2.92440050399995, 0],
              [114.90999155, -2.92461538699996, 0],
              [114.909886922, -2.92483026999997, 0],
              [114.909782294, -2.92504515199994, 0],
              [114.909604957, -2.92542572099995, 0],
              [114.909584055, -2.92547057699994, 0],
              [114.909461149, -2.92569070599996, 0],
              [114.909338242, -2.92591083599996, 0],
              [114.909215336, -2.92613096399998, 0],
              [114.909092428, -2.92635109299994, 0],
              [114.908965141, -2.92657380699995, 0],
              [114.908837852, -2.92679652199996, 0],
              [114.908710564, -2.92701923699997, 0],
              [114.908583276, -2.92724195099993, 0],
              [114.908455988, -2.92746466599994, 0],
              [114.9083287, -2.92768737999995, 0],
              [114.908184387, -2.92789058599993, 0],
              [114.908150238, -2.92795524899998, 0],
              [114.908039986, -2.92816157099998, 0],
              [114.907929732, -2.92836789299997, 0],
              [114.907819479, -2.92857421599996, 0],
              [114.907718034, -2.92879116299997, 0],
              [114.907616587, -2.92900811099997, 0],
              [114.90751514, -2.92922505899998, 0],
              [114.907413692, -2.92944200699998, 0],
              [114.907316475, -2.92962915599998, 0],
              [114.907219255, -2.92981630499997, 0],
              [114.907109002, -2.93002262599993, 0],
              [114.906998749, -2.93022894699993, 0],
              [114.906888496, -2.93043526899993, 0],
              [114.90671028, -2.93070783599995, 0],
              [114.906596205, -2.93090839299993, 0],
              [114.906502052, -2.93107392499996, 0],
              [114.906482131, -2.93110894999995, 0],
              [114.906339644, -2.93136664899993, 0],
              [114.90623994, -2.93153442599993, 0],
              [114.906130055, -2.93172241199994, 0],
              [114.906110769, -2.93176063499993, 0],
              [114.906018887, -2.93193517899994, 0],
              [114.905888092, -2.93217523299995, 0],
              [114.905782354, -2.93235602899995, 0],
              [114.905676614, -2.93253682599993, 0],
              [114.905525331, -2.93276470999996, 0],
              [114.90537405, -2.93299259399993, 0],
              [114.905222767, -2.93322047799995, 0],
              [114.905071484, -2.93344836299997, 0],
              [114.904974169, -2.93356170499993, 0],
              [114.904159813, -2.93464271099998, 0],
              [114.887399315, -2.90778409899997, 0],
              [114.862139912, -2.84668610499995, 0],
              [114.873457589, -2.84990108899996, 0],
              [114.881066226, -2.85206245499995, 0],
              [114.883970188, -2.85288737899998, 0]
            ]
          ]
        ]
      }
    },
    {
      "type": "Feature",
      "properties": {
        "kd_propinsi": "63",
        "kd_dati2": "05",
        "kd_kecamatan": "1",
        "kd_kelurahan": "9",
        "nm_kelurahan": "Paul"
      },
      "geometry": {
        "type": "MultiPolygon",
        "coordinates": [
          [
            [
              [115.140041116, -2.90533899499997, 0],
              [115.140051778, -2.90561620699998, 0],
              [115.140204064, -2.90772916899994, 0],
              [115.140842285, -2.90868025999993, 0],
              [115.140818266, -2.90872829999995, 0],
              [115.140421255, -2.91137502999993, 0],
              [115.140378726, -2.91165855599996, 0],
              [115.14052524, -2.91370973499994, 0],
              [115.14058791, -2.91390448499993, 0],
              [115.14052524, -2.91405090799998, 0],
              [115.14052524, -2.91598389399996, 0],
              [115.14052524, -2.91854465699993, 0],
              [115.140477432, -2.91871676499994, 0],
              [115.139957891, -2.92058710999993, 0],
              [115.139792675, -2.92118188699993, 0],
              [115.139784504, -2.92120639899997, 0],
              [115.139148138, -2.92311549799996, 0],
              [115.13847406, -2.92513773199994, 0],
              [115.138319523, -2.92527509899998, 0],
              [115.137828307, -2.92571173599993, 0],
              [115.137405965, -2.92608715099993, 0],
              [115.137155446, -2.92630983499993, 0],
              [115.135479888, -2.92719331099994, 0],
              [115.133687075, -2.92813861199994, 0],
              [115.129673587, -2.92510012999998, 0],
              [115.128272223, -2.92403920199996, 0],
              [115.126530761, -2.92272921199998, 0],
              [115.126020952, -2.92234734999994, 0],
              [115.124811539, -2.92144146399994, 0],
              [115.123154593, -2.92018930199993, 0],
              [115.122817473, -2.91923304899996, 0],
              [115.123193403, -2.91858913099998, 0],
              [115.123583885, -2.91812933299997, 0],
              [115.123783119, -2.91789473299997, 0],
              [115.124566206, -2.91698893199992, 0],
              [115.125523986, -2.91588212499994, 0],
              [115.126753014, -2.91447135599998, 0],
              [115.127948789, -2.91308783199997, 0],
              [115.128272259, -2.91271357299996, 0],
              [115.12849759, -2.91242065699993, 0],
              [115.128498294, -2.91241721499995, 0],
              [115.129598977, -2.91115414299998, 0],
              [115.135553912, -2.90432060399996, 0],
              [115.138294902, -2.90494478999995, 0],
              [115.139323712, -2.90517704199993, 0],
              [115.140041116, -2.90533899499997, 0]
            ]
          ]
        ]
      }
    },
    {
      "type": "Feature",
      "properties": {
        "kd_propinsi": "63",
        "kd_dati2": "05",
        "kd_kecamatan": "11",
        "kd_kelurahan": "113",
        "nm_kelurahan": "Pematang Karangan"
      },
      "geometry": {
        "type": "MultiPolygon",
        "coordinates": [
          [
            [
              [114.914468894, -3.06607444499997, 0],
              [114.913983595, -3.06636357499997, 0],
              [114.911194444, -3.06452777799996, 0],
              [114.903, -3.05983333299997, 0],
              [114.896773912, -3.05603995499996, 0],
              [114.894611111, -3.05472222199995, 0],
              [114.886972222, -3.04908333299994, 0],
              [114.882898771, -3.04641770399996, 0],
              [114.882898969, -3.04624365199993, 0],
              [114.882995586, -3.03513850499996, 0],
              [114.894068267, -3.03212687799993, 0],
              [114.916687578, -3.02597471699994, 0],
              [114.928583221, -3.01974800199997, 0],
              [114.940186693, -3.01367438299997, 0],
              [114.955106491, -3.00586452999994, 0],
              [114.97730427, -2.99426067599995, 0],
              [114.994701868, -2.98516611099996, 0],
              [115.019498495, -2.97221835899995, 0],
              [115.023839145, -2.96995276799993, 0],
              [115.023844791, -2.96994981999995, 0],
              [115.024795443, -2.96945363099997, 0],
              [115.026537698, -2.96854426499994, 0],
              [115.027163417, -2.96821767099993, 0],
              [115.028355735, -2.97045932099996, 0],
              [115.030259303, -2.97302913899995, 0],
              [115.030749057, -2.97379418699995, 0],
              [115.031644944, -2.97519365499994, 0],
              [115.03240875, -2.97625727399998, 0],
              [115.033170178, -2.97739941599997, 0],
              [115.034265778, -2.97879618199994, 0],
              [115.027819683, -2.98201587699998, 0],
              [115.026473219, -2.98268839699995, 0],
              [114.983268447, -3.00426825799997, 0],
              [114.970168969, -3.01275865999997, 0],
              [114.944758408, -3.03719888899997, 0],
              [114.940486254, -3.04128099299993, 0],
              [114.915142015, -3.06549635499994, 0],
              [114.914962129, -3.06566821899997, 0],
              [114.914874569, -3.06575187699997, 0],
              [114.91479942, -3.06582367399994, 0],
              [114.914761691, -3.06586383399997, 0],
              [114.914468894, -3.06607444499997, 0]
            ]
          ],
          [
            [
              [115.095553835, -2.94336923999993, 0],
              [115.099282684, -2.94410737099997, 0],
              [115.099761563, -2.94420216599997, 0],
              [115.100583229, -2.94430729499993, 0],
              [115.100050886, -2.94711897999997, 0],
              [115.099356502, -2.95078648799995, 0],
              [115.098989822, -2.95172116999993, 0],
              [115.0987712, -2.95227844399994, 0],
              [115.09698113, -2.95684135699997, 0],
              [115.096960462, -2.95685831699996, 0],
              [115.095535944, -2.95802715199994, 0],
              [115.095164669, -2.95833178699996, 0],
              [115.094186575, -2.96019482399993, 0],
              [115.08927666, -2.96113452499998, 0],
              [115.088703946, -2.96112859899995, 0],
              [115.088527013, -2.96112676699994, 0],
              [115.087984496, -2.96110535199995, 0],
              [115.087606162, -2.96113390599993, 0],
              [115.086806662, -2.96119815099996, 0],
              [115.086414051, -2.96120528999995, 0],
              [115.086085685, -2.96132664199996, 0],
              [115.085643105, -2.96152651699993, 0],
              [115.085393261, -2.96162645399994, 0],
              [115.084693701, -2.96191912799998, 0],
              [115.084452209, -2.96205785999996, 0],
              [115.0844518, -2.96205976299996, 0],
              [115.075336726, -2.96435767999998, 0],
              [115.075257081, -2.96437775899994, 0],
              [115.070875848, -2.96542785099996, 0],
              [115.06974135, -2.96570001799995, 0],
              [115.06820839, -2.96606777699998, 0],
              [115.067157685, -2.96631984299995, 0],
              [115.065331084, -2.96675804699993, 0],
              [115.062301665, -2.96748480799994, 0],
              [115.062248383, -2.96749759099993, 0],
              [115.061235778, -2.96777684199998, 0],
              [115.061146471, -2.96757222599996, 0],
              [115.061050205, -2.96735166999997, 0],
              [115.060944595, -2.96717348799996, 0],
              [115.060900568, -2.96709920699993, 0],
              [115.060709071, -2.96677611799993, 0],
              [115.06005582, -2.96567397499996, 0],
              [115.058959514, -2.96382432199994, 0],
              [115.058449726, -2.96296422099994, 0],
              [115.057694974, -2.96169082599994, 0],
              [115.057266862, -2.96096852799997, 0],
              [115.054631847, -2.95708524799994, 0],
              [115.054128749, -2.95655246599995, 0],
              [115.054575246, -2.95629680299993, 0],
              [115.054574054, -2.95629497199997, 0],
              [115.064953515, -2.95180093299996, 0],
              [115.065743957, -2.95141826699995, 0],
              [115.067944917, -2.95035274299994, 0],
              [115.070075868, -2.94932111199995, 0],
              [115.07250533, -2.94814496999993, 0],
              [115.076540819, -2.94619131599995, 0],
              [115.076530157, -2.94616952899997, 0],
              [115.076523435, -2.94615578599996, 0],
              [115.080911572, -2.94400150199994, 0],
              [115.080920266, -2.94405228199997, 0],
              [115.080980943, -2.94402345399993, 0],
              [115.08260483, -2.94325192399998, 0],
              [115.086826133, -2.93972931999997, 0],
              [115.086806785, -2.93969694899994, 0],
              [115.089795764, -2.94164628299996, 0],
              [115.090077635, -2.94174683399996, 0],
              [115.091874634, -2.94238786799997, 0],
              [115.093468504, -2.94295644199997, 0],
              [115.095053167, -2.94327013199995, 0],
              [115.095553835, -2.94336923999993, 0]
            ]
          ]
        ]
      }
    },
    {
      "type": "Feature",
      "properties": {
        "kd_propinsi": "63",
        "kd_dati2": "05",
        "kd_kecamatan": "11",
        "kd_kelurahan": "114",
        "nm_kelurahan": "Pematang Karangan Hilir"
      },
      "geometry": {
        "type": "MultiPolygon",
        "coordinates": [
          [
            [
              [115.085870964, -2.91686806399997, 0],
              [115.08558587, -2.91700770899996, 0],
              [115.082828388, -2.91835837199994, 0],
              [115.079595593, -2.92412119299996, 0],
              [115.076891742, -2.92894111099997, 0],
              [115.076066012, -2.93041306199996, 0],
              [115.075620761, -2.93120675299997, 0],
              [115.07027058, -2.93328039099993, 0],
              [115.070262497, -2.93328352699996, 0],
              [115.063425244, -2.93593349599996, 0],
              [115.056042757, -2.93931578899998, 0],
              [115.055191859, -2.93970561599997, 0],
              [115.045507739, -2.94410119099996, 0],
              [115.042425026, -2.93952700099993, 0],
              [115.022744521, -2.94748934199993, 0],
              [115.022712049, -2.94750403399996, 0],
              [115.016479509, -2.95032404399996, 0],
              [115.017578819, -2.95249411399993, 0],
              [115.020206735, -2.95569712299994, 0],
              [115.020022788, -2.95578058699994, 0],
              [115.002965473, -2.95807096599998, 0],
              [114.98879582, -2.95997337799997, 0],
              [114.984209189, -2.95920449999994, 0],
              [114.954320149, -2.97257366999997, 0],
              [114.932283622, -2.98242954099993, 0],
              [114.920325995, -2.98290878599994, 0],
              [114.916802694, -2.98304996899998, 0],
              [114.912497065, -2.97907727599994, 0],
              [114.918571986, -2.97653268699997, 0],
              [114.921581671, -2.97527202599997, 0],
              [114.921587951, -2.97521036699993, 0],
              [114.921764969, -2.97521116199994, 0],
              [114.922603963, -2.97484520099994, 0],
              [114.923127278, -2.97461695399994, 0],
              [114.941451444, -2.96662451799995, 0],
              [114.941626436, -2.96654777999993, 0],
              [114.959062931, -2.95894214699996, 0],
              [114.962799891, -2.95730469399996, 0],
              [114.962794714, -2.95731437899997, 0],
              [114.962794549, -2.95731464399995, 0],
              [114.968897601, -2.95465235699993, 0],
              [114.985278117, -2.94741450299995, 0],
              [114.98906974, -2.94573908599995, 0],
              [114.989069747, -2.94573911099997, 0],
              [114.99074332, -2.94499959899997, 0],
              [114.990828002, -2.94496217999995, 0],
              [115.012801869, -2.93533719199996, 0],
              [115.012814147, -2.93533181399994, 0],
              [115.039820991, -2.92358970799995, 0],
              [115.044896323, -2.92025067899994, 0],
              [115.046644, -2.91910088599997, 0],
              [115.04648633, -2.91642051799994, 0],
              [115.04761244, -2.91679588699998, 0],
              [115.049753954, -2.91755731499995, 0],
              [115.052609309, -2.91836633199995, 0],
              [115.054893588, -2.91908017099996, 0],
              [115.056844749, -2.91946088399993, 0],
              [115.060413938, -2.91974641899998, 0],
              [115.061886621, -2.92022405199998, 0],
              [115.065662095, -2.92072148499995, 0],
              [115.065865728, -2.92074831299993, 0],
              [115.073004956, -2.91597395499997, 0],
              [115.088748566, -2.90933731999996, 0],
              [115.088055883, -2.91050622199998, 0],
              [115.087768957, -2.91099040999995, 0],
              [115.086115867, -2.91362310999995, 0],
              [115.086101483, -2.91381371699993, 0],
              [115.085870964, -2.91686806399997, 0]
            ]
          ]
        ]
      }
    },
    {
      "type": "Feature",
      "properties": {
        "kd_propinsi": "63",
        "kd_dati2": "05",
        "kd_kecamatan": "12",
        "kd_kelurahan": "132",
        "nm_kelurahan": "Perintis Raya"
      },
      "geometry": {
        "type": "MultiPolygon",
        "coordinates": [
          [
            [
              [115.161137801, -2.92428407299997, 0],
              [115.161137844, -2.92428410699995, 0],
              [115.161166802, -2.92430757199998, 0],
              [115.161181109, -2.92431916699997, 0],
              [115.161196971, -2.92433201899996, 0],
              [115.161197059, -2.92433209099994, 0],
              [115.161220677, -2.92435122899997, 0],
              [115.16126141, -2.92438423699997, 0],
              [115.16126294, -2.92438653299996, 0],
              [115.16128734, -2.92442313299995, 0],
              [115.161291206, -2.92442893199996, 0],
              [115.161361989, -2.92453510599995, 0],
              [115.161385141, -2.92456983399995, 0],
              [115.16138633, -2.92462810399996, 0],
              [115.161387379, -2.92467943899993, 0],
              [115.161388251, -2.92472225099994, 0],
              [115.161388572, -2.92473795599994, 0],
              [115.1613899, -2.92480302199994, 0],
              [115.1613899, -2.92483015999994, 0],
              [115.1613899, -2.92483194399995, 0],
              [115.1613899, -2.92493627199997, 0],
              [115.161406003, -2.92498636799996, 0],
              [115.161432731, -2.92506952199994, 0],
              [115.161456526, -2.92523608399995, 0],
              [115.161476568, -2.92526905099993, 0],
              [115.161601673, -2.92547482399993, 0],
              [115.161832786, -2.92560028599996, 0],
              [115.161851515, -2.92561045299993, 0],
              [115.161313666, -2.92593489899997, 0],
              [115.161288042, -2.92595035699998, 0],
              [115.161281312, -2.92595441699996, 0],
              [115.161251125, -2.92597262599998, 0],
              [115.161226905, -2.92598723699996, 0],
              [115.161222821, -2.92598970099994, 0],
              [115.161194473, -2.92600679999993, 0],
              [115.161131846, -2.92604457899995, 0],
              [115.161113007, -2.92605594199995, 0],
              [115.16105001, -2.92609394499993, 0],
              [115.160931558, -2.92616539899996, 0],
              [115.160882346, -2.92619508499996, 0],
              [115.160858772, -2.92620930499993, 0],
              [115.160776279, -2.92625760199996, 0],
              [115.160719797, -2.92629066999996, 0],
              [115.160646222, -2.92633374399998, 0],
              [115.16059216, -2.92636539699993, 0],
              [115.160480097, -2.92643100599997, 0],
              [115.160446963, -2.92645040399998, 0],
              [115.160343438, -2.92651101499996, 0],
              [115.160277919, -2.92654937299994, 0],
              [115.160182901, -2.92660500299996, 0],
              [115.160115662, -2.92664436899997, 0],
              [115.160031613, -2.92669357599993, 0],
              [115.159957086, -2.92673720799996, 0],
              [115.15988113, -2.92678167799994, 0],
              [115.159880048, -2.92678231199994, 0],
              [115.159799891, -2.92682557099994, 0],
              [115.159715332, -2.92687120599993, 0],
              [115.159641204, -2.92691121199994, 0],
              [115.159557159, -2.92695656899997, 0],
              [115.15952232, -2.92697537099997, 0],
              [115.159505981, -2.92698575099996, 0],
              [115.159407242, -2.92704847599993, 0],
              [115.159386135, -2.92706188299997, 0],
              [115.159274739, -2.92713264899993, 0],
              [115.159227661, -2.92716255599993, 0],
              [115.159169393, -2.92719957099996, 0],
              [115.159122181, -2.92722956399996, 0],
              [115.159053746, -2.92727303699996, 0],
              [115.159004808, -2.92730412599997, 0],
              [115.158961041, -2.92733192799994, 0],
              [115.158905622, -2.92736713399995, 0],
              [115.158862251, -2.92739468699995, 0],
              [115.15883744, -2.92741044699994, 0],
              [115.158780608, -2.92745040799997, 0],
              [115.158715184, -2.92749640999995, 0],
              [115.158684885, -2.92751771199994, 0],
              [115.158570512, -2.92759813099997, 0],
              [115.158526134, -2.92762933399996, 0],
              [115.158398344, -2.92771918599993, 0],
              [115.158377845, -2.92773359999995, 0],
              [115.158304524, -2.92778515399994, 0],
              [115.158235236, -2.92782804699993, 0],
              [115.158209338, -2.92784407799996, 0],
              [115.158066592, -2.92793244599994, 0],
              [115.158036988, -2.92795077199997, 0],
              [115.157954799, -2.92800164999994, 0],
              [115.15784935, -2.92806259799994, 0],
              [115.157849257, -2.92806265099995, 0],
              [115.157731566, -2.92813067399993, 0],
              [115.157637363, -2.92818512199995, 0],
              [115.157550729, -2.92823519499996, 0],
              [115.157504667, -2.92826181799995, 0],
              [115.157500988, -2.92826394399998, 0],
              [115.157306853, -2.92835823799993, 0],
              [115.157295828, -2.92836359399996, 0],
              [115.15728611, -2.92836831299996, 0],
              [115.157070213, -2.92847317699994, 0],
              [115.157014187, -2.92850038999995, 0],
              [115.15699097, -2.92851166699995, 0],
              [115.156832554, -2.92858471499994, 0],
              [115.156794091, -2.92860244999997, 0],
              [115.156649211, -2.92866925699997, 0],
              [115.156559357, -2.92871068899996, 0],
              [115.156421376, -2.92877431299996, 0],
              [115.156367675, -2.92879907599996, 0],
              [115.15624156, -2.92885722899996, 0],
              [115.156228342, -2.92886313699995, 0],
              [115.156159972, -2.92889370299997, 0],
              [115.156062078, -2.92893746799996, 0],
              [115.156024803, -2.92895413199994, 0],
              [115.155800635, -2.92905434799997, 0],
              [115.155758888, -2.92907301099996, 0],
              [115.155533781, -2.92917364799996, 0],
              [115.155529377, -2.92917532099995, 0],
              [115.155484294, -2.92919244599995, 0],
              [115.155320875, -2.92925451899993, 0],
              [115.155295771, -2.92926405399993, 0],
              [115.155225454, -2.92929076499996, 0],
              [115.155090961, -2.92934185099995, 0],
              [115.15503978, -2.92936129199995, 0],
              [115.155001859, -2.92937569599997, 0],
              [115.154728162, -2.92947965799993, 0],
              [115.154516916, -2.92961077599995, 0],
              [115.154517631, -2.92961454499994, 0],
              [115.154537542, -2.92971962699994, 0],
              [115.154570412, -2.92989310099995, 0],
              [115.154583685, -2.92996314899995, 0],
              [115.154589251, -2.92999252799996, 0],
              [115.154443714, -2.93005469699995, 0],
              [115.154395104, -2.93007546199993, 0],
              [115.154390392, -2.93007747499996, 0],
              [115.15417582, -2.93010852599997, 0],
              [115.152887937, -2.93015016699997, 0],
              [115.152664862, -2.93016801299996, 0],
              [115.152502255, -2.93018988599994, 0],
              [115.152487805, -2.93029438199994, 0],
              [115.152482906, -2.93032979899994, 0],
              [115.152482012, -2.93033625899994, 0],
              [115.152474079, -2.93037841199993, 0],
              [115.152434614, -2.93058810799994, 0],
              [115.15242587, -2.93063457199997, 0],
              [115.15237965, -2.93083757699998, 0],
              [115.152377919, -2.93084517899996, 0],
              [115.152372755, -2.93086759599993, 0],
              [115.152371378, -2.93087358299994, 0],
              [115.152332093, -2.93103470699998, 0],
              [115.152331083, -2.93103885299996, 0],
              [115.152316909, -2.93105160999994, 0],
              [115.152279041, -2.93108568999998, 0],
              [115.151857353, -2.93118678099995, 0],
              [115.151891924, -2.93129681099993, 0],
              [115.151907395, -2.93134605199998, 0],
              [115.15196729, -2.93153668499997, 0],
              [115.152031466, -2.93174094599993, 0],
              [115.152069687, -2.93191891999993, 0],
              [115.152134078, -2.93221875199993, 0],
              [115.152168675, -2.93237985199994, 0],
              [115.152039047, -2.93235413099995, 0],
              [115.151540247, -2.93225515699993, 0],
              [115.151300623, -2.93226949299998, 0],
              [115.151007885, -2.93231828299997, 0],
              [115.150739541, -2.93244838899994, 0],
              [115.150542875, -2.93269320699994, 0],
              [115.150513321, -2.93245547899994, 0],
              [115.150450859, -2.93218332799995, 0],
              [115.150337834, -2.93193348399996, 0],
              [115.150278706, -2.931769, 0],
              [115.150174247, -2.93147841199993, 0],
              [115.150123683, -2.93130292699993, 0],
              [115.150087992, -2.93111851899994, 0],
              [115.150060627, -2.93094303399994, 0],
              [115.150117735, -2.93080026699994, 0],
              [115.150140915, -2.93077322299996, 0],
              [115.150203395, -2.93070032899993, 0],
              [115.150284297, -2.93061466799998, 0],
              [115.150374717, -2.93050997099994, 0],
              [115.150431823, -2.93043858799996, 0],
              [115.150443896, -2.93039395699998, 0],
              [115.150488783, -2.93022800599994, 0],
              [115.150488782, -2.93012985299993, 0],
              [115.150470936, -2.93004359699995, 0],
              [115.150435244, -2.92996031699994, 0],
              [115.150363861, -2.92982349799996, 0],
              [115.150256785, -2.92964503799993, 0],
              [115.150042633, -2.92938924599997, 0],
              [115.149948827, -2.92928605999992, 0],
              [115.14992366, -2.92925837599995, 0],
              [115.149679765, -2.92909181299996, 0],
              [115.149632177, -2.92900853199996, 0],
              [115.149599458, -2.92888360999996, 0],
              [115.149608381, -2.92877355999997, 0],
              [115.149694636, -2.92856833199994, 0],
              [115.149739252, -2.92848505099994, 0],
              [115.149795763, -2.92842258999997, 0],
              [115.149855251, -2.92838689799993, 0],
              [115.149932583, -2.92834823199996, 0],
              [115.149998018, -2.92831848899994, 0],
              [115.150108068, -2.92827387399996, 0],
              [115.150188376, -2.92826792499994, 0],
              [115.150334116, -2.92823223299996, 0],
              [115.150467366, -2.92824115599996, 0],
              [115.150536371, -2.92824591399995, 0],
              [115.150661184, -2.92824358699994, 0],
              [115.150733868, -2.92816977199993, 0],
              [115.150786215, -2.92813170099993, 0],
              [115.150852839, -2.92807935299993, 0],
              [115.150917086, -2.92800082999997, 0],
              [115.15098371, -2.92790327299997, 0],
              [115.151047084, -2.92780674599993, 0],
              [115.15110062, -2.92773536199996, 0],
              [115.151163082, -2.92766100299997, 0],
              [115.151186876, -2.92748849299994, 0],
              [115.151210671, -2.92729813599993, 0],
              [115.151249337, -2.92719700899994, 0],
              [115.151348274, -2.92711246299996, 0],
              [115.151412925, -2.92705721599998, 0],
              [115.151531897, -2.92692039699995, 0],
              [115.151725229, -2.92675383399995, 0],
              [115.151954252, -2.92664378399996, 0],
              [115.152224916, -2.92658132299994, 0],
              [115.15243312, -2.92645045299997, 0],
              [115.152628964, -2.92627375699993, 0],
              [115.152769219, -2.92617086599995, 0],
              [115.152879267, -2.92608461199995, 0],
              [115.153075811, -2.92591293299995, 0],
              [115.153213819, -2.92573685199994, 0],
              [115.153313757, -2.92562263899993, 0],
              [115.153353374, -2.92558054599994, 0],
              [115.153369441, -2.92556347499993, 0],
              [115.1533899, -2.92554173699995, 0],
              [115.153447007, -2.92546559399995, 0],
              [115.153507062, -2.92538951099994, 0],
              [115.153542186, -2.92532234999993, 0],
              [115.153580257, -2.92522764799998, 0],
              [115.153585015, -2.92501349599996, 0],
              [115.153601076, -2.92494256199996, 0],
              [115.153620454, -2.92485697799998, 0],
              [115.153635611, -2.92479003699998, 0],
              [115.154637124, -2.92498739099995, 0],
              [115.156850024, -2.92540974599996, 0],
              [115.158432366, -2.92471970299994, 0],
              [115.160347831, -2.92370248299994, 0],
              [115.160685576, -2.92345926499996, 0],
              [115.160674125, -2.92361343999994, 0],
              [115.160664617, -2.92371814499995, 0],
              [115.160689959, -2.92388332099995, 0],
              [115.160830132, -2.92404456899993, 0],
              [115.160985392, -2.92416056799993, 0],
              [115.161137801, -2.92428407299997, 0]
            ]
          ]
        ]
      }
    },
    {
      "type": "Feature",
      "properties": {
        "kd_propinsi": "63",
        "kd_dati2": "05",
        "kd_kecamatan": "2",
        "kd_kelurahan": "19",
        "nm_kelurahan": "Pualam Sari"
      },
      "geometry": {
        "type": "MultiPolygon",
        "coordinates": [
          [
            [
              [115.121380054, -3.15533681699998, 0],
              [115.121190604, -3.15572924999998, 0],
              [115.121156313, -3.15593360199995, 0],
              [115.121096581, -3.15613790799995, 0],
              [115.12101139, -3.15635068499995, 0],
              [115.120976047, -3.15654392499994, 0],
              [115.119327424, -3.15539739199994, 0],
              [115.11929982, -3.15538993899997, 0],
              [115.118980017, -3.15530359199994, 0],
              [115.118877831, -3.15526735899994, 0],
              [115.118298219, -3.15492618999997, 0],
              [115.117805585, -3.15463900799995, 0],
              [115.11607327, -3.15327645099995, 0],
              [115.11588724, -3.15302928999995, 0],
              [115.115690007, -3.15276583199994, 0],
              [115.115574229, -3.15261043699996, 0],
              [115.115506228, -3.15251356699997, 0],
              [115.114224547, -3.15194572299993, 0],
              [115.114172971, -3.15192175399994, 0],
              [115.114100008, -3.15188778799995, 0],
              [115.114046544, -3.15186325699995, 0],
              [115.114017358, -3.15184967199997, 0],
              [115.113965528, -3.15182551799995, 0],
              [115.113922632, -3.15180601799995, 0],
              [115.113863757, -3.15177834199994, 0],
              [115.113797965, -3.15174802499996, 0],
              [115.113760727, -3.15173066499995, 0],
              [115.113723616, -3.15168399299995, 0],
              [115.113665874, -3.15161190999993, 0],
              [115.113609642, -3.15154183999994, 0],
              [115.113550391, -3.15146724099998, 0],
              [115.113492649, -3.15139490599995, 0],
              [115.113434152, -3.15132257199997, 0],
              [115.113380185, -3.15125501699993, 0],
              [115.113329236, -3.15119123699998, 0],
              [115.113309862, -3.15116733499997, 0],
              [115.113271494, -3.15111890299994, 0],
              [115.113249857, -3.15109172999996, 0],
              [115.113215262, -3.15104883199996, 0],
              [115.113190605, -3.15101738199996, 0],
              [115.113167583, -3.15098907799995, 0],
              [115.113122674, -3.15093284499994, 0],
              [115.11307877, -3.15087837399994, 0],
              [115.113038263, -3.15082729999995, 0],
              [115.113001529, -3.15078125699995, 0],
              [115.112970819, -3.15073912399993, 0],
              [115.112953081, -3.15071467899998, 0],
              [115.112948339, -3.15070814399996, 0],
              [115.112888168, -3.15067806499997, 0],
              [115.110915108, -3.14994341499994, 0],
              [115.1097738, -3.15005515199994, 0],
              [115.10791354, -3.15023727499994, 0],
              [115.107566573, -3.15012988099994, 0],
              [115.107031959, -3.14996440499994, 0],
              [115.106834694, -3.15014373699995, 0],
              [115.106570179, -3.15038420499997, 0],
              [115.104801771, -3.15073019799996, 0],
              [115.1046391, -3.15076202499995, 0],
              [115.10367356, -3.15284003599993, 0],
              [115.1019104, -3.15336478499995, 0],
              [115.101769196, -3.15352665399996, 0],
              [115.100225156, -3.15529665299994, 0],
              [115.099781853, -3.15580483099996, 0],
              [115.098637965, -3.15711611399996, 0],
              [115.098468041, -3.15731090399993, 0],
              [115.095466471, -3.15804555399996, 0],
              [115.094458951, -3.15752080399994, 0],
              [115.094992299, -3.15631467699996, 0],
              [115.095135067, -3.15602319299995, 0],
              [115.095194553, -3.15448249199994, 0],
              [115.095129118, -3.15430403199997, 0],
              [115.095004197, -3.15426239099998, 0],
              [115.09442779, -3.15425646199998, 0],
              [115.09423682, -3.15426833999993, 0],
              [115.094153539, -3.15417910999997, 0],
              [115.094029569, -3.15391951099997, 0],
              [115.094136645, -3.15367680599996, 0],
              [115.094426511, -3.15350550199997, 0],
              [115.094950421, -3.15310573499994, 0],
              [115.095221679, -3.15289158399997, 0],
              [115.095321617, -3.15232051299995, 0],
              [115.095285925, -3.15175658099997, 0],
              [115.09512888, -3.15152815299996, 0],
              [115.095021806, -3.15127830899996, 0],
              [115.095086051, -3.15103560399996, 0],
              [115.095200265, -3.15082145299994, 0],
              [115.095414417, -3.15084286799993, 0],
              [115.095742782, -3.15082145299994, 0],
              [115.096770708, -3.15035031999997, 0],
              [115.097291811, -3.15008619899993, 0],
              [115.097434578, -3.14996484699998, 0],
              [115.097363194, -3.14980780199994, 0],
              [115.09694203, -3.14967931199993, 0],
              [115.096735016, -3.14942946799994, 0],
              [115.096570834, -3.14897261199997, 0],
              [115.09676357, -3.14894405799993, 0],
              [115.096977722, -3.14909396399997, 0],
              [115.09724898, -3.14909396399997, 0],
              [115.097199011, -3.14875132199995, 0],
              [115.09707766, -3.14830160399993, 0],
              [115.097091936, -3.14806603799997, 0],
              [115.097256118, -3.14811600699994, 0],
              [115.097532136, -3.14831112099995, 0],
              [115.097770083, -3.14837060799994, 0],
              [115.098198386, -3.14829922499996, 0],
              [115.098555304, -3.14825163499995, 0],
              [115.098876531, -3.14823973799997, 0],
              [115.099126375, -3.14804938099996, 0],
              [115.099173964, -3.14756159099994, 0],
              [115.099173964, -3.14740692599997, 0],
              [115.097177172, -3.14607203199995, 0],
              [115.100984361, -3.14360735099996, 0],
              [115.104662113, -3.14266042399993, 0],
              [115.106592847, -3.14287963099997, 0],
              [115.108525916, -3.14180471599997, 0],
              [115.109222517, -3.14118068999994, 0],
              [115.109836419, -3.14070955699998, 0],
              [115.110521703, -3.14028125399995, 0],
              [115.11153808, -3.13988916899996, 0],
              [115.113002023, -3.13963794499995, 0],
              [115.116017465, -3.13912047299993, 0],
              [115.117259543, -3.14101928299994, 0],
              [115.11731665, -3.14131909499997, 0],
              [115.116445768, -3.14200437999995, 0],
              [115.116374384, -3.14223280799996, 0],
              [115.116545706, -3.14271821799997, 0],
              [115.116816964, -3.14321790499997, 0],
              [115.116859794, -3.14363193099996, 0],
              [115.116845517, -3.14397457399997, 0],
              [115.116759857, -3.14426010899996, 0],
              [115.116517151, -3.14455992099994, 0],
              [115.116488599, -3.14505960799994, 0],
              [115.116902624, -3.14558784799993, 0],
              [115.117502248, -3.14648728399993, 0],
              [115.11723099, -3.14688703399997, 0],
              [115.117031116, -3.14725822999998, 0],
              [115.117088223, -3.14767225599996, 0],
              [115.117259543, -3.14805772899996, 0],
              [115.117288097, -3.14840037099998, 0],
              [115.117302374, -3.14884295099995, 0],
              [115.117159606, -3.14919986999996, 0],
              [115.117073945, -3.14994226299996, 0],
              [115.117516526, -3.15074176099995, 0],
              [115.117659293, -3.15154125999993, 0],
              [115.117973381, -3.15208377699997, 0],
              [115.119515273, -3.15316881099994, 0],
              [115.119843638, -3.15379698899994, 0],
              [115.119731495, -3.15441866799995, 0],
              [115.119946591, -3.15460632099996, 0],
              [115.120332793, -3.15494158199994, 0],
              [115.120467578, -3.15502320599995, 0],
              [115.120705803, -3.15510953899997, 0],
              [115.121006987, -3.15520050799995, 0],
              [115.121380054, -3.15533681699998, 0]
            ]
          ]
        ]
      }
    },
    {
      "type": "Feature",
      "properties": {
        "kd_propinsi": "63",
        "kd_dati2": "05",
        "kd_kecamatan": "8",
        "kd_kelurahan": "85",
        "nm_kelurahan": "Pipitak Jaya"
      },
      "geometry": {
        "type": "MultiPolygon",
        "coordinates": [
          [
            [
              [115.39052727, -2.98469133099997, 0],
              [115.3875, -2.97902777799993, 0],
              [115.378230366, -2.97757854299994, 0],
              [115.378083333, -2.97755555599997, 0],
              [115.377885926, -2.97760580199997, 0],
              [115.37107756, -2.97933873199997, 0],
              [115.370199198, -2.97956230099993, 0],
              [115.369958143, -2.97962417799994, 0],
              [115.366361284, -2.98054746399993, 0],
              [115.363083333, -2.98138888899996, 0],
              [115.359486888, -2.98313540899994, 0],
              [115.35781683, -2.98394642999995, 0],
              [115.353611111, -2.98336111099997, 0],
              [115.350013966, -2.98163768899997, 0],
              [115.352117438, -2.97551549999997, 0],
              [115.35198485, -2.97535672599997, 0],
              [115.350197265, -2.97321609499994, 0],
              [115.34907652, -2.97187400499996, 0],
              [115.345651127, -2.97072035299993, 0],
              [115.345055556, -2.96530555599998, 0],
              [115.339605174, -2.96496875299994, 0],
              [115.331604393, -2.96782789499997, 0],
              [115.324762226, -2.96862769699993, 0],
              [115.322527778, -2.96888888899997, 0],
              [115.322147855, -2.96906647799995, 0],
              [115.322029979, -2.96888785399995, 0],
              [115.321939084, -2.96874761599997, 0],
              [115.321851636, -2.96852000999996, 0],
              [115.317476321, -2.95713216599995, 0],
              [115.317847517, -2.95654681699995, 0],
              [115.317709212, -2.95613839199996, 0],
              [115.31774758, -2.95560455099997, 0],
              [115.317690472, -2.95527618499995, 0],
              [115.317990285, -2.95460517699996, 0],
              [115.318204436, -2.95394844599997, 0],
              [115.317904624, -2.95344875899997, 0],
              [115.317062296, -2.95220667999996, 0],
              [115.31681959, -2.95146428799995, 0],
              [115.316962358, -2.95113592299992, 0],
              [115.317847517, -2.95066478999996, 0],
              [115.319534555, -2.95043636099996, 0],
              [115.320363472, -2.95035385899996, 0],
              [115.321354843, -2.94991287999994, 0],
              [115.322104374, -2.94860417599995, 0],
              [115.322592162, -2.94721219199994, 0],
              [115.322758725, -2.94643886699993, 0],
              [115.322532677, -2.94561795299995, 0],
              [115.321997298, -2.94461857899995, 0],
              [115.321866427, -2.94375007599996, 0],
              [115.321818837, -2.94189409599994, 0],
              [115.321914017, -2.94043072799997, 0],
              [115.3219854, -2.93990724599996, 0],
              [115.321699865, -2.93939566199992, 0],
              [115.321176384, -2.93901494799997, 0],
              [115.321093102, -2.93871751599994, 0],
              [115.321152589, -2.93840818599995, 0],
              [115.321580892, -2.93808695899998, 0],
              [115.321949708, -2.93784901299995, 0],
              [115.322032989, -2.93761106599993, 0],
              [115.32209168, -2.93593093199996, 0],
              [115.322290664, -2.93432892299995, 0],
              [115.323261484, -2.93415760099992, 0],
              [115.324536875, -2.93360556699997, 0],
              [115.324841446, -2.93257763899993, 0],
              [115.32495566, -2.93172103299997, 0],
              [115.326136877, -2.93060039099993, 0],
              [115.326151446, -2.930653, 0],
              [115.326151593, -2.93065353199995, 0],
              [115.326162349, -2.93068578299994, 0],
              [115.326177, -2.930712, 0],
              [115.326302, -2.930805, 0],
              [115.326345, -2.930869, 0],
              [115.326398, -2.931013, 0],
              [115.326552, -2.931169, 0],
              [115.326642, -2.931245, 0],
              [115.326677, -2.931281, 0],
              [115.326709, -2.931275, 0],
              [115.326775, -2.931338, 0],
              [115.326825, -2.931396, 0],
              [115.326841, -2.931416, 0],
              [115.32693, -2.931522, 0],
              [115.32698, -2.931603, 0],
              [115.326985, -2.931617, 0],
              [115.327023, -2.931695, 0],
              [115.327088, -2.931818, 0],
              [115.327096, -2.931836, 0],
              [115.327138, -2.93196, 0],
              [115.327148, -2.932005, 0],
              [115.327183, -2.932157, 0],
              [115.327204, -2.932262, 0],
              [115.327252, -2.932487, 0],
              [115.327323, -2.932649, 0],
              [115.327424, -2.932856, 0],
              [115.327461965, -2.93293841199994, 0],
              [115.327469, -2.932952, 0],
              [115.327470301, -2.93296397099994, 0],
              [115.32747041, -2.93296497199998, 0],
              [115.327470427, -2.93296513099995, 0],
              [115.327470497, -2.93296576799997, 0],
              [115.327470667, -2.93296733299997, 0],
              [115.32747073, -2.93296792999996, 0],
              [115.327474, -2.932998, 0],
              [115.327505, -2.933013, 0],
              [115.327627, -2.933197, 0],
              [115.327655, -2.933237, 0],
              [115.327864, -2.933458, 0],
              [115.32812, -2.933617, 0],
              [115.328221, -2.933673, 0],
              [115.328411, -2.933887, 0],
              [115.328424, -2.93391, 0],
              [115.32844203, -2.93393275199998, 0],
              [115.328621, -2.933963, 0],
              [115.328656571, -2.93396712799995, 0],
              [115.329190415, -2.93337037999993, 0],
              [115.331280915, -2.93255058099993, 0],
              [115.333096449, -2.93272512199997, 0],
              [115.334691027, -2.93367704899993, 0],
              [115.336255079, -2.93550612499996, 0],
              [115.338292212, -2.93656723199996, 0],
              [115.342602838, -2.93719765199995, 0],
              [115.344434063, -2.93722750999996, 0],
              [115.346623534, -2.93658869299998, 0],
              [115.348591985, -2.93658257499993, 0],
              [115.351033431, -2.93605264199994, 0],
              [115.351311329, -2.93592644699993, 0],
              [115.35302488, -2.93512412899997, 0],
              [115.355099863, -2.93415956099994, 0],
              [115.356755655, -2.93267889799995, 0],
              [115.358312113, -2.93184920399995, 0],
              [115.360150704, -2.93010654299997, 0],
              [115.361874854, -2.92858074899993, 0],
              [115.363182815, -2.92755396999996, 0],
              [115.364347008, -2.92664004999995, 0],
              [115.36490748, -2.92632115299995, 0],
              [115.369229828, -2.92386182699994, 0],
              [115.369648161, -2.92375082599995, 0],
              [115.369785392, -2.92414978599993, 0],
              [115.370786182, -2.92886167799998, 0],
              [115.371119306, -2.93055704299997, 0],
              [115.372457753, -2.93507801899995, 0],
              [115.372755187, -2.93629749299993, 0],
              [115.374688498, -2.94061026599997, 0],
              [115.374793194, -2.94134885099993, 0],
              [115.374621874, -2.94200558199998, 0],
              [115.373865205, -2.94250526899998, 0],
              [115.373422626, -2.94290501799998, 0],
              [115.373351241, -2.94363313299994, 0],
              [115.373222751, -2.94478955099993, 0],
              [115.373708161, -2.94584603199996, 0],
              [115.37427923, -2.94673119099997, 0],
              [115.375578417, -2.94958654499993, 0],
              [115.377320182, -2.95195648799995, 0],
              [115.377608097, -2.95315008499995, 0],
              [115.377465329, -2.95398289599996, 0],
              [115.377608097, -2.95460155599994, 0],
              [115.378083989, -2.95526780499995, 0],
              [115.378583676, -2.95574369699995, 0],
              [115.378723589, -2.95629335299998, 0],
              [115.378994847, -2.95665027199993, 0],
              [115.38003705, -2.95743549399998, 0],
              [115.381550387, -2.95927719699995, 0],
              [115.381479004, -2.96084764099993, 0],
              [115.381122084, -2.96260844199998, 0],
              [115.381193469, -2.96377437799993, 0],
              [115.381145879, -2.96691526699993, 0],
              [115.381574182, -2.96758151599994, 0],
              [115.382716323, -2.96972303099994, 0],
              [115.387165915, -2.97517199699996, 0],
              [115.388093906, -2.97638552199993, 0],
              [115.388355646, -2.97705177099994, 0],
              [115.388198552, -2.97755084999994, 0],
              [115.388145227, -2.97772025499995, 0],
              [115.38808196, -2.97792124699993, 0],
              [115.387833222, -2.97862700499996, 0],
              [115.388800023, -2.97914037699997, 0],
              [115.388922776, -2.97934224199997, 0],
              [115.389700011, -2.98062039499996, 0],
              [115.390250003, -2.98217040599997, 0],
              [115.390368092, -2.98330070899993, 0],
              [115.390459998, -2.98418040999997, 0],
              [115.39052727, -2.98469133099997, 0]
            ]
          ]
        ]
      }
    },
    {
      "type": "Feature",
      "properties": {
        "kd_propinsi": "63",
        "kd_dati2": "05",
        "kd_kecamatan": "11",
        "kd_kelurahan": "117",
        "nm_kelurahan": "Serawi"
      },
      "geometry": {
        "type": "MultiPolygon",
        "coordinates": [
          [
            [
              [115.115849069, -2.93451671299994, 0],
              [115.114907776, -2.93436181699997, 0],
              [115.114657446, -2.93669824899996, 0],
              [115.114567644, -2.93753639499994, 0],
              [115.114470129, -2.93844653499997, 0],
              [115.114358537, -2.93948804099995, 0],
              [115.11439879, -2.93956099799993, 0],
              [115.114656843, -2.94002871999993, 0],
              [115.116989344, -2.94066882799996, 0],
              [115.120062836, -2.94151228399994, 0],
              [115.12065444, -2.94167463699995, 0],
              [115.123624661, -2.94248974199996, 0],
              [115.123297812, -2.94378002199994, 0],
              [115.123166386, -2.94400496299994, 0],
              [115.122671326, -2.94485227799993, 0],
              [115.122429161, -2.94506104099997, 0],
              [115.121972553, -2.94545466799997, 0],
              [115.121261733, -2.94588838899995, 0],
              [115.120522198, -2.94625971599993, 0],
              [115.120293868, -2.94637436399995, 0],
              [115.119834066, -2.94660523399995, 0],
              [115.119365988, -2.94670531499997, 0],
              [115.119053553, -2.94759114399994, 0],
              [115.118601456, -2.94792426799995, 0],
              [115.118422996, -2.94823359899993, 0],
              [115.11805418, -2.94881656599995, 0],
              [115.116900141, -2.94835257199998, 0],
              [115.116293379, -2.94825739299995, 0],
              [115.116126817, -2.94801944699998, 0],
              [115.115734206, -2.94788857599997, 0],
              [115.115567644, -2.94804324099994, 0],
              [115.114937087, -2.94790047499993, 0],
              [115.114627757, -2.94788857599997, 0],
              [115.114377913, -2.94797185799996, 0],
              [115.113756257, -2.94774192099993, 0],
              [115.113229474, -2.94779892299994, 0],
              [115.112069252, -2.94792446899993, 0],
              [115.111800473, -2.94792691199996, 0],
              [115.109418734, -2.94794856499993, 0],
              [115.108033235, -2.94780399099994, 0],
              [115.107712745, -2.94764558799994, 0],
              [115.107332329, -2.94709502599994, 0],
              [115.106846919, -2.94635263499993, 0],
              [115.106547107, -2.94583867099993, 0],
              [115.106357408, -2.94545600899994, 0],
              [115.106140533, -2.94501833099997, 0],
              [115.106462703, -2.94407329799998, 0],
              [115.106780018, -2.94335934199995, 0],
              [115.106978176, -2.94291348599995, 0],
              [115.107643994, -2.94196845299996, 0],
              [115.107938289, -2.94092207299997, 0],
              [115.108030599, -2.94059385999998, 0],
              [115.108309813, -2.93975621699997, 0],
              [115.108322486, -2.93966480099994, 0],
              [115.108332886, -2.93958976399995, 0],
              [115.108528012, -2.93818206599997, 0],
              [115.108602297, -2.93764615599997, 0],
              [115.108780926, -2.93686670099993, 0],
              [115.108609227, -2.93664326399994, 0],
              [115.108228514, -2.93638628199994, 0],
              [115.107724068, -2.93588183599997, 0],
              [115.107362389, -2.93564388999994, 0],
              [115.107552746, -2.93552967499994, 0],
              [115.10744805, -2.93533931899998, 0],
              [115.107419496, -2.93521558699996, 0],
              [115.107552746, -2.93502522999995, 0],
              [115.10771455, -2.93476824899994, 0],
              [115.107933461, -2.93462547999997, 0],
              [115.10824755, -2.93451126699995, 0],
              [115.108885245, -2.93428283899993, 0],
              [115.109332583, -2.93433994599997, 0],
              [115.109437279, -2.93441608799998, 0],
              [115.10965619, -2.93455885599997, 0],
              [115.109798958, -2.93462548099996, 0],
              [115.109827511, -2.93455885599997, 0],
              [115.109770404, -2.93440657099995, 0],
              [115.109808475, -2.93433994499998, 0],
              [115.110008349, -2.93435898099995, 0],
              [115.110012892, -2.93436032699998, 0],
              [115.110314507, -2.93444967999994, 0],
              [115.110636528, -2.93448271299997, 0],
              [115.110922063, -2.93453030199993, 0],
              [115.111024869, -2.93401161399993, 0],
              [115.11103901, -2.93389475899994, 0],
              [115.111165959, -2.93323656899997, 0],
              [115.111619246, -2.93330249999997, 0],
              [115.111704906, -2.93298841199993, 0],
              [115.113075476, -2.93332153599994, 0],
              [115.113760761, -2.93308358999997, 0],
              [115.114008224, -2.93252203699996, 0],
              [115.114093885, -2.93245541199997, 0],
              [115.114350866, -2.93245541299996, 0],
              [115.11459833, -2.93251251899994, 0],
              [115.114874348, -2.93262673299995, 0],
              [115.115102777, -2.93274094699996, 0],
              [115.115369276, -2.93280757399998, 0],
              [115.115531078, -2.93289323299996, 0],
              [115.115635775, -2.93299792899995, 0],
              [115.115721437, -2.93306455399994, 0],
              [115.1159689, -2.93307407199995, 0],
              [115.116197328, -2.93310262599994, 0],
              [115.116302025, -2.93331201899997, 0],
              [115.116368649, -2.93345478599997, 0],
              [115.116435274, -2.93363562499997, 0],
              [115.116444793, -2.93378790999998, 0],
              [115.116425756, -2.93395923199995, 0],
              [115.116263954, -2.93413055199994, 0],
              [115.116121185, -2.93427332099998, 0],
              [115.115849069, -2.93451671299994, 0]
            ]
          ]
        ]
      }
    },
    {
      "type": "Feature",
      "properties": {
        "kd_propinsi": "63",
        "kd_dati2": "05",
        "kd_kecamatan": "9",
        "kd_kelurahan": "89",
        "nm_kelurahan": "Salam Babaris"
      },
      "geometry": {
        "type": "MultiPolygon",
        "coordinates": [
          [
            [
              [115.20104395, -3.01825077899997, 0],
              [115.200906062, -3.01981352199994, 0],
              [115.200849693, -3.02045235299994, 0],
              [115.201108702, -3.02148838799997, 0],
              [115.201879418, -3.02181869399993, 0],
              [115.202921763, -3.02226541499994, 0],
              [115.204357309, -3.02243105399998, 0],
              [115.204605319, -3.02245966999993, 0],
              [115.207083738, -3.02119023699993, 0],
              [115.207260159, -3.02109987499995, 0],
              [115.208086028, -3.02068693999996, 0],
              [115.208425697, -3.02051710499995, 0],
              [115.208814211, -3.02051710499995, 0],
              [115.210109253, -3.02155313999998, 0],
              [115.210634169, -3.02222386699998, 0],
              [115.210651466, -3.02224596799994, 0],
              [115.211274792, -3.02304243999993, 0],
              [115.211639746, -3.02407094699993, 0],
              [115.212343203, -3.02605341499998, 0],
              [115.213249733, -3.02741321099995, 0],
              [115.213710692, -3.02931466099994, 0],
              [115.213767751, -3.02955003299996, 0],
              [115.214244791, -3.03094140099995, 0],
              [115.214544777, -3.03181635899995, 0],
              [115.215434958, -3.03364908699996, 0],
              [115.215645563, -3.03408268399994, 0],
              [115.216746351, -3.03524822299994, 0],
              [115.217020984, -3.03567543099996, 0],
              [115.217911889, -3.03706128399995, 0],
              [115.218061306, -3.03715183999998, 0],
              [115.218899909, -3.03766008399998, 0],
              [115.21995167, -3.03829751399996, 0],
              [115.219951858, -3.03829762199996, 0],
              [115.219877177, -3.03839991799993, 0],
              [115.219899414, -3.03840699099993, 0],
              [115.219910025, -3.03841036599994, 0],
              [115.220898075, -3.03901654099997, 0],
              [115.221066704, -3.03911999699994, 0],
              [115.221959598, -3.03966779299998, 0],
              [115.221962562, -3.03966961099997, 0],
              [115.222630091, -3.04007915299997, 0],
              [115.225472772, -3.04182314799994, 0],
              [115.226584896, -3.04250544299993, 0],
              [115.22737978, -3.04299310999994, 0],
              [115.228350315, -3.04358853799994, 0],
              [115.229351559, -3.04420281799997, 0],
              [115.229361748, -3.04420906899998, 0],
              [115.230129307, -3.04467998099995, 0],
              [115.232495221, -3.04613149899996, 0],
              [115.233707814, -3.04687543999995, 0],
              [115.218861111, -3.04705555599998, 0],
              [115.216333333, -3.04730555599997, 0],
              [115.211472222, -3.05355555599994, 0],
              [115.210411801, -3.05475969699995, 0],
              [115.203888889, -3.06216666699993, 0],
              [115.203737655, -3.06501490999995, 0],
              [115.203615616, -3.06492338099997, 0],
              [115.203211109, -3.06472112699993, 0],
              [115.202811359, -3.06440902099996, 0],
              [115.202639258, -3.06410178899995, 0],
              [115.202454441, -3.06386174499994, 0],
              [115.202287877, -3.06373682299994, 0],
              [115.202180801, -3.06365949099995, 0],
              [115.202133214, -3.06352267199998, 0],
              [115.202074321, -3.06334064299995, 0],
              [115.201817339, -3.06311221499993, 0],
              [115.201474697, -3.06302655499997, 0],
              [115.200895035, -3.06290093899997, 0],
              [115.197057599, -3.06122772099997, 0],
              [115.192823814, -3.05936761699996, 0],
              [115.192381172, -3.05917314399994, 0],
              [115.190541488, -3.05836393599998, 0],
              [115.189606778, -3.05795279199998, 0],
              [115.189132305, -3.05776102299996, 0],
              [115.187094569, -3.05693742099993, 0],
              [115.184720571, -3.05602803899996, 0],
              [115.184104406, -3.05579201099994, 0],
              [115.183323871, -3.05549301999997, 0],
              [115.182894871, -3.05532826699994, 0],
              [115.181262078, -3.05470120899997, 0],
              [115.180678307, -3.05447701799994, 0],
              [115.179522146, -3.05403300599994, 0],
              [115.17970685, -3.05363234699996, 0],
              [115.179920708, -3.05318291199995, 0],
              [115.180262676, -3.05246424299997, 0],
              [115.180999467, -3.05091583299998, 0],
              [115.181429226, -3.05001266799997, 0],
              [115.181429342, -3.05001270099996, 0],
              [115.181588409, -3.04967558599998, 0],
              [115.182623476, -3.05013958099994, 0],
              [115.182813833, -3.05022286299993, 0],
              [115.183474132, -3.04891415899994, 0],
              [115.18445566, -3.04690351499994, 0],
              [115.187306308, -3.04322683499993, 0],
              [115.187468322, -3.04274231199997, 0],
              [115.187819064, -3.04169335899996, 0],
              [115.188032185, -3.04105598899997, 0],
              [115.188668691, -3.03915241999994, 0],
              [115.188790251, -3.03878887299993, 0],
              [115.188900345, -3.03845961999997, 0],
              [115.188750685, -3.03826007099997, 0],
              [115.187470181, -3.03655273399994, 0],
              [115.187407409, -3.03652153799993, 0],
              [115.185878443, -3.03576168799998, 0],
              [115.185012085, -3.03533113499998, 0],
              [115.185001964, -3.03439389499994, 0],
              [115.184974841, -3.03188235199997, 0],
              [115.185621049, -3.03146676099993, 0],
              [115.186978562, -3.03059371399996, 0],
              [115.187014701, -3.03042678699995, 0],
              [115.187498385, -3.02819262299994, 0],
              [115.187572566, -3.02784998099997, 0],
              [115.187604259, -3.02770358999993, 0],
              [115.187776048, -3.02732894799993, 0],
              [115.187807228, -3.02726095199995, 0],
              [115.189622877, -3.02330136499995, 0],
              [115.189681004, -3.02293542999996, 0],
              [115.189728852, -3.02263420199995, 0],
              [115.189981092, -3.02104622799993, 0],
              [115.190278368, -3.01917474399994, 0],
              [115.190397549, -3.01886189499993, 0],
              [115.190174086, -3.01874271499997, 0],
              [115.190170099, -3.01873274899998, 0],
              [115.190145305, -3.01873963699995, 0],
              [115.189866392, -3.01860018099995, 0],
              [115.189637997, -3.01848598299995, 0],
              [115.187355113, -3.01785184799996, 0],
              [115.191540203, -3.01396874199998, 0],
              [115.193241314, -3.01498079499993, 0],
              [115.194008095, -3.01532158699996, 0],
              [115.194888962, -3.01571308399997, 0],
              [115.194989622, -3.01575782099997, 0],
              [115.199425146, -3.01468940999996, 0],
              [115.200149046, -3.01546001299994, 0],
              [115.200354382, -3.01567859799997, 0],
              [115.201432464, -3.01682623199997, 0],
              [115.201373351, -3.01741735599995, 0],
              [115.201367712, -3.01747375299993, 0],
              [115.20104395, -3.01825077899997, 0]
            ]
          ]
        ]
      }
    },
    {
      "type": "Feature",
      "properties": {
        "kd_propinsi": "63",
        "kd_dati2": "05",
        "kd_kecamatan": "5",
        "kd_kelurahan": "56",
        "nm_kelurahan": "Sawaja"
      },
      "geometry": {
        "type": "MultiPolygon",
        "coordinates": [
          [
            [
              [114.919254884, -2.62314665199995, 0],
              [114.926105617, -2.63503236199995, 0],
              [114.926968729, -2.63652982299993, 0],
              [114.928787906, -2.63968601199997, 0],
              [114.928807484, -2.63971997999994, 0],
              [114.928966057, -2.63999509599995, 0],
              [114.928978674, -2.64001698699997, 0],
              [114.929467471, -2.64086502699996, 0],
              [114.929666156, -2.64120973599995, 0],
              [114.929860264, -2.64154650399996, 0],
              [114.930754014, -2.64309711999994, 0],
              [114.930795616, -2.64316929699993, 0],
              [114.931623996, -2.64460649799997, 0],
              [114.931843429, -2.64498720499995, 0],
              [114.932115384, -2.64545903399994, 0],
              [114.932275464, -2.64573676599997, 0],
              [114.932324243, -2.64582139599997, 0],
              [114.93255669, -2.64622468099998, 0],
              [114.932596785, -2.64629424299994, 0],
              [114.932670433, -2.64642201999993, 0],
              [114.932829042, -2.64669719999995, 0],
              [114.932885125, -2.64679450099993, 0],
              [114.933087486, -2.64714558699996, 0],
              [114.933170394, -2.64728942899995, 0],
              [114.933388036, -2.64766702899993, 0],
              [114.933417919, -2.64771887399996, 0],
              [114.933677812, -2.64816977599998, 0],
              [114.933721181, -2.64824501999993, 0],
              [114.933824461, -2.64842420599996, 0],
              [114.93382598, -2.64842684099995, 0],
              [114.933826001, -2.64842687699996, 0],
              [114.93382948, -2.64843291299997, 0],
              [114.933829997, -2.64843375199996, 0],
              [114.933836857, -2.64844568399997, 0],
              [114.934794695, -2.65011180199997, 0],
              [114.954686393, -2.68471253999996, 0],
              [114.9608192, -2.69538028899996, 0],
              [114.963666667, -2.70033333299995, 0],
              [114.965960856, -2.70427512299995, 0],
              [114.976972222, -2.72319444399994, 0],
              [114.977124828, -2.72363692499994, 0],
              [114.97712484, -2.72363695899998, 0],
              [114.980606216, -2.73373122999993, 0],
              [114.981900573, -2.73414823099995, 0],
              [114.981934, -2.734159, 0],
              [114.983779261, -2.73801228099995, 0],
              [114.983782, -2.738018, 0],
              [114.985875, -2.739146, 0],
              [114.986054796, -2.73929817899995, 0],
              [114.986266091, -2.73947701899994, 0],
              [114.98670735, -2.74020115699994, 0],
              [114.987500534, -2.74150282899996, 0],
              [114.992631063, -2.74992237399994, 0],
              [114.992639442, -2.74992828499995, 0],
              [114.993209209, -2.75033022099996, 0],
              [114.993729833, -2.75102730099997, 0],
              [114.995003923, -2.75298242999998, 0],
              [114.996216934, -2.75466620999993, 0],
              [114.997147895, -2.75597881099998, 0],
              [114.998093992, -2.75714677299993, 0],
              [114.999535842, -2.75826132399993, 0],
              [114.999947917, -2.75867793299994, 0],
              [114.999978288, -2.75883169099996, 0],
              [115.003632933, -2.76263533499997, 0],
              [115.004406895, -2.76323935999994, 0],
              [115.004495099, -2.76330819699996, 0],
              [115.004544786, -2.76334697499993, 0],
              [115.004654717, -2.76343276899996, 0],
              [115.004656643, -2.76343427199993, 0],
              [115.004745799, -2.76350385199993, 0],
              [115.004748, -2.763501, 0],
              [115.004748042, -2.76350103299996, 0],
              [115.00588138, -2.76440291999995, 0],
              [115.008099925, -2.76616549499994, 0],
              [115.011593392, -2.76894094599993, 0],
              [115.013886789, -2.77076297799994, 0],
              [115.014925585, -2.77176654799996, 0],
              [115.012329863, -2.77287532499997, 0],
              [115.01232989, -2.77287534599998, 0],
              [114.995715609, -2.77997218499996, 0],
              [114.995715556, -2.77997213599997, 0],
              [114.995715532, -2.77997211499996, 0],
              [114.986185814, -2.77103698599996, 0],
              [114.978761897, -2.76404137099996, 0],
              [114.976711423, -2.76168550799997, 0],
              [114.972051817, -2.75633191699996, 0],
              [114.970838292, -2.75461870499993, 0],
              [114.968625393, -2.75226303899996, 0],
              [114.965875132, -2.74884752099996, 0],
              [114.963555158, -2.74587319499995, 0],
              [114.963140749, -2.74530959799995, 0],
              [114.962067994, -2.74385065299992, 0],
              [114.95837983, -2.73831840599996, 0],
              [114.954334746, -2.73361896999995, 0],
              [114.951419906, -2.73004977899996, 0],
              [114.947612769, -2.72731339899997, 0],
              [114.943865119, -2.72463650499998, 0],
              [114.939522601, -2.72100782699994, 0],
              [114.935239573, -2.71785504099995, 0],
              [114.927544828, -2.70962117599993, 0],
              [114.925900187, -2.70786130499994, 0],
              [114.917750533, -2.69798654199997, 0],
              [114.902343523, -2.68275799199995, 0],
              [114.890158673, -2.67156805899998, 0],
              [114.889090489, -2.67058709599996, 0],
              [114.883489238, -2.66418566599998, 0],
              [114.882427998, -2.66297281999994, 0],
              [114.879328163, -2.65675576499996, 0],
              [114.878852271, -2.65342451899994, 0],
              [114.879329575, -2.65132438199993, 0],
              [114.879804055, -2.64923666799996, 0],
              [114.880946198, -2.64476328199993, 0],
              [114.882584479, -2.63961637999995, 0],
              [114.882972129, -2.63808746599995, 0],
              [114.886371368, -2.62468063099993, 0],
              [114.895886376, -2.58260335599994, 0],
              [114.906777305, -2.60149862199995, 0],
              [114.910333853, -2.60766906999993, 0],
              [114.919254884, -2.62314665199995, 0]
            ]
          ]
        ]
      }
    },
    {
      "type": "Feature",
      "properties": {
        "kd_propinsi": "63",
        "kd_dati2": "05",
        "kd_kecamatan": "10",
        "kd_kelurahan": "97",
        "nm_kelurahan": "Sawang"
      },
      "geometry": {
        "type": "MultiPolygon",
        "coordinates": [
          [
            [
              [115.187355113, -3.01785184799996, 0],
              [115.185833191, -3.01772502199998, 0],
              [115.183169827, -3.01696405999996, 0],
              [115.182157871, -3.01731101599995, 0],
              [115.181419305, -3.01756423899997, 0],
              [115.178730886, -3.01848598299995, 0],
              [115.178350406, -3.02026155999994, 0],
              [115.177199901, -3.02245797999996, 0],
              [115.17624117, -3.02098480699993, 0],
              [115.175467845, -3.02068737499997, 0],
              [115.174783749, -3.02038994199995, 0],
              [115.173653506, -3.01863508999998, 0],
              [115.17186891, -3.01643408799993, 0],
              [115.169519192, -3.01530384399996, 0],
              [115.15151783, -3.00592289699995, 0],
              [115.151234223, -3.00440115399994, 0],
              [115.151334162, -3.00402995899998, 0],
              [115.151177117, -3.00310196799995, 0],
              [115.150977242, -3.00293064699997, 0],
              [115.149435351, -3.00301630799993, 0],
              [115.149235477, -3.00331611999997, 0],
              [115.149402046, -3.00516396199993, 0],
              [115.147566999, -3.00502609599994, 0],
              [115.131957735, -2.99654093799995, 0],
              [115.13021083, -2.99561739199993, 0],
              [115.121915581, -2.99018506799996, 0],
              [115.12152919, -2.98816416199998, 0],
              [115.121111606, -2.98602147899993, 0],
              [115.1206983, -2.98390074599996, 0],
              [115.120697634, -2.98389732199996, 0],
              [115.123301361, -2.98140264999995, 0],
              [115.124311209, -2.98041679999994, 0],
              [115.124563787, -2.98017022399995, 0],
              [115.12530166, -2.98054746999998, 0],
              [115.136504032, -2.98637656499994, 0],
              [115.137740121, -2.98688064299995, 0],
              [115.142885468, -2.98961416799995, 0],
              [115.147339819, -2.99182706699997, 0],
              [115.14932744, -2.99294788499998, 0],
              [115.154035622, -2.99543908899994, 0],
              [115.155063549, -2.99549619599998, 0],
              [115.15567745, -2.99559613299994, 0],
              [115.156405565, -2.99636707799994, 0],
              [115.156791038, -2.99728079099998, 0],
              [115.156719654, -2.99788041599993, 0],
              [115.15681083, -2.99845351299996, 0],
              [115.15691953, -2.99913677199993, 0],
              [115.157190789, -2.99975067199995, 0],
              [115.158061671, -3.00015042099994, 0],
              [115.159046767, -3.00022180499997, 0],
              [115.160131801, -3.00002193099994, 0],
              [115.160531551, -3.00027891199994, 0],
              [115.160674318, -3.00063583099995, 0],
              [115.162214134, -3.00080791699998, 0],
              [115.163277436, -3.00101239899993, 0],
              [115.163999936, -3.00150315299993, 0],
              [115.16462928, -3.00130622499995, 0],
              [115.165245826, -3.00109488599998, 0],
              [115.165647689, -3.00120152799997, 0],
              [115.16599985, -3.00121104599998, 0],
              [115.166209242, -3.00133477799994, 0],
              [115.166133099, -3.00156320699995, 0],
              [115.166004799, -3.00167012299994, 0],
              [115.165904672, -3.00175356299997, 0],
              [115.166104547, -3.00182970599997, 0],
              [115.166285385, -3.00208668799996, 0],
              [115.16648526, -3.00229608099994, 0],
              [115.166685135, -3.00231511599998, 0],
              [115.166807408, -3.00227843399995, 0],
              [115.166875492, -3.00225800899995, 0],
              [115.166989705, -3.00235318799997, 0],
              [115.167332348, -3.00240077699993, 0],
              [115.167284759, -3.00263872299996, 0],
              [115.167285046, -3.00264044199997, 0],
              [115.167303795, -3.00275293699997, 0],
              [115.167313312, -3.00302895599998, 0],
              [115.167264424, -3.00338095599994, 0],
              [115.167239131, -3.00356307299995, 0],
              [115.168141366, -3.00393314999997, 0],
              [115.168207989, -3.00406639999994, 0],
              [115.168046187, -3.00439000599994, 0],
              [115.168027151, -3.00461843399995, 0],
              [115.168141366, -3.00482782699993, 0],
              [115.168445936, -3.00494204099994, 0],
              [115.16856015, -3.00532275599994, 0],
              [115.168407864, -3.00565587899996, 0],
              [115.168303168, -3.00613177199995, 0],
              [115.168312686, -3.00646489599995, 0],
              [115.168417383, -3.00679802099995, 0],
              [115.168617257, -3.00698837799996, 0],
              [115.168874238, -3.00715969899994, 0],
              [115.169178618, -3.00740164199993, 0],
              [115.169245434, -3.00745475199994, 0],
              [115.169768916, -3.00826376899994, 0],
              [115.170244809, -3.00911085699994, 0],
              [115.170900746, -3.01015861299993, 0],
              [115.171757352, -3.01025379099997, 0],
              [115.173013707, -3.01072968399996, 0],
              [115.173413458, -3.01118653999993, 0],
              [115.173565742, -3.01152918199995, 0],
              [115.174022599, -3.01202410999997, 0],
              [115.174917276, -3.01154821799997, 0],
              [115.175869062, -3.01145303999994, 0],
              [115.176516274, -3.01135786099997, 0],
              [115.17871259, -3.01171289599995, 0],
              [115.187355113, -3.01785184799996, 0]
            ]
          ]
        ]
      }
    },
    {
      "type": "Feature",
      "properties": {
        "kd_propinsi": "63",
        "kd_dati2": "05",
        "kd_kecamatan": "2",
        "kd_kelurahan": "20",
        "nm_kelurahan": "Pulau Pinang"
      },
      "geometry": {
        "type": "MultiPolygon",
        "coordinates": [
          [
            [
              [115.106465053, -3.10761153799996, 0],
              [115.104977891, -3.11025868899998, 0],
              [115.098726833, -3.11799346099997, 0],
              [115.095228049, -3.12273896199997, 0],
              [115.080481678, -3.12358545899997, 0],
              [115.079251159, -3.12365609499994, 0],
              [115.079103878, -3.12366443199994, 0],
              [115.078620601, -3.12369178699993, 0],
              [115.078489731, -3.12332297099994, 0],
              [115.077585535, -3.12239498099996, 0],
              [115.076514778, -3.12149078599992, 0],
              [115.075420044, -3.12044727499995, 0],
              [115.074040139, -3.11831420599998, 0],
              [115.073290608, -3.11712447499997, 0],
              [115.073076457, -3.11688652899994, 0],
              [115.072886437, -3.11687132699996, 0],
              [115.072779023, -3.11686273399994, 0],
              [115.071839137, -3.11689842599998, 0],
              [115.071125298, -3.11686273399994, 0],
              [115.070685098, -3.11707688599995, 0],
              [115.069935568, -3.11786210799994, 0],
              [115.06957865, -3.11862353499993, 0],
              [115.068614968, -3.11976567599993, 0],
              [115.068388919, -3.12003931499993, 0],
              [115.067758362, -3.12032484899993, 0],
              [115.067471202, -3.12062305399996, 0],
              [115.067139702, -3.12096730499997, 0],
              [115.066294992, -3.12196667799998, 0],
              [115.06568823, -3.12233549499996, 0],
              [115.065084244, -3.12244708099996, 0],
              [115.049309442, -3.12102207299995, 0],
              [115.037054117, -3.11991499499993, 0],
              [115.02834069, -3.11912787199998, 0],
              [115.024737619, -3.11880244399993, 0],
              [114.99290224, -3.11592657199998, 0],
              [114.991131262, -3.11581860999996, 0],
              [114.98915396, -3.11459751799993, 0],
              [114.988861111, -3.11441666699994, 0],
              [114.985029617, -3.11190262699995, 0],
              [114.980055556, -3.10863888899996, 0],
              [114.971972222, -3.10358333299996, 0],
              [114.969921726, -3.10229594799995, 0],
              [114.970264266, -3.10212743799997, 0],
              [114.970562402, -3.10192890699995, 0],
              [114.97122387, -3.10121855799997, 0],
              [114.988885326, -3.08225121499993, 0],
              [114.997938454, -3.07499427999994, 0],
              [115.004537569, -3.07490599599993, 0],
              [115.008749215, -3.07502496899997, 0],
              [115.013109014, -3.07502496899997, 0],
              [115.016630616, -3.07502496899997, 0],
              [115.017201688, -3.07502496899997, 0],
              [115.01791014, -3.07502496899997, 0],
              [115.020575137, -3.07502496899997, 0],
              [115.02166969, -3.07576260099995, 0],
              [115.023644641, -3.07607193199993, 0],
              [115.025262674, -3.07623849399994, 0],
              [115.027499368, -3.07735684099993, 0],
              [115.029236375, -3.07814206199993, 0],
              [115.033762736, -3.07865207499998, 0],
              [115.035994044, -3.07890348999996, 0],
              [115.036094607, -3.07891390199995, 0],
              [115.045416711, -3.07987906899996, 0],
              [115.045917623, -3.07995694899995, 0],
              [115.0476112, -3.08022026199996, 0],
              [115.052150584, -3.08092603199998, 0],
              [115.054987528, -3.08133130999994, 0],
              [115.056647766, -3.08156848599998, 0],
              [115.05662397, -3.08232991399996, 0],
              [115.059574502, -3.08259165499993, 0],
              [115.062025348, -3.08273442299998, 0],
              [115.063524408, -3.08347205499996, 0],
              [115.068045385, -3.08561356999996, 0],
              [115.069818386, -3.08660294899994, 0],
              [115.07190011, -3.08776460299993, 0],
              [115.073384894, -3.08897336899997, 0],
              [115.073931963, -3.08939018299998, 0],
              [115.074184393, -3.08958251199994, 0],
              [115.074784643, -3.09009328399998, 0],
              [115.075716766, -3.09088645699995, 0],
              [115.077582263, -3.09239979299997, 0],
              [115.078933798, -3.09358000599997, 0],
              [115.079385839, -3.09409231999996, 0],
              [115.081256777, -3.09621271699996, 0],
              [115.081503615, -3.09649246599997, 0],
              [115.08175108, -3.09661619799994, 0],
              [115.081936677, -3.09675896699997, 0],
              [115.082072307, -3.09685176399995, 0],
              [115.082215073, -3.09699453199994, 0],
              [115.082357841, -3.09685890299994, 0],
              [115.08254344, -3.09665902799998, 0],
              [115.082686207, -3.09655195299996, 0],
              [115.082878945, -3.09659478199995, 0],
              [115.08311451, -3.09675896499994, 0],
              [115.083542813, -3.09683748699996, 0],
              [115.083721272, -3.09708019299995, 0],
              [115.083771242, -3.09729434399998, 0],
              [115.083885456, -3.09750135699994, 0],
              [115.08444225, -3.09754418799997, 0],
              [115.084763477, -3.09738714299994, 0],
              [115.084877691, -3.09722295999995, 0],
              [115.085091843, -3.09694456399996, 0],
              [115.085148949, -3.09690887199997, 0],
              [115.085284579, -3.09696597899995, 0],
              [115.085427346, -3.09740855899997, 0],
              [115.085531686, -3.09762355999993, 0],
              [115.085662914, -3.09789396899993, 0],
              [115.085834235, -3.09800818199994, 0],
              [115.085969863, -3.09802245899994, 0],
              [115.086433859, -3.09786541499994, 0],
              [115.086667923, -3.09777303399994, 0],
              [115.08682171, -3.09771233599997, 0],
              [115.086907371, -3.09771431899998, 0],
              [115.087008498, -3.09779165199996, 0],
              [115.08713342, -3.09792252199998, 0],
              [115.087294033, -3.09795821399996, 0],
              [115.087413006, -3.09791657299996, 0],
              [115.087591467, -3.09783329199996, 0],
              [115.087775875, -3.09772026699994, 0],
              [115.087920602, -3.09758759999994, 0],
              [115.088275561, -3.09726222099994, 0],
              [115.088430227, -3.09719083699997, 0],
              [115.08863843, -3.09716704299996, 0],
              [115.088870426, -3.09725032399996, 0],
              [115.089126218, -3.09745852699996, 0],
              [115.089322524, -3.09748826999993, 0],
              [115.089500984, -3.09739904099996, 0],
              [115.089536675, -3.09725032399996, 0],
              [115.089661597, -3.09707781299994, 0],
              [115.089828159, -3.09692909699993, 0],
              [115.089976876, -3.09686960999994, 0],
              [115.09022672, -3.09688150799997, 0],
              [115.090803738, -3.09704212099996, 0],
              [115.091166606, -3.09732170799992, 0],
              [115.091414648, -3.09761202799996, 0],
              [115.091690088, -3.09793441899996, 0],
              [115.091926845, -3.09808194599998, 0],
              [115.091998228, -3.09823899099996, 0],
              [115.091841183, -3.09843886499994, 0],
              [115.091484264, -3.09818188299994, 0],
              [115.091227283, -3.09823898999997, 0],
              [115.091027408, -3.09862446399995, 0],
              [115.090998854, -3.09895282899993, 0],
              [115.091384326, -3.09933830099993, 0],
              [115.09181263, -3.09959528299993, 0],
              [115.092497914, -3.09930974799994, 0],
              [115.092954772, -3.09916697999995, 0],
              [115.093240306, -3.09938113199996, 0],
              [115.093468734, -3.09986654199997, 0],
              [115.093582949, -3.10030912099995, 0],
              [115.093595782, -3.10033570399997, 0],
              [115.093782823, -3.10072314799993, 0],
              [115.093925592, -3.10092302199996, 0],
              [115.094453833, -3.10080880799995, 0],
              [115.094796474, -3.10086591499993, 0],
              [115.095067733, -3.10103723699996, 0],
              [115.095096287, -3.10152264599998, 0],
              [115.094924965, -3.10189384199992, 0],
              [115.09463943, -3.10243635899997, 0],
              [115.094739367, -3.10299315399993, 0],
              [115.106465053, -3.10761153799996, 0]
            ]
          ]
        ]
      }
    },
    {
      "type": "Feature",
      "properties": {
        "kd_propinsi": "63",
        "kd_dati2": "05",
        "kd_kecamatan": "10",
        "kd_kelurahan": "99",
        "nm_kelurahan": "Tambarangan"
      },
      "geometry": {
        "type": "MultiPolygon",
        "coordinates": [
          [
            [
              [115.177199901, -3.02245797999996, 0],
              [115.176955311, -3.02292492299995, 0],
              [115.176734699, -3.02341026899995, 0],
              [115.176186971, -3.02461527099996, 0],
              [115.175979177, -3.02507242099995, 0],
              [115.175680225, -3.02573011099997, 0],
              [115.175155794, -3.02578894999994, 0],
              [115.174741769, -3.02598168799995, 0],
              [115.174049346, -3.02636715999995, 0],
              [115.173406891, -3.02665269499994, 0],
              [115.173221293, -3.02692395299994, 0],
              [115.173035696, -3.02735225699996, 0],
              [115.172771575, -3.02771631499996, 0],
              [115.172507454, -3.02810178699997, 0],
              [115.171986352, -3.02826596999995, 0],
              [115.171422421, -3.02835162999998, 0],
              [115.171072639, -3.02843729099993, 0],
              [115.170544399, -3.02871568799998, 0],
              [115.169866253, -3.02922251299998, 0],
              [115.169023923, -3.03000773599996, 0],
              [115.168417161, -3.03072871199993, 0],
              [115.167853228, -3.03007911899994, 0],
              [115.167310712, -3.02860147399997, 0],
              [115.166496935, -3.02740222499995, 0],
              [115.16612574, -3.02708813699996, 0],
              [115.165326241, -3.02704530599993, 0],
              [115.164997875, -3.02731656499998, 0],
              [115.164626679, -3.02768776099993, 0],
              [115.164119379, -3.02799042899994, 0],
              [115.164147931, -3.02864715999994, 0],
              [115.164557199, -3.02926581999998, 0],
              [115.164721042, -3.02949988499995, 0],
              [115.159805917, -3.02666740299998, 0],
              [115.157095289, -3.02510533099996, 0],
              [115.143410616, -3.01721898699998, 0],
              [115.143215153, -3.01645388899993, 0],
              [115.142093263, -3.01206249299997, 0],
              [115.139910222, -3.01048166999993, 0],
              [115.139345807, -3.01026844699993, 0],
              [115.139063352, -3.01016174199998, 0],
              [115.136394567, -3.00915288599992, 0],
              [115.132311154, -3.00760926399994, 0],
              [115.130851843, -3.00705761599994, 0],
              [115.126399451, -3.00537449899997, 0],
              [115.125999026, -3.00522312999993, 0],
              [115.125522087, -3.00504283199996, 0],
              [115.1225142, -3.00390575499995, 0],
              [115.121150173, -3.00339010799996, 0],
              [115.118853567, -3.00252191599998, 0],
              [115.11912735, -3.00166229999996, 0],
              [115.119263559, -3.00128322399996, 0],
              [115.119478908, -3.00057735599995, 0],
              [115.119779501, -2.99964566999995, 0],
              [115.120035797, -2.99882846599996, 0],
              [115.120144399, -2.99848218299997, 0],
              [115.120265534, -2.99810681699995, 0],
              [115.120442, -2.99755049699996, 0],
              [115.120483725, -2.99741840499996, 0],
              [115.120730628, -2.99663675599993, 0],
              [115.120929343, -2.99600392399998, 0],
              [115.121022248, -2.99570806099996, 0],
              [115.121313867, -2.99477936599993, 0],
              [115.121593522, -2.99390749899993, 0],
              [115.121867197, -2.99304161399994, 0],
              [115.12207806, -2.99237612299993, 0],
              [115.122236592, -2.99186402699996, 0],
              [115.122209999, -2.99172493799995, 0],
              [115.121915581, -2.99018506799996, 0],
              [115.13021083, -2.99561739199993, 0],
              [115.131957735, -2.99654093799995, 0],
              [115.147566999, -3.00502609599994, 0],
              [115.149402046, -3.00516396199993, 0],
              [115.149235477, -3.00331611999997, 0],
              [115.149435351, -3.00301630799993, 0],
              [115.150977242, -3.00293064699997, 0],
              [115.151177117, -3.00310196799995, 0],
              [115.151334162, -3.00402995899998, 0],
              [115.151234223, -3.00440115399994, 0],
              [115.15151783, -3.00592289699995, 0],
              [115.169519192, -3.01530384399996, 0],
              [115.17186891, -3.01643408799993, 0],
              [115.173653506, -3.01863508999998, 0],
              [115.174783749, -3.02038994199995, 0],
              [115.175467845, -3.02068737499997, 0],
              [115.17624117, -3.02098480699993, 0],
              [115.177199901, -3.02245797999996, 0]
            ]
          ]
        ]
      }
    },
    {
      "type": "Feature",
      "properties": {
        "kd_propinsi": "63",
        "kd_dati2": "05",
        "kd_kecamatan": "7",
        "kd_kelurahan": "77",
        "nm_kelurahan": "Puncak Harapan"
      },
      "geometry": {
        "type": "MultiPolygon",
        "coordinates": [
          [
            [
              [115.247638846, -2.89189847899996, 0],
              [115.247638844, -2.89233338399993, 0],
              [115.248027743, -2.89233335199998, 0],
              [115.24802775, -2.89240593799997, 0],
              [115.248027806, -2.89294446799994, 0],
              [115.248388898, -2.89294448099997, 0],
              [115.248388879, -2.89366663699997, 0],
              [115.248927794, -2.89366666099994, 0],
              [115.248927768, -2.89766388399994, 0],
              [115.250663881, -2.89765998699994, 0],
              [115.250655018, -2.90027871199993, 0],
              [115.253525961, -2.90498255699993, 0],
              [115.252199657, -2.90572760199996, 0],
              [115.250732903, -2.90655859599997, 0],
              [115.24951895, -2.90702665599997, 0],
              [115.247701776, -2.90773249999995, 0],
              [115.243370237, -2.90469676599997, 0],
              [115.243320992, -2.90421304499995, 0],
              [115.243059251, -2.90353489899997, 0],
              [115.242785613, -2.90290434199994, 0],
              [115.242500079, -2.90240465499994, 0],
              [115.242321619, -2.90169081699997, 0],
              [115.24204798, -2.90133389699997, 0],
              [115.241869522, -2.90103646499995, 0],
              [115.241512602, -2.90075092999996, 0],
              [115.241238965, -2.90052487999998, 0],
              [115.24085825, -2.90015606399993, 0],
              [115.240560817, -2.89990621999993, 0],
              [115.240275283, -2.89965637799998, 0],
              [115.239989746, -2.89934704899997, 0],
              [115.239216423, -2.89882356599998, 0],
              [115.238823811, -2.89865700399997, 0],
              [115.238371715, -2.89854992799997, 0],
              [115.238157561, -2.89815731699997, 0],
              [115.237931514, -2.89768142499997, 0],
              [115.237741156, -2.89726501899997, 0],
              [115.23706301, -2.89695568899998, 0],
              [115.236480042, -2.89614667299998, 0],
              [115.236242097, -2.89561129399993, 0],
              [115.236027945, -2.89518299099996, 0],
              [115.23525462, -2.89512350399997, 0],
              [115.234540782, -2.89494504499993, 0],
              [115.234076786, -2.89465950999994, 0],
              [115.233553305, -2.89430258999994, 0],
              [115.233113104, -2.89404084999995, 0],
              [115.232625316, -2.89387428699996, 0],
              [115.232149422, -2.89357685499994, 0],
              [115.231197638, -2.89345788199995, 0],
              [115.230888308, -2.89332701099994, 0],
              [115.230460006, -2.89307716799993, 0],
              [115.230091189, -2.89286301599998, 0],
              [115.229520119, -2.89247040599997, 0],
              [115.229115611, -2.89250609699997, 0],
              [115.228746794, -2.89268455699994, 0],
              [115.228263195, -2.89279635999998, 0],
              [115.22794003, -2.89149022999993, 0],
              [115.227789614, -2.89088230199997, 0],
              [115.227594242, -2.88960901899998, 0],
              [115.227452897, -2.88810851799997, 0],
              [115.227339779, -2.88682463499993, 0],
              [115.227600097, -2.88666844399995, 0],
              [115.228334969, -2.88634326999994, 0],
              [115.228998932, -2.88604947399995, 0],
              [115.229705575, -2.88573650199993, 0],
              [115.231896057, -2.88475912899997, 0],
              [115.233221056, -2.88430100299996, 0],
              [115.234392225, -2.88364163699993, 0],
              [115.235035582, -2.88327535899992, 0],
              [115.235303197, -2.88311316699998, 0],
              [115.236107939, -2.88276664199998, 0],
              [115.236844915, -2.88244929599995, 0],
              [115.237397055, -2.88242839399993, 0],
              [115.23823, -2.88386, 0],
              [115.24264, -2.88966, 0],
              [115.243723041, -2.88980946399994, 0],
              [115.244499996, -2.88991668599994, 0],
              [115.244500024, -2.88897225799997, 0],
              [115.246527776, -2.88897224399995, 0],
              [115.246527772, -2.89002780099997, 0],
              [115.247111128, -2.89002780599998, 0],
              [115.247111089, -2.89127780199993, 0],
              [115.247638848, -2.89127780899997, 0],
              [115.247638846, -2.89189847899996, 0]
            ]
          ]
        ]
      }
    },
    {
      "type": "Feature",
      "properties": {
        "kd_propinsi": "63",
        "kd_dati2": "05",
        "kd_kecamatan": "1",
        "kd_kelurahan": "10",
        "nm_kelurahan": "Tangkawang"
      },
      "geometry": {
        "type": "MultiPolygon",
        "coordinates": [
          [
            [
              [115.105802598, -2.90590053899996, 0],
              [115.107157325, -2.90756714899993, 0],
              [115.107867263, -2.90910534899996, 0],
              [115.107921135, -2.90924618099996, 0],
              [115.1087002, -2.91128282399995, 0],
              [115.108926793, -2.91187518499993, 0],
              [115.109233358, -2.91267655499996, 0],
              [115.109835729, -2.91462350799998, 0],
              [115.110260617, -2.91558622699995, 0],
              [115.110304752, -2.91629868699994, 0],
              [115.110418174, -2.91812964799993, 0],
              [115.110448858, -2.91862497899996, 0],
              [115.110464258, -2.91889984299996, 0],
              [115.110626344, -2.92179281099993, 0],
              [115.110685505, -2.92286309699995, 0],
              [115.110953772, -2.92509508799998, 0],
              [115.11095442, -2.92510047899998, 0],
              [115.10811437, -2.92452554299996, 0],
              [115.1065538, -2.92420962199998, 0],
              [115.106544196, -2.92420767799996, 0],
              [115.105618649, -2.92359369999997, 0],
              [115.105462636, -2.92349020699993, 0],
              [115.105457775, -2.92348698299998, 0],
              [115.10425841, -2.92070638999996, 0],
              [115.103386027, -2.91865835199997, 0],
              [115.10300526, -2.91776444799996, 0],
              [115.101676814, -2.91466115599997, 0],
              [115.100402152, -2.91169769999993, 0],
              [115.099318767, -2.91032397999993, 0],
              [115.098883586, -2.90977217399995, 0],
              [115.098064284, -2.90972219199995, 0],
              [115.096291586, -2.90869902399993, 0],
              [115.093138454, -2.90640330899993, 0],
              [115.09246664, -2.90590912399995, 0],
              [115.093187419, -2.90434743699996, 0],
              [115.093983351, -2.90361272999996, 0],
              [115.093993777, -2.90360130499994, 0],
              [115.095445422, -2.90201046499993, 0],
              [115.09692317, -2.90039100999996, 0],
              [115.10087242, -2.90261648199993, 0],
              [115.102525928, -2.90359553499997, 0],
              [115.105256305, -2.90556530199996, 0],
              [115.105364777, -2.90564355799995, 0],
              [115.105802598, -2.90590053899996, 0]
            ]
          ]
        ]
      }
    },
    {
      "type": "Feature",
      "properties": {
        "kd_propinsi": "63",
        "kd_dati2": "05",
        "kd_kecamatan": "3",
        "kd_kelurahan": "34",
        "nm_kelurahan": "Shabah"
      },
      "geometry": {
        "type": "MultiPolygon",
        "coordinates": [
          [
            [
              [115.187673082, -2.96495873799995, 0],
              [115.18768785, -2.96498867799994, 0],
              [115.188366723, -2.96636528499994, 0],
              [115.19010083, -2.96645763599997, 0],
              [115.190914318, -2.96650096099995, 0],
              [115.19234942, -2.96657738599993, 0],
              [115.193269337, -2.96662637699996, 0],
              [115.19381939, -2.96665566899998, 0],
              [115.195120682, -2.96672496699995, 0],
              [115.196890724, -2.96681922499994, 0],
              [115.197195958, -2.96706790599995, 0],
              [115.19756081, -2.96738897799997, 0],
              [115.198179337, -2.96793327999995, 0],
              [115.199797913, -2.96838850399996, 0],
              [115.201214167, -2.96793327999995, 0],
              [115.203085643, -2.96813560099997, 0],
              [115.203845771, -2.96799307699996, 0],
              [115.205513506, -2.96768037699997, 0],
              [115.206019313, -2.96722515299996, 0],
              [115.206857485, -2.96675676099994, 0],
              [115.207707333, -2.96628184599996, 0],
              [115.209812847, -2.96884372699998, 0],
              [115.212088969, -2.96934953299996, 0],
              [115.213707547, -2.97051288299997, 0],
              [115.216185989, -2.96960243599995, 0],
              [115.217414942, -2.96951207199993, 0],
              [115.219625464, -2.96934953299996, 0],
              [115.221395781, -2.96692166899993, 0],
              [115.225678687, -2.96826567799997, 0],
              [115.224640057, -2.97393891799993, 0],
              [115.224911315, -2.97401744099994, 0],
              [115.225132605, -2.97413165399996, 0],
              [115.225453833, -2.97457423399993, 0],
              [115.225346757, -2.97506678199994, 0],
              [115.22528965, -2.97570923699993, 0],
              [115.225468111, -2.97637310699997, 0],
              [115.225361035, -2.97700842299997, 0],
              [115.225261097, -2.97748669399994, 0],
              [115.225130226, -2.97810773399993, 0],
              [115.223993331, -2.97949668199993, 0],
              [115.222949196, -2.98134921999997, 0],
              [115.220952512, -2.98358899799996, 0],
              [115.219851038, -2.98409562299997, 0],
              [115.218928191, -2.98451281799993, 0],
              [115.217142331, -2.98513795399992, 0],
              [115.216517248, -2.98537618999995, 0],
              [115.21434554, -2.98546236799996, 0],
              [115.214048501, -2.98519272199997, 0],
              [115.212858459, -2.98528049799995, 0],
              [115.211341295, -2.98530792599996, 0],
              [115.210151643, -2.98515644599996, 0],
              [115.209229473, -2.98515493699995, 0],
              [115.208425569, -2.98560222199996, 0],
              [115.207800875, -2.98560119799993, 0],
              [115.206372664, -2.98580820299998, 0],
              [115.204855358, -2.98592533999994, 0],
              [115.203873018, -2.98634242099996, 0],
              [115.201933121, -2.98669712699996, 0],
              [115.19923745, -2.98689980899997, 0],
              [115.197737603, -2.98777134199997, 0],
              [115.197372776, -2.98931172599993, 0],
              [115.196562047, -2.99148042399997, 0],
              [115.194504823, -2.99278772299994, 0],
              [115.194032781, -2.99293632999996, 0],
              [115.191349105, -2.99378118999994, 0],
              [115.188921531, -2.99409481199996, 0],
              [115.18595797, -2.99444712199994, 0],
              [115.184392922, -2.99463502099997, 0],
              [115.180962717, -2.99504894199993, 0],
              [115.176942423, -2.99553406499996, 0],
              [115.176293841, -2.99705417999996, 0],
              [115.176385049, -3.00117875999996, 0],
              [115.176790413, -3.00247592599993, 0],
              [115.176778922, -3.00291254699994, 0],
              [115.177474161, -3.00588311699994, 0],
              [115.175544711, -3.00396089099996, 0],
              [115.174081343, -3.00235475399995, 0],
              [115.173360364, -3.00126258199992, 0],
              [115.172625113, -3.00003478099995, 0],
              [115.172323346, -2.99959039199996, 0],
              [115.171720916, -2.99870323399995, 0],
              [115.171160951, -2.99782322999994, 0],
              [115.170911107, -2.99740384899997, 0],
              [115.170595284, -2.99699375499995, 0],
              [115.168748177, -2.99527403299993, 0],
              [115.165508742, -2.99475261899994, 0],
              [115.165582806, -2.99462008599994, 0],
              [115.16640608, -2.99370337399995, 0],
              [115.167023995, -2.99301091199993, 0],
              [115.167890803, -2.99203952999994, 0],
              [115.168361305, -2.99151226299995, 0],
              [115.169557052, -2.99019296499995, 0],
              [115.170248314, -2.99003472399994, 0],
              [115.170628692, -2.99006166499993, 0],
              [115.170885675, -2.98993793199998, 0],
              [115.17103796, -2.98985227199995, 0],
              [115.171142657, -2.98989034299996, 0],
              [115.171561441, -2.98966191499994, 0],
              [115.171789869, -2.98930023699995, 0],
              [115.171789869, -2.98913843399993, 0],
              [115.171304459, -2.98886241599996, 0],
              [115.171323495, -2.98831989999997, 0],
              [115.171551923, -2.98793918499996, 0],
              [115.171551923, -2.98759654299994, 0],
              [115.171076031, -2.98719679399994, 0],
              [115.170838085, -2.98686366899995, 0],
              [115.170609657, -2.98662572199993, 0],
              [115.170390746, -2.98649247399993, 0],
              [115.1701528, -2.98634018799993, 0],
              [115.169810157, -2.98612127699994, 0],
              [115.169600766, -2.98579766999995, 0],
              [115.169410409, -2.98550261699995, 0],
              [115.16953414, -2.98515997499993, 0],
              [115.169743533, -2.98483636799995, 0],
              [115.170019551, -2.98496009999997, 0],
              [115.170343158, -2.98505527899994, 0],
              [115.170495443, -2.98496961799998, 0],
              [115.170466889, -2.98477926099997, 0],
              [115.170324122, -2.98458890399996, 0],
              [115.169981479, -2.98426529799997, 0],
              [115.169857748, -2.98404638699998, 0],
              [115.169657873, -2.98395120899994, 0],
              [115.169353302, -2.98397976199993, 0],
              [115.168944035, -2.98415108299997, 0],
              [115.168477661, -2.98428433299995, 0],
              [115.168173088, -2.98427481599993, 0],
              [115.167878035, -2.98423674499998, 0],
              [115.167754304, -2.98406542199996, 0],
              [115.167963696, -2.98372278099993, 0],
              [115.168239714, -2.98315170999996, 0],
              [115.168534768, -2.98313267399993, 0],
              [115.168687053, -2.98293279999996, 0],
              [115.168782231, -2.98245690799996, 0],
              [115.168763195, -2.98208571199996, 0],
              [115.168677534, -2.98182872899997, 0],
              [115.168591875, -2.98168596199997, 0],
              [115.168382481, -2.98160030099996, 0],
              [115.168106464, -2.98153367699996, 0],
              [115.168001767, -2.98130524799996, 0],
              [115.167906589, -2.98105778399997, 0],
              [115.168096946, -2.98058189299997, 0],
              [115.168182608, -2.98033442799994, 0],
              [115.168135017, -2.98019166099994, 0],
              [115.167925625, -2.98019166099994, 0],
              [115.167640091, -2.98019166099994, 0],
              [115.167030947, -2.98028683899997, 0],
              [115.166631197, -2.98039153499997, 0],
              [115.166240967, -2.98039153499997, 0],
              [115.165746038, -2.98042960599997, 0],
              [115.165460504, -2.98032490999998, 0],
              [115.165327255, -2.97980142899996, 0],
              [115.165355807, -2.97942071399996, 0],
              [115.165476105, -2.97913517999996, 0],
              [115.165688931, -2.97883060899994, 0],
              [115.165841217, -2.97860217999994, 0],
              [115.165869771, -2.97841182299993, 0],
              [115.165803145, -2.97821194899996, 0],
              [115.165717486, -2.97804062699993, 0],
              [115.165727002, -2.97779316399993, 0],
              [115.165727002, -2.97747907499996, 0],
              [115.165784109, -2.97715546799998, 0],
              [115.165755557, -2.97696511199996, 0],
              [115.165536646, -2.97671764699993, 0],
              [115.165098825, -2.97627982599994, 0],
              [115.164803773, -2.97603236199996, 0],
              [115.164565826, -2.97568020299997, 0],
              [115.164413541, -2.97542321999993, 0],
              [115.164413541, -2.97520430999998, 0],
              [115.164594379, -2.97484263199993, 0],
              [115.164737147, -2.97476648899993, 0],
              [115.16499413, -2.97475697099998, 0],
              [115.165308219, -2.97462372199993, 0],
              [115.16550223, -2.97460799099997, 0],
              [115.165703796, -2.97494142699998, 0],
              [115.165703796, -2.97533111999996, 0],
              [115.166010652, -2.97554847599997, 0],
              [115.170568083, -2.97464310299995, 0],
              [115.176254731, -2.97349631699996, 0],
              [115.179008763, -2.96950659899994, 0],
              [115.181479861, -2.96590055399997, 0],
              [115.183855775, -2.96244100799993, 0],
              [115.186545825, -2.96267290799995, 0],
              [115.187673082, -2.96495873799995, 0]
            ]
          ]
        ]
      }
    },
    {
      "type": "Feature",
      "properties": {
        "kd_propinsi": "63",
        "kd_dati2": "05",
        "kd_kecamatan": "10",
        "kd_kelurahan": "100",
        "nm_kelurahan": "Tandui"
      },
      "geometry": {
        "type": "MultiPolygon",
        "coordinates": [
          [
            [
              [115.080830263, -3.03010616899996, 0],
              [115.085252403, -3.03422943499993, 0],
              [115.088071272, -3.03509463199993, 0],
              [115.090929218, -3.03611054199996, 0],
              [115.093263806, -3.03624787099994, 0],
              [115.093681104, -3.03627241699996, 0],
              [115.096801399, -3.036278, 0],
              [115.103047568, -3.03645103899993, 0],
              [115.108556925, -3.03746136699994, 0],
              [115.110272657, -3.03777538799994, 0],
              [115.110661308, -3.03784651999996, 0],
              [115.113660037, -3.03974827699994, 0],
              [115.113926732, -3.03991741299996, 0],
              [115.116873986, -3.04095564999994, 0],
              [115.117886062, -3.04197774499994, 0],
              [115.118001535, -3.04209436099995, 0],
              [115.118101752, -3.04451542699997, 0],
              [115.118107592, -3.04465646299997, 0],
              [115.117655456, -3.04586773999995, 0],
              [115.117655457, -3.04625027099996, 0],
              [115.117655456, -3.04728554799993, 0],
              [115.117772676, -3.04850798999996, 0],
              [115.117851841, -3.04880089799997, 0],
              [115.118107592, -3.04974717499994, 0],
              [115.11770555, -3.05123056999997, 0],
              [115.116003764, -3.05123056999997, 0],
              [115.1143493, -3.05269973599997, 0],
              [115.113043237, -3.05385952199993, 0],
              [115.112378745, -3.05444958799995, 0],
              [115.111780016, -3.05475643899996, 0],
              [115.109281648, -3.05603685599994, 0],
              [115.109028596, -3.05616654399995, 0],
              [115.107738718, -3.05682760299993, 0],
              [115.105070702, -3.05734960599995, 0],
              [115.101416679, -3.05665360099994, 0],
              [115.099792671, -3.05485559199997, 0],
              [115.094572639, -3.05549359499997, 0],
              [115.090860618, -3.05630559899993, 0],
              [115.090811543, -3.05626634099997, 0],
              [115.088830606, -3.05468158999997, 0],
              [115.088192602, -3.05270957799996, 0],
              [115.089468608, -3.05137557099994, 0],
              [115.087712962, -3.05059775599995, 0],
              [115.082595568, -3.04833055299997, 0],
              [115.073330074, -3.04437921799996, 0],
              [115.051246383, -3.03496147499993, 0],
              [115.049831825, -3.03339220099997, 0],
              [115.047534362, -3.03084344899997, 0],
              [115.043706341, -3.02916143999994, 0],
              [115.044460345, -3.02834943499994, 0],
              [115.044924346, -3.02579741999995, 0],
              [115.044344343, -3.01901137999994, 0],
              [115.044866346, -3.01553135899997, 0],
              [115.044678823, -3.01517626499998, 0],
              [115.04507954, -3.01508708099993, 0],
              [115.04602727, -3.01593710699996, 0],
              [115.047343763, -3.01734732299997, 0],
              [115.048076427, -3.01896101099993, 0],
              [115.048948137, -3.01905853099993, 0],
              [115.04912131, -3.01903567899996, 0],
              [115.049972522, -3.01892335199995, 0],
              [115.050268614, -3.01888427899996, 0],
              [115.050460525, -3.01954292699998, 0],
              [115.050555205, -3.02073475599997, 0],
              [115.051890686, -3.02193179899996, 0],
              [115.051946338, -3.02196824099997, 0],
              [115.05211627, -3.02209043899995, 0],
              [115.053772617, -3.02328153499997, 0],
              [115.055667462, -3.02415751599995, 0],
              [115.056440788, -3.02454417999996, 0],
              [115.056607106, -3.02448347499995, 0],
              [115.057925495, -3.02400228199997, 0],
              [115.060690115, -3.02325885599993, 0],
              [115.061062619, -3.02341569999993, 0],
              [115.06185742, -3.02375035299997, 0],
              [115.062329954, -3.02394931399994, 0],
              [115.06374467, -3.02469997899993, 0],
              [115.063858787, -3.02497258499994, 0],
              [115.064025321, -3.02555544999996, 0],
              [115.064530956, -3.02638826099997, 0],
              [115.065869401, -3.02689389799997, 0],
              [115.068932958, -3.02903541099994, 0],
              [115.069697219, -3.02939742999996, 0],
              [115.069772287, -3.02945073199993, 0],
              [115.069815876, -3.02945363499993, 0],
              [115.070063203, -3.02957078999998, 0],
              [115.070876736, -3.02952430299996, 0],
              [115.071187782, -3.02954502399996, 0],
              [115.073990322, -3.02942729099993, 0],
              [115.074005177, -3.02942793599993, 0],
              [115.076819714, -3.02967009999998, 0],
              [115.0795234, -3.02999248399993, 0],
              [115.080830263, -3.03010616899996, 0]
            ]
          ]
        ]
      }
    },
    {
      "type": "Feature",
      "properties": {
        "kd_propinsi": "63",
        "kd_dati2": "05",
        "kd_kecamatan": "2",
        "kd_kelurahan": "21",
        "nm_kelurahan": "Pulau Pinang Utara"
      },
      "geometry": {
        "type": "MultiPolygon",
        "coordinates": [
          [
            [
              [115.11543652, -3.09503386599994, 0],
              [115.114842723, -3.09528607199997, 0],
              [115.110838198, -3.09698691799997, 0],
              [115.11083822, -3.09699496099995, 0],
              [115.111424176, -3.09769776499996, 0],
              [115.111212705, -3.09769141699997, 0],
              [115.106465053, -3.10761153799996, 0],
              [115.094739367, -3.10299315399993, 0],
              [115.09463943, -3.10243635899997, 0],
              [115.094924965, -3.10189384199992, 0],
              [115.095096287, -3.10152264599998, 0],
              [115.095067733, -3.10103723699996, 0],
              [115.094796474, -3.10086591499993, 0],
              [115.094453833, -3.10080880799995, 0],
              [115.093925592, -3.10092302199996, 0],
              [115.093782823, -3.10072314799993, 0],
              [115.093595782, -3.10033570399997, 0],
              [115.093582949, -3.10030912099995, 0],
              [115.093468734, -3.09986654199997, 0],
              [115.093240306, -3.09938113199996, 0],
              [115.092954772, -3.09916697999995, 0],
              [115.092497914, -3.09930974799994, 0],
              [115.09181263, -3.09959528299993, 0],
              [115.091384326, -3.09933830099993, 0],
              [115.090998854, -3.09895282899993, 0],
              [115.091027408, -3.09862446399995, 0],
              [115.091227283, -3.09823898999997, 0],
              [115.091484264, -3.09818188299994, 0],
              [115.091841183, -3.09843886499994, 0],
              [115.091998228, -3.09823899099996, 0],
              [115.091926845, -3.09808194599998, 0],
              [115.091690088, -3.09793441899996, 0],
              [115.091414648, -3.09761202799996, 0],
              [115.091166606, -3.09732170799992, 0],
              [115.090803738, -3.09704212099996, 0],
              [115.09022672, -3.09688150799997, 0],
              [115.089976876, -3.09686960999994, 0],
              [115.089828159, -3.09692909699993, 0],
              [115.089661597, -3.09707781299994, 0],
              [115.089536675, -3.09725032399996, 0],
              [115.089500984, -3.09739904099996, 0],
              [115.089322524, -3.09748826999993, 0],
              [115.089126218, -3.09745852699996, 0],
              [115.088870426, -3.09725032399996, 0],
              [115.08863843, -3.09716704299996, 0],
              [115.088430227, -3.09719083699997, 0],
              [115.088275561, -3.09726222099994, 0],
              [115.087920602, -3.09758759999994, 0],
              [115.087775875, -3.09772026699994, 0],
              [115.087591467, -3.09783329199996, 0],
              [115.087413006, -3.09791657299996, 0],
              [115.087294033, -3.09795821399996, 0],
              [115.08713342, -3.09792252199998, 0],
              [115.087008498, -3.09779165199996, 0],
              [115.086907371, -3.09771431899998, 0],
              [115.08682171, -3.09771233599997, 0],
              [115.086667923, -3.09777303399994, 0],
              [115.086433859, -3.09786541499994, 0],
              [115.085969863, -3.09802245899994, 0],
              [115.085834235, -3.09800818199994, 0],
              [115.085662914, -3.09789396899993, 0],
              [115.085531686, -3.09762355999993, 0],
              [115.085427346, -3.09740855899997, 0],
              [115.085284579, -3.09696597899995, 0],
              [115.085148949, -3.09690887199997, 0],
              [115.085091843, -3.09694456399996, 0],
              [115.084877691, -3.09722295999995, 0],
              [115.084763477, -3.09738714299994, 0],
              [115.08444225, -3.09754418799997, 0],
              [115.083885456, -3.09750135699994, 0],
              [115.083771242, -3.09729434399998, 0],
              [115.083721272, -3.09708019299995, 0],
              [115.083542813, -3.09683748699996, 0],
              [115.08311451, -3.09675896499994, 0],
              [115.082878945, -3.09659478199995, 0],
              [115.082686207, -3.09655195299996, 0],
              [115.08254344, -3.09665902799998, 0],
              [115.082357841, -3.09685890299994, 0],
              [115.082215073, -3.09699453199994, 0],
              [115.082072307, -3.09685176399995, 0],
              [115.081936677, -3.09675896699997, 0],
              [115.08175108, -3.09661619799994, 0],
              [115.081503615, -3.09649246599997, 0],
              [115.081256777, -3.09621271699996, 0],
              [115.079385839, -3.09409231999996, 0],
              [115.078933798, -3.09358000599997, 0],
              [115.077582263, -3.09239979299997, 0],
              [115.075716766, -3.09088645699995, 0],
              [115.074784643, -3.09009328399998, 0],
              [115.074184393, -3.08958251199994, 0],
              [115.073931963, -3.08939018299998, 0],
              [115.073384894, -3.08897336899997, 0],
              [115.07190011, -3.08776460299993, 0],
              [115.069818386, -3.08660294899994, 0],
              [115.068045385, -3.08561356999996, 0],
              [115.063524408, -3.08347205499996, 0],
              [115.062025348, -3.08273442299998, 0],
              [115.059574502, -3.08259165499993, 0],
              [115.05662397, -3.08232991399996, 0],
              [115.056647766, -3.08156848599998, 0],
              [115.054987528, -3.08133130999994, 0],
              [115.052150584, -3.08092603199998, 0],
              [115.0476112, -3.08022026199996, 0],
              [115.045917623, -3.07995694899995, 0],
              [115.045416711, -3.07987906899996, 0],
              [115.036094607, -3.07891390199995, 0],
              [115.035994044, -3.07890348999996, 0],
              [115.033762736, -3.07865207499998, 0],
              [115.029236375, -3.07814206199993, 0],
              [115.027499368, -3.07735684099993, 0],
              [115.025262674, -3.07623849399994, 0],
              [115.023644641, -3.07607193199993, 0],
              [115.02166969, -3.07576260099995, 0],
              [115.020575137, -3.07502496899997, 0],
              [115.01791014, -3.07502496899997, 0],
              [115.017201688, -3.07502496899997, 0],
              [115.016630616, -3.07502496899997, 0],
              [115.013109014, -3.07502496899997, 0],
              [115.008749215, -3.07502496899997, 0],
              [115.004537569, -3.07490599599993, 0],
              [114.997938454, -3.07499427999994, 0],
              [114.997422981, -3.07500117499995, 0],
              [114.988476207, -3.07504876399997, 0],
              [114.987316525, -3.07507645099997, 0],
              [114.97954723, -3.07526193999996, 0],
              [114.993341025, -3.05626060199995, 0],
              [115.020979005, -3.01818455599994, 0],
              [115.020933817, -3.01828538199993, 0],
              [115.0214454, -3.02086709699995, 0],
              [115.021956984, -3.02328224999997, 0],
              [115.022325802, -3.02550704599997, 0],
              [115.022980154, -3.02898105999998, 0],
              [115.023313279, -3.03062288699994, 0],
              [115.023812965, -3.03319270499998, 0],
              [115.02418178, -3.03528663099996, 0],
              [115.024669572, -3.03732106999996, 0],
              [115.025395306, -3.04053334299994, 0],
              [115.026168632, -3.04360284699993, 0],
              [115.026477962, -3.04485206399994, 0],
              [115.026680216, -3.04547072499997, 0],
              [115.027049032, -3.04593471899995, 0],
              [115.02771528, -3.04666045599993, 0],
              [115.029618849, -3.04856402399997, 0],
              [115.0301705, -3.04915529699997, 0],
              [115.030273219, -3.04907294699996, 0],
              [115.032090775, -3.05087673099996, 0],
              [115.032200867, -3.05098598799998, 0],
              [115.032581578, -3.05182355799997, 0],
              [115.033590469, -3.05426012599997, 0],
              [115.033933115, -3.05475505599998, 0],
              [115.034789719, -3.05551648199997, 0],
              [115.036160288, -3.05660151699993, 0],
              [115.036952643, -3.05689498099997, 0],
              [115.037702179, -3.05717258599998, 0],
              [115.037941788, -3.05725392299996, 0],
              [115.037804803, -3.05724819799997, 0],
              [115.040326424, -3.05816514899993, 0],
              [115.043895615, -3.05940246899996, 0],
              [115.048844895, -3.06107998899995, 0],
              [115.055614462, -3.06310253099997, 0],
              [115.061218091, -3.06463728299997, 0],
              [115.068094733, -3.06643377699993, 0],
              [115.07539968, -3.06851580399996, 0],
              [115.079908757, -3.07016952899994, 0],
              [115.08351364, -3.07126408099992, 0],
              [115.087415958, -3.07243001699993, 0],
              [115.091877448, -3.07371492599998, 0],
              [115.093709632, -3.07416702499995, 0],
              [115.094280701, -3.07436927899994, 0],
              [115.094602867, -3.07444740399996, 0],
              [115.096427278, -3.07525648999996, 0],
              [115.097211731, -3.07559571399997, 0],
              [115.097801972, -3.07585095199994, 0],
              [115.097835918, -3.07586563299998, 0],
              [115.099475135, -3.07572086799996, 0],
              [115.100889619, -3.07710616399993, 0],
              [115.101899261, -3.07812002299994, 0],
              [115.10389563, -3.08069816799997, 0],
              [115.104971145, -3.08839334499993, 0],
              [115.107217356, -3.09018269999996, 0],
              [115.114994211, -3.09477280699997, 0],
              [115.11543652, -3.09503386599994, 0]
            ]
          ]
        ]
      }
    },
    {
      "type": "Feature",
      "properties": {
        "kd_propinsi": "63",
        "kd_dati2": "05",
        "kd_kecamatan": "3",
        "kd_kelurahan": "32",
        "nm_kelurahan": "Purut"
      },
      "geometry": {
        "type": "MultiPolygon",
        "coordinates": [
          [
            [
              [115.152722792, -2.97793186199993, 0],
              [115.153380263, -2.97856371199993, 0],
              [115.15394247, -2.97903904599997, 0],
              [115.154855611, -2.97981109099993, 0],
              [115.156318047, -2.98030806299994, 0],
              [115.15774837, -2.98078283799993, 0],
              [115.158640758, -2.98107137299996, 0],
              [115.159903192, -2.98204561799997, 0],
              [115.160707535, -2.98370161999998, 0],
              [115.160997873, -2.98492103999996, 0],
              [115.160974217, -2.98501351799996, 0],
              [115.161524737, -2.98660784599997, 0],
              [115.162486125, -2.98921804299994, 0],
              [115.162661087, -2.98952287899994, 0],
              [115.161266986, -2.99040888499997, 0],
              [115.159893947, -2.99128150299993, 0],
              [115.157802517, -2.99055555199993, 0],
              [115.154788672, -2.98950942499994, 0],
              [115.152967813, -2.98887738999997, 0],
              [115.152058936, -2.98856191199997, 0],
              [115.150763892, -2.98726686799995, 0],
              [115.14816098, -2.98577495699993, 0],
              [115.146432449, -2.98478421199997, 0],
              [115.145454214, -2.98422351599993, 0],
              [115.142540368, -2.98338173799994, 0],
              [115.141051068, -2.98124491699997, 0],
              [115.139497015, -2.98020888199994, 0],
              [115.138525734, -2.98001462499997, 0],
              [115.136194655, -2.97878433499994, 0],
              [115.135547132, -2.97781305199993, 0],
              [115.13520644, -2.97625303599995, 0],
              [115.134316843, -2.97217961299998, 0],
              [115.134271489, -2.97109113999994, 0],
              [115.134519222, -2.97112028499993, 0],
              [115.138364429, -2.97135823199994, 0],
              [115.139002124, -2.97142485599994, 0],
              [115.138995928, -2.97099097499995, 0],
              [115.139014753, -2.97099146299996, 0],
              [115.142697192, -2.97249648999997, 0],
              [115.145324315, -2.97357020399994, 0],
              [115.14877783, -2.97560766399994, 0],
              [115.152722792, -2.97793186199993, 0]
            ]
          ]
        ]
      }
    },
    {
      "type": "Feature",
      "properties": {
        "kd_propinsi": "63",
        "kd_dati2": "05",
        "kd_kecamatan": "1",
        "kd_kelurahan": "11",
        "nm_kelurahan": "Tangkawang Baru"
      },
      "geometry": {
        "type": "MultiPolygon",
        "coordinates": [
          [
            [
              [115.120578832, -2.91860566899993, 0],
              [115.120436817, -2.91920429299995, 0],
              [115.120273799, -2.91989740999998, 0],
              [115.12018694, -2.92026671599996, 0],
              [115.120008971, -2.92104510599995, 0],
              [115.119899314, -2.92147115399996, 0],
              [115.119624269, -2.92255514799996, 0],
              [115.119356417, -2.92358880799998, 0],
              [115.119128185, -2.92446369399994, 0],
              [115.119115326, -2.92449871799994, 0],
              [115.11895737, -2.92511238699996, 0],
              [115.118684855, -2.92617112799996, 0],
              [115.118442106, -2.92711421999996, 0],
              [115.117289046, -2.92686884599993, 0],
              [115.116023173, -2.92598368599994, 0],
              [115.115908959, -2.92607886499997, 0],
              [115.114833442, -2.92603127499996, 0],
              [115.114176711, -2.92584091799995, 0],
              [115.113196372, -2.92585043699995, 0],
              [115.112539641, -2.92582188199998, 0],
              [115.110953772, -2.92509508799998, 0],
              [115.110685505, -2.92286309699995, 0],
              [115.110626344, -2.92179281099993, 0],
              [115.110464258, -2.91889984299996, 0],
              [115.110448858, -2.91862497899996, 0],
              [115.110418174, -2.91812964799993, 0],
              [115.110304752, -2.91629868699994, 0],
              [115.110260617, -2.91558622699995, 0],
              [115.112183717, -2.91613567099995, 0],
              [115.11400116, -2.91666598399996, 0],
              [115.115797032, -2.91719270099998, 0],
              [115.117427517, -2.91767986899993, 0],
              [115.118842284, -2.91809153499997, 0],
              [115.120578832, -2.91860566899993, 0]
            ]
          ]
        ]
      }
    },
    {
      "type": "Feature",
      "properties": {
        "kd_propinsi": "63",
        "kd_dati2": "05",
        "kd_kecamatan": "3",
        "kd_kelurahan": "35",
        "nm_kelurahan": "Timbung"
      },
      "geometry": {
        "type": "MultiPolygon",
        "coordinates": [
          [
            [
              [115.16550223, -2.97460799099997, 0],
              [115.165308219, -2.97462372199993, 0],
              [115.16499413, -2.97475697099998, 0],
              [115.164737147, -2.97476648899993, 0],
              [115.164594379, -2.97484263199993, 0],
              [115.164413541, -2.97520430999998, 0],
              [115.164413541, -2.97542321999993, 0],
              [115.164565826, -2.97568020299997, 0],
              [115.164803773, -2.97603236199996, 0],
              [115.165098825, -2.97627982599994, 0],
              [115.165536646, -2.97671764699993, 0],
              [115.165755557, -2.97696511199996, 0],
              [115.165784109, -2.97715546799998, 0],
              [115.165727002, -2.97747907499996, 0],
              [115.165727002, -2.97779316399993, 0],
              [115.165717486, -2.97804062699993, 0],
              [115.165803145, -2.97821194899996, 0],
              [115.165869771, -2.97841182299993, 0],
              [115.165841217, -2.97860217999994, 0],
              [115.165688931, -2.97883060899994, 0],
              [115.165476105, -2.97913517999996, 0],
              [115.165355807, -2.97942071399996, 0],
              [115.165327255, -2.97980142899996, 0],
              [115.165460504, -2.98032490999998, 0],
              [115.165746038, -2.98042960599997, 0],
              [115.166240967, -2.98039153499997, 0],
              [115.166631197, -2.98039153499997, 0],
              [115.167030947, -2.98028683899997, 0],
              [115.167640091, -2.98019166099994, 0],
              [115.167925625, -2.98019166099994, 0],
              [115.168135017, -2.98019166099994, 0],
              [115.168182608, -2.98033442799994, 0],
              [115.168096946, -2.98058189299997, 0],
              [115.167906589, -2.98105778399997, 0],
              [115.168001767, -2.98130524799996, 0],
              [115.168106464, -2.98153367699996, 0],
              [115.168382481, -2.98160030099996, 0],
              [115.168591875, -2.98168596199997, 0],
              [115.168677534, -2.98182872899997, 0],
              [115.168763195, -2.98208571199996, 0],
              [115.168782231, -2.98245690799996, 0],
              [115.168687053, -2.98293279999996, 0],
              [115.168534768, -2.98313267399993, 0],
              [115.168239714, -2.98315170999996, 0],
              [115.167963696, -2.98372278099993, 0],
              [115.167754304, -2.98406542199996, 0],
              [115.167878035, -2.98423674499998, 0],
              [115.168173088, -2.98427481599993, 0],
              [115.168477661, -2.98428433299995, 0],
              [115.168944035, -2.98415108299997, 0],
              [115.169353302, -2.98397976199993, 0],
              [115.169657873, -2.98395120899994, 0],
              [115.169857748, -2.98404638699998, 0],
              [115.169981479, -2.98426529799997, 0],
              [115.170324122, -2.98458890399996, 0],
              [115.170466889, -2.98477926099997, 0],
              [115.170495443, -2.98496961799998, 0],
              [115.170343158, -2.98505527899994, 0],
              [115.170019551, -2.98496009999997, 0],
              [115.169743533, -2.98483636799995, 0],
              [115.16953414, -2.98515997499993, 0],
              [115.169410409, -2.98550261699995, 0],
              [115.169600766, -2.98579766999995, 0],
              [115.169810157, -2.98612127699994, 0],
              [115.1701528, -2.98634018799993, 0],
              [115.170390746, -2.98649247399993, 0],
              [115.170609657, -2.98662572199993, 0],
              [115.170838085, -2.98686366899995, 0],
              [115.171076031, -2.98719679399994, 0],
              [115.171551923, -2.98759654299994, 0],
              [115.171551923, -2.98793918499996, 0],
              [115.171323495, -2.98831989999997, 0],
              [115.171304459, -2.98886241599996, 0],
              [115.171789869, -2.98913843399993, 0],
              [115.171789869, -2.98930023699995, 0],
              [115.171561441, -2.98966191499994, 0],
              [115.171142657, -2.98989034299996, 0],
              [115.17103796, -2.98985227199995, 0],
              [115.170885675, -2.98993793199998, 0],
              [115.170628692, -2.99006166499993, 0],
              [115.170248314, -2.99003472399994, 0],
              [115.169557052, -2.99019296499995, 0],
              [115.168361305, -2.99151226299995, 0],
              [115.167890803, -2.99203952999994, 0],
              [115.167023995, -2.99301091199993, 0],
              [115.16640608, -2.99370337399995, 0],
              [115.165582806, -2.99462008599994, 0],
              [115.1653113, -2.99413375699993, 0],
              [115.164137573, -2.99209533599998, 0],
              [115.162661087, -2.98952287899994, 0],
              [115.162486125, -2.98921804299994, 0],
              [115.161524737, -2.98660784599997, 0],
              [115.160974217, -2.98501351799996, 0],
              [115.160997873, -2.98492103999996, 0],
              [115.160707535, -2.98370161999998, 0],
              [115.159903192, -2.98204561799997, 0],
              [115.158640758, -2.98107137299996, 0],
              [115.15774837, -2.98078283799993, 0],
              [115.156318047, -2.98030806299994, 0],
              [115.154855611, -2.97981109099993, 0],
              [115.15394247, -2.97903904599997, 0],
              [115.153380263, -2.97856371199993, 0],
              [115.152722792, -2.97793186199993, 0],
              [115.153511043, -2.97680853699995, 0],
              [115.155244325, -2.97433846299998, 0],
              [115.155965936, -2.97331009999994, 0],
              [115.157038751, -2.97181019299995, 0],
              [115.157145524, -2.97166433999996, 0],
              [115.158628886, -2.96963805699994, 0],
              [115.159227008, -2.96887011699994, 0],
              [115.159620927, -2.96836435799997, 0],
              [115.159807988, -2.96830976099994, 0],
              [115.159577773, -2.96889530599998, 0],
              [115.159883047, -2.96888446099996, 0],
              [115.160101957, -2.96904626499997, 0],
              [115.160130511, -2.96932228199995, 0],
              [115.159921119, -2.96938890699994, 0],
              [115.15960703, -2.96936035399995, 0],
              [115.159711725, -2.96967444199993, 0],
              [115.159864012, -2.96992190599997, 0],
              [115.160149546, -2.97016936999995, 0],
              [115.160406528, -2.97015985299993, 0],
              [115.16061592, -2.97039779799997, 0],
              [115.160596885, -2.97076899399997, 0],
              [115.160539778, -2.97094983299996, 0],
              [115.1604446, -2.97130199399993, 0],
              [115.160482672, -2.97147331499997, 0],
              [115.160711099, -2.97159704699993, 0],
              [115.160939527, -2.97165415399996, 0],
              [115.161244099, -2.97145427999993, 0],
              [115.161396385, -2.97117826199997, 0],
              [115.161662883, -2.97086417299994, 0],
              [115.161872275, -2.97076899499996, 0],
              [115.162043597, -2.97079754799995, 0],
              [115.162319614, -2.97064526299994, 0],
              [115.1627384, -2.97085465499993, 0],
              [115.16287165, -2.97096886899993, 0],
              [115.163233328, -2.97108308399993, 0],
              [115.163528381, -2.97114970799993, 0],
              [115.164013791, -2.97132102999996, 0],
              [115.164365951, -2.97128295799996, 0],
              [115.164613415, -2.97122585099993, 0],
              [115.164917987, -2.97132102999996, 0],
              [115.164956058, -2.97148283299993, 0],
              [115.165003646, -2.97179692199995, 0],
              [115.164832325, -2.97200631499993, 0],
              [115.164584862, -2.97210149299997, 0],
              [115.164299326, -2.97213004599996, 0],
              [115.164118488, -2.97226329599994, 0],
              [115.163975719, -2.97250124199996, 0],
              [115.163994755, -2.97304375899995, 0],
              [115.164070897, -2.97330074099995, 0],
              [115.164175595, -2.97348157999994, 0],
              [115.164404022, -2.97373856199994, 0],
              [115.164803773, -2.97386229399996, 0],
              [115.165079789, -2.97373856199994, 0],
              [115.165317735, -2.97366241899994, 0],
              [115.165517611, -2.97367193699995, 0],
              [115.165822181, -2.97372904399998, 0],
              [115.165955431, -2.97383374099996, 0],
              [115.166031574, -2.97398602599998, 0],
              [115.166022056, -2.97412879299998, 0],
              [115.165945914, -2.97438577499997, 0],
              [115.165660378, -2.97459516799995, 0],
              [115.16550223, -2.97460799099997, 0]
            ]
          ]
        ]
      }
    },
    {
      "type": "Feature",
      "properties": {
        "kd_propinsi": "63",
        "kd_dati2": "05",
        "kd_kecamatan": "11",
        "kd_kelurahan": "119",
        "nm_kelurahan": "Tirik"
      },
      "geometry": {
        "type": "MultiPolygon",
        "coordinates": [
          [
            [
              [115.137156953, -2.96288884099994, 0],
              [115.137177986, -2.96321581699993, 0],
              [115.138940901, -2.96713906599996, 0],
              [115.138995928, -2.97099097499995, 0],
              [115.139002124, -2.97142485599994, 0],
              [115.138364429, -2.97135823199994, 0],
              [115.134519222, -2.97112028499993, 0],
              [115.134271489, -2.97109113999994, 0],
              [115.134195614, -2.97108221399998, 0],
              [115.134069032, -2.97106814899996, 0],
              [115.133852973, -2.97104414299997, 0],
              [115.131759047, -2.97047307199995, 0],
              [115.130264746, -2.97011139399996, 0],
              [115.125762805, -2.96922623399996, 0],
              [115.124381844, -2.96897101899998, 0],
              [115.124373206, -2.96896900999997, 0],
              [115.124091785, -2.96618037399998, 0],
              [115.125674217, -2.96258747199994, 0],
              [115.126681975, -2.96260492199997, 0],
              [115.129773094, -2.96239965299998, 0],
              [115.129963333, -2.96238871899993, 0],
              [115.13134884, -2.96230909299993, 0],
              [115.132286319, -2.96230909299993, 0],
              [115.133881169, -2.96230909299993, 0],
              [115.13418455, -2.96244655499993, 0],
              [115.134409409, -2.96255363099994, 0],
              [115.134830574, -2.96268925999993, 0],
              [115.135148233, -2.96279276699994, 0],
              [115.135358814, -2.96285344299997, 0],
              [115.135694318, -2.96297836499997, 0],
              [115.135929885, -2.96306045599994, 0],
              [115.136058375, -2.96306045599994, 0],
              [115.136379603, -2.96292839599994, 0],
              [115.136517808, -2.96285291999993, 0],
              [115.136619132, -2.96279758599997, 0],
              [115.137156953, -2.96288884099994, 0]
            ]
          ]
        ]
      }
    },
    {
      "type": "Feature",
      "properties": {
        "kd_propinsi": "63",
        "kd_dati2": "05",
        "kd_kecamatan": "12",
        "kd_kelurahan": "134",
        "nm_kelurahan": "Rantau Kanan"
      },
      "geometry": {
        "type": "MultiPolygon",
        "coordinates": [
          [
            [
              [115.153635611, -2.92479003699998, 0],
              [115.153620454, -2.92485697799998, 0],
              [115.153601076, -2.92494256199996, 0],
              [115.153585015, -2.92501349599996, 0],
              [115.153580257, -2.92522764799998, 0],
              [115.153542186, -2.92532234999993, 0],
              [115.153507062, -2.92538951099994, 0],
              [115.153447007, -2.92546559399995, 0],
              [115.1533899, -2.92554173699995, 0],
              [115.153369441, -2.92556347499993, 0],
              [115.153353374, -2.92558054599994, 0],
              [115.153313757, -2.92562263899993, 0],
              [115.153213819, -2.92573685199994, 0],
              [115.153075811, -2.92591293299995, 0],
              [115.152879267, -2.92608461199995, 0],
              [115.152769219, -2.92617086599995, 0],
              [115.152628964, -2.92627375699993, 0],
              [115.15243312, -2.92645045299997, 0],
              [115.152224916, -2.92658132299994, 0],
              [115.151954252, -2.92664378399996, 0],
              [115.151725229, -2.92675383399995, 0],
              [115.151531897, -2.92692039699995, 0],
              [115.151412925, -2.92705721599998, 0],
              [115.151348274, -2.92711246299996, 0],
              [115.151249337, -2.92719700899994, 0],
              [115.151210671, -2.92729813599993, 0],
              [115.151186876, -2.92748849299994, 0],
              [115.151163082, -2.92766100299997, 0],
              [115.15110062, -2.92773536199996, 0],
              [115.151047084, -2.92780674599993, 0],
              [115.15098371, -2.92790327299997, 0],
              [115.150917086, -2.92800082999997, 0],
              [115.150852839, -2.92807935299993, 0],
              [115.150786215, -2.92813170099993, 0],
              [115.150733868, -2.92816977199993, 0],
              [115.150661184, -2.92824358699994, 0],
              [115.150536371, -2.92824591399995, 0],
              [115.150467366, -2.92824115599996, 0],
              [115.150334116, -2.92823223299996, 0],
              [115.150188376, -2.92826792499994, 0],
              [115.150108068, -2.92827387399996, 0],
              [115.149998018, -2.92831848899994, 0],
              [115.149932583, -2.92834823199996, 0],
              [115.149855251, -2.92838689799993, 0],
              [115.149795763, -2.92842258999997, 0],
              [115.149739252, -2.92848505099994, 0],
              [115.149694636, -2.92856833199994, 0],
              [115.149608381, -2.92877355999997, 0],
              [115.149599458, -2.92888360999996, 0],
              [115.149632177, -2.92900853199996, 0],
              [115.149679765, -2.92909181299996, 0],
              [115.14992366, -2.92925837599995, 0],
              [115.149948827, -2.92928605999992, 0],
              [115.150042633, -2.92938924599997, 0],
              [115.150256785, -2.92964503799993, 0],
              [115.150363861, -2.92982349799996, 0],
              [115.150435244, -2.92996031699994, 0],
              [115.150470936, -2.93004359699995, 0],
              [115.150488782, -2.93012985299993, 0],
              [115.150488783, -2.93022800599994, 0],
              [115.150443896, -2.93039395699998, 0],
              [115.150431823, -2.93043858799996, 0],
              [115.150374717, -2.93050997099994, 0],
              [115.150284297, -2.93061466799998, 0],
              [115.150203395, -2.93070032899993, 0],
              [115.150140915, -2.93077322299996, 0],
              [115.150117735, -2.93080026699994, 0],
              [115.150060627, -2.93094303399994, 0],
              [115.150087992, -2.93111851899994, 0],
              [115.150123683, -2.93130292699993, 0],
              [115.150174247, -2.93147841199993, 0],
              [115.150278706, -2.931769, 0],
              [115.150337834, -2.93193348399996, 0],
              [115.150450859, -2.93218332799995, 0],
              [115.150513321, -2.93245547899994, 0],
              [115.150542875, -2.93269320699994, 0],
              [115.150643283, -2.93273107299996, 0],
              [115.150724186, -2.93280245599993, 0],
              [115.150807466, -2.93287621999997, 0],
              [115.150887657, -2.93294085399998, 0],
              [115.151031135, -2.93304754099995, 0],
              [115.15114297, -2.93317127299997, 0],
              [115.151218955, -2.93339256299993, 0],
              [115.151202001, -2.93352819199993, 0],
              [115.151194281, -2.93358994799996, 0],
              [115.151171365, -2.93377327699994, 0],
              [115.151119018, -2.93396363399995, 0],
              [115.15101789, -2.93410640099995, 0],
              [115.150933732, -2.93429088699998, 0],
              [115.150885831, -2.93453470399993, 0],
              [115.150832292, -2.93497371499996, 0],
              [115.150840565, -2.93504321099994, 0],
              [115.150887718, -2.93522014199994, 0],
              [115.150901606, -2.93527225199995, 0],
              [115.150948785, -2.93544928399996, 0],
              [115.150962314, -2.93550004599996, 0],
              [115.150986834, -2.93554000599994, 0],
              [115.151069819, -2.93567523999997, 0],
              [115.150948596, -2.93566314499998, 0],
              [115.150637517, -2.93563210599996, 0],
              [115.150330567, -2.93561425999997, 0],
              [115.150180661, -2.93559641399997, 0],
              [115.149964839, -2.93548169099995, 0],
              [115.149773773, -2.93536084699997, 0],
              [115.149620297, -2.93520023399998, 0],
              [115.149498946, -2.93508601899993, 0],
              [115.149370097, -2.93497608799993, 0],
              [115.149280867, -2.93488328999996, 0],
              [115.149191637, -2.93487258199997, 0],
              [115.149098838, -2.93489042899995, 0],
              [115.148877548, -2.93494396599994, 0],
              [115.148349308, -2.93500464199997, 0],
              [115.14802783, -2.93504420799997, 0],
              [115.147885314, -2.93506174899994, 0],
              [115.147769717, -2.93507225799993, 0],
              [115.147649747, -2.93508316399993, 0],
              [115.14713281, -2.93505788199997, 0],
              [115.145467186, -2.93542669899995, 0],
              [115.144765655, -2.93560901799998, 0],
              [115.144414275, -2.93570033699996, 0],
              [115.144003818, -2.93580741199997, 0],
              [115.143557669, -2.93591448799998, 0],
              [115.142658355, -2.93590398299995, 0],
              [115.142521759, -2.93341781399994, 0],
              [115.142455875, -2.93289285499998, 0],
              [115.142368521, -2.93272642799997, 0],
              [115.141977753, -2.93199287999994, 0],
              [115.141846354, -2.93174622199996, 0],
              [115.141793679, -2.93159138899995, 0],
              [115.141544047, -2.93085762299995, 0],
              [115.141383402, -2.93039882099993, 0],
              [115.141305484, -2.93017628899997, 0],
              [115.141059288, -2.92900255999996, 0],
              [115.141012601, -2.92877610599993, 0],
              [115.140804027, -2.92776441999996, 0],
              [115.140234457, -2.92617499599993, 0],
              [115.139757878, -2.92483257699996, 0],
              [115.139656689, -2.92454755099993, 0],
              [115.139339945, -2.92365561399993, 0],
              [115.13928167, -2.92349151399998, 0],
              [115.139213792, -2.92330037899995, 0],
              [115.139148138, -2.92311549799996, 0],
              [115.139784504, -2.92120639899997, 0],
              [115.139792675, -2.92118188699993, 0],
              [115.139957891, -2.92058710999993, 0],
              [115.139974138, -2.92058767099996, 0],
              [115.140340038, -2.92060971399997, 0],
              [115.142216067, -2.92072272599995, 0],
              [115.142978002, -2.92076862599993, 0],
              [115.145864245, -2.92158292699997, 0],
              [115.148316193, -2.92239722699998, 0],
              [115.149994557, -2.92330652899994, 0],
              [115.151306484, -2.92427464199994, 0],
              [115.152071022, -2.92470441099994, 0],
              [115.153635611, -2.92479003699998, 0]
            ]
          ]
        ]
      }
    },
    {
      "type": "Feature",
      "properties": {
        "kd_propinsi": "63",
        "kd_dati2": "05",
        "kd_kecamatan": "10",
        "kd_kelurahan": "102",
        "nm_kelurahan": "Timbaan"
      },
      "geometry": {
        "type": "MultiPolygon",
        "coordinates": [
          [
            [
              [115.124373206, -2.96896900999997, 0],
              [115.124381844, -2.96897101899998, 0],
              [115.125762805, -2.96922623399996, 0],
              [115.130264746, -2.97011139399996, 0],
              [115.131759047, -2.97047307199995, 0],
              [115.133852973, -2.97104414299997, 0],
              [115.134069032, -2.97106814899996, 0],
              [115.134195614, -2.97108221399998, 0],
              [115.134271489, -2.97109113999994, 0],
              [115.134316843, -2.97217961299998, 0],
              [115.13520644, -2.97625303599995, 0],
              [115.131482262, -2.97362755099994, 0],
              [115.131406119, -2.97371321199995, 0],
              [115.128027286, -2.97698259099997, 0],
              [115.124563787, -2.98017022399995, 0],
              [115.124311209, -2.98041679999994, 0],
              [115.123301361, -2.98140264999995, 0],
              [115.120697634, -2.98389732199996, 0],
              [115.1206983, -2.98390074599996, 0],
              [115.12011874, -2.98388460899997, 0],
              [115.118768966, -2.98385420799997, 0],
              [115.116895143, -2.98381200599994, 0],
              [115.116761289, -2.98385822799997, 0],
              [115.114876765, -2.98450899899996, 0],
              [115.114552494, -2.98440090899993, 0],
              [115.113395651, -2.98401529499995, 0],
              [115.113247613, -2.98382297499995, 0],
              [115.112093303, -2.98240324699998, 0],
              [115.111614292, -2.98207664899996, 0],
              [115.110332583, -2.98120275599996, 0],
              [115.110337147, -2.98119562899996, 0],
              [115.109595079, -2.98070742599998, 0],
              [115.109093072, -2.98020189799996, 0],
              [115.108203701, -2.97930628399996, 0],
              [115.104864367, -2.97835029299995, 0],
              [115.103292381, -2.97790025999996, 0],
              [115.103358586, -2.97772293599996, 0],
              [115.103458555, -2.97743849599993, 0],
              [115.103578406, -2.97710213899995, 0],
              [115.103718216, -2.97665482699995, 0],
              [115.103729442, -2.97662957099993, 0],
              [115.104779644, -2.97537973199997, 0],
              [115.105265054, -2.97517271999993, 0],
              [115.105550589, -2.97501567499995, 0],
              [115.105407823, -2.97470872399993, 0],
              [115.105393544, -2.97452312799993, 0],
              [115.105386406, -2.97437321999996, 0],
              [115.105300746, -2.97410910099995, 0],
              [115.105707633, -2.97410909999996, 0],
              [115.106128798, -2.97396633299996, 0],
              [115.106135936, -2.97353089199993, 0],
              [115.106542824, -2.97208179899997, 0],
              [115.106621346, -2.97193189299998, 0],
              [115.106578517, -2.97179626499997, 0],
              [115.106949712, -2.97145362299995, 0],
              [115.106864052, -2.97124660999998, 0],
              [115.107063927, -2.97073978299994, 0],
              [115.107106756, -2.97067553899996, 0],
              [115.107199555, -2.97051849399998, 0],
              [115.107399431, -2.97036144999993, 0],
              [115.107542199, -2.97029006599996, 0],
              [115.107656413, -2.97021154299995, 0],
              [115.10771352, -2.97009732899994, 0],
              [115.107749211, -2.96992600799996, 0],
              [115.107749211, -2.96986176299993, 0],
              [115.107692104, -2.96974754899998, 0],
              [115.107627859, -2.96969757999995, 0],
              [115.107499368, -2.96965474999996, 0],
              [115.107420845, -2.96963333399998, 0],
              [115.107385154, -2.96959050399994, 0],
              [115.107370876, -2.96952625999995, 0],
              [115.107378015, -2.96945487499994, 0],
              [115.107425604, -2.96930972799993, 0],
              [115.107587408, -2.96900991499996, 0],
              [115.107546086, -2.96872604899994, 0],
              [115.112591103, -2.96845769799995, 0],
              [115.113300017, -2.96841998899993, 0],
              [115.116210961, -2.96839890099994, 0],
              [115.117336461, -2.96839074599996, 0],
              [115.121749144, -2.96835876299997, 0],
              [115.124373206, -2.96896900999997, 0]
            ]
          ]
        ]
      }
    },
    {
      "type": "Feature",
      "properties": {
        "kd_propinsi": "63",
        "kd_dati2": "05",
        "kd_kecamatan": "5",
        "kd_kelurahan": "57",
        "nm_kelurahan": "Sungai Puting"
      },
      "geometry": {
        "type": "MultiPolygon",
        "coordinates": [
          [
            [
              [114.924374596, -2.94785063499995, 0],
              [114.923851604, -2.95298540499994, 0],
              [114.923624874, -2.95521155099993, 0],
              [114.923127278, -2.97461695399994, 0],
              [114.922603963, -2.97484520099994, 0],
              [114.921764969, -2.97521116199994, 0],
              [114.921587951, -2.97521036699993, 0],
              [114.921581671, -2.97527202599997, 0],
              [114.918571986, -2.97653268699997, 0],
              [114.912497065, -2.97907727599994, 0],
              [114.911811423, -2.97936447299998, 0],
              [114.902495833, -2.98326647199997, 0],
              [114.900115332, -2.98426358699993, 0],
              [114.898946827, -2.98101124999994, 0],
              [114.896093017, -2.97306814099994, 0],
              [114.891403615, -2.96001597099996, 0],
              [114.88873057, -2.95257599399997, 0],
              [114.887614144, -2.94946861099993, 0],
              [114.886703427, -2.94693378299996, 0],
              [114.887986632, -2.94290902099993, 0],
              [114.889242408, -2.93893004099994, 0],
              [114.890101573, -2.93619709299998, 0],
              [114.890913489, -2.93364358699995, 0],
              [114.891225658, -2.93263189199996, 0],
              [114.891567676, -2.93294757699994, 0],
              [114.892685827, -2.93400421399997, 0],
              [114.894114857, -2.93522220699992, 0],
              [114.895718508, -2.93629065199997, 0],
              [114.897198854, -2.93727694299997, 0],
              [114.898354355, -2.93782875899996, 0],
              [114.899693422, -2.93802263399994, 0],
              [114.900472263, -2.93783052699996, 0],
              [114.901172673, -2.93746421499998, 0],
              [114.902287362, -2.93672921199993, 0],
              [114.903190759, -2.93582818299996, 0],
              [114.904159813, -2.93464271099998, 0],
              [114.904974169, -2.93356170499993, 0],
              [114.905071484, -2.93344836299997, 0],
              [114.905222767, -2.93322047799995, 0],
              [114.90537405, -2.93299259399993, 0],
              [114.905525331, -2.93276470999996, 0],
              [114.905676614, -2.93253682599993, 0],
              [114.905782354, -2.93235602899995, 0],
              [114.905888092, -2.93217523299995, 0],
              [114.906018887, -2.93193517899994, 0],
              [114.906110769, -2.93176063499993, 0],
              [114.906130055, -2.93172241199994, 0],
              [114.90623994, -2.93153442599993, 0],
              [114.906339644, -2.93136664899993, 0],
              [114.906482131, -2.93110894999995, 0],
              [114.906502052, -2.93107392499996, 0],
              [114.906596205, -2.93090839299993, 0],
              [114.90671028, -2.93070783599995, 0],
              [114.906888496, -2.93043526899993, 0],
              [114.906998749, -2.93022894699993, 0],
              [114.907109002, -2.93002262599993, 0],
              [114.907219255, -2.92981630499997, 0],
              [114.907316475, -2.92962915599998, 0],
              [114.907413692, -2.92944200699998, 0],
              [114.90751514, -2.92922505899998, 0],
              [114.907616587, -2.92900811099997, 0],
              [114.907718034, -2.92879116299997, 0],
              [114.907819479, -2.92857421599996, 0],
              [114.907929732, -2.92836789299997, 0],
              [114.908039986, -2.92816157099998, 0],
              [114.908150238, -2.92795524899998, 0],
              [114.908184387, -2.92789058599993, 0],
              [114.9083287, -2.92768737999995, 0],
              [114.908455988, -2.92746466599994, 0],
              [114.908583276, -2.92724195099993, 0],
              [114.908710564, -2.92701923699997, 0],
              [114.908837852, -2.92679652199996, 0],
              [114.908965141, -2.92657380699995, 0],
              [114.909092428, -2.92635109299994, 0],
              [114.909215336, -2.92613096399998, 0],
              [114.909338242, -2.92591083599996, 0],
              [114.909461149, -2.92569070599996, 0],
              [114.909584055, -2.92547057699994, 0],
              [114.909604957, -2.92542572099995, 0],
              [114.909782294, -2.92504515199994, 0],
              [114.909886922, -2.92483026999997, 0],
              [114.90999155, -2.92461538699996, 0],
              [114.910096178, -2.92440050399995, 0],
              [114.910200807, -2.92418562099994, 0],
              [114.910305435, -2.92397073899997, 0],
              [114.910363398, -2.92374672499994, 0],
              [114.91045908, -2.92350608399994, 0],
              [114.910554763, -2.92326544299993, 0],
              [114.910650448, -2.92302480199993, 0],
              [114.910689751, -2.92294371199995, 0],
              [114.911721333, -2.92420247199993, 0],
              [114.911935483, -2.92444517699994, 0],
              [114.912163911, -2.92451656199995, 0],
              [114.912478001, -2.92444517699994, 0],
              [114.912706428, -2.92434523999998, 0],
              [114.91292058, -2.92438807099995, 0],
              [114.913163286, -2.92445945399993, 0],
              [114.91336316, -2.92443090099994, 0],
              [114.913705803, -2.92437379299997, 0],
              [114.9138914, -2.92433096299993, 0],
              [114.914134106, -2.92420247199993, 0],
              [114.914462471, -2.92415964199995, 0],
              [114.914805113, -2.92428813299995, 0],
              [114.91509065, -2.92454511499994, 0],
              [114.915204864, -2.92464505199996, 0],
              [114.915447568, -2.92480209699994, 0],
              [114.915775933, -2.92478781999995, 0],
              [114.916047192, -2.92473071299997, 0],
              [114.91627562, -2.92483064999993, 0],
              [114.916418388, -2.92488775699997, 0],
              [114.916703923, -2.92475926599997, 0],
              [114.916989459, -2.92488775699997, 0],
              [114.917232164, -2.92508763199993, 0],
              [114.917546252, -2.92514473899996, 0],
              [114.917788958, -2.92510190799993, 0],
              [114.917974555, -2.92500197099997, 0],
              [114.918374304, -2.92480209599995, 0],
              [114.918631287, -2.92465932899995, 0],
              [114.918802609, -2.92451656099996, 0],
              [114.919031037, -2.92441662499994, 0],
              [114.919330848, -2.92444517699994, 0],
              [114.919730598, -2.92441662299996, 0],
              [114.920201732, -2.92421674899993, 0],
              [114.920487267, -2.92424530299996, 0],
              [114.920772802, -2.92444517699994, 0],
              [114.921272488, -2.92501624799996, 0],
              [114.922229032, -2.92652958499997, 0],
              [114.923985074, -2.92928500099993, 0],
              [114.925698286, -2.93225456799996, 0],
              [114.925918169, -2.93269627699993, 0],
              [114.925534606, -2.93646198399995, 0],
              [114.925269125, -2.93906826199998, 0],
              [114.924778089, -2.94388906999996, 0],
              [114.924777398, -2.94389586499995, 0],
              [114.924693487, -2.94471966899994, 0],
              [114.924670333, -2.94494697999994, 0],
              [114.924374596, -2.94785063499995, 0]
            ]
          ]
        ]
      }
    },
    {
      "type": "Feature",
      "properties": {
        "kd_propinsi": "63",
        "kd_dati2": "05",
        "kd_kecamatan": "5",
        "kd_kelurahan": "60",
        "nm_kelurahan": "Teluk Haur"
      },
      "geometry": {
        "type": "MultiPolygon",
        "coordinates": [
          [
            [
              [114.91822627, -2.77856531399993, 0],
              [114.918083615, -2.77870157799993, 0],
              [114.907100933, -2.78924935199996, 0],
              [114.921035669, -2.80550070799995, 0],
              [114.93089145, -2.81680234599997, 0],
              [114.929231408, -2.81887739899997, 0],
              [114.921685672, -2.81934900699997, 0],
              [114.914718911, -2.81476617799996, 0],
              [114.909198561, -2.81061639799998, 0],
              [114.909217597, -2.81029279099994, 0],
              [114.909179526, -2.80996918399995, 0],
              [114.909084348, -2.80951232699994, 0],
              [114.908951096, -2.80915064899995, 0],
              [114.908913025, -2.80890318499996, 0],
              [114.908798811, -2.80869379299998, 0],
              [114.908684597, -2.80852247199994, 0],
              [114.908665561, -2.80833211499993, 0],
              [114.908589418, -2.80814175799998, 0],
              [114.908456169, -2.80795140099997, 0],
              [114.908151599, -2.80776104399996, 0],
              [114.907770884, -2.80755165099993, 0],
              [114.907618598, -2.80738032999994, 0],
              [114.90752342, -2.80722804499993, 0],
              [114.907314028, -2.80703768799998, 0],
              [114.906971385, -2.80696154599997, 0],
              [114.906609707, -2.80696154599997, 0],
              [114.906152851, -2.80715190199993, 0],
              [114.905676959, -2.80738032999994, 0],
              [114.905334316, -2.80768490199995, 0],
              [114.905258173, -2.80787525899996, 0],
              [114.905162995, -2.80829404299993, 0],
              [114.905067817, -2.80856054299994, 0],
              [114.904972638, -2.80880800699993, 0],
              [114.904820352, -2.80897932799996, 0],
              [114.904649032, -2.80907450599995, 0],
              [114.904325424, -2.80916968499997, 0],
              [114.903925675, -2.80913161299998, 0],
              [114.90337364, -2.80880800699993, 0],
              [114.902307641, -2.80795140099997, 0],
              [114.901736572, -2.80739936599997, 0],
              [114.900937073, -2.80656179599993, 0],
              [114.900080467, -2.80574326099998, 0],
              [114.899395181, -2.80515315499997, 0],
              [114.897648658, -2.80529473299993, 0],
              [114.810710435, -2.78007255899996, 0],
              [114.80924968, -2.77964871999996, 0],
              [114.807991807, -2.77928374499993, 0],
              [114.8077127, -2.77936121799996, 0],
              [114.807644538, -2.77937911499993, 0],
              [114.806051297, -2.76484051099993, 0],
              [114.804784239, -2.75327838599998, 0],
              [114.804725871, -2.75241503799998, 0],
              [114.804566015, -2.75005054099995, 0],
              [114.804537305, -2.74845310899997, 0],
              [114.804535886, -2.74837413599994, 0],
              [114.804510933, -2.74698572699998, 0],
              [114.804489195, -2.74637996199994, 0],
              [114.804482812, -2.74620210499995, 0],
              [114.804438905, -2.74497854499998, 0],
              [114.804429977, -2.74472974499997, 0],
              [114.804399326, -2.74387558999996, 0],
              [114.804391001, -2.74364358099996, 0],
              [114.804384403, -2.74345971799994, 0],
              [114.804377867, -2.74327758499993, 0],
              [114.804373047, -2.74314326899997, 0],
              [114.804527171, -2.74313851099993, 0],
              [114.804983559, -2.74329362799995, 0],
              [114.805425634, -2.74344387899993, 0],
              [114.805835988, -2.74358334899995, 0],
              [114.86638656, -2.76416168999998, 0],
              [114.91822627, -2.77856531399993, 0]
            ]
          ]
        ]
      }
    },
    {
      "type": "Feature",
      "properties": {
        "kd_propinsi": "63",
        "kd_dati2": "05",
        "kd_kecamatan": "5",
        "kd_kelurahan": "54",
        "nm_kelurahan": "Rawana"
      },
      "geometry": {
        "type": "MultiPolygon",
        "coordinates": [
          [
            [
              [114.948192525, -2.79196258299993, 0],
              [114.947653109, -2.79251615399994, 0],
              [114.944947126, -2.79387769699997, 0],
              [114.942444681, -2.79514521299996, 0],
              [114.939516175, -2.79594122399993, 0],
              [114.936530478, -2.79748717399997, 0],
              [114.935840434, -2.79848654799997, 0],
              [114.936744629, -2.79915279599993, 0],
              [114.938315073, -2.79962868899997, 0],
              [114.939599982, -2.80039011799994, 0],
              [114.941876334, -2.80216479799998, 0],
              [114.947628183, -2.80689620499993, 0],
              [114.946230824, -2.80782777799993, 0],
              [114.938679408, -2.81160348599997, 0],
              [114.932631291, -2.81462754499995, 0],
              [114.93089145, -2.81680234599997, 0],
              [114.921035669, -2.80550070799995, 0],
              [114.907100933, -2.78924935199996, 0],
              [114.918083615, -2.77870157799993, 0],
              [114.91822627, -2.77856531399993, 0],
              [114.920043406, -2.77907020399994, 0],
              [114.921413976, -2.78004102399996, 0],
              [114.931464819, -2.78506644499993, 0],
              [114.948150332, -2.79194518899993, 0],
              [114.948192525, -2.79196258299993, 0]
            ]
          ]
        ]
      }
    },
    {
      "type": "Feature",
      "properties": {
        "kd_propinsi": "63",
        "kd_dati2": "05",
        "kd_kecamatan": "5",
        "kd_kelurahan": "55",
        "nm_kelurahan": "Rawana Hulu"
      },
      "geometry": {
        "type": "MultiPolygon",
        "coordinates": [
          [
            [
              [114.972034132, -2.79062557299994, 0],
              [114.963025958, -2.79663102299998, 0],
              [114.961685023, -2.79752497899995, 0],
              [114.95876456, -2.79947195399996, 0],
              [114.957600369, -2.80024808099995, 0],
              [114.956675358, -2.80086475599995, 0],
              [114.94880051, -2.80611465399994, 0],
              [114.947628183, -2.80689620499993, 0],
              [114.941876334, -2.80216479799998, 0],
              [114.939599982, -2.80039011799994, 0],
              [114.938315073, -2.79962868899997, 0],
              [114.936744629, -2.79915279599993, 0],
              [114.935840434, -2.79848654799997, 0],
              [114.936530478, -2.79748717399997, 0],
              [114.939516175, -2.79594122399993, 0],
              [114.942444681, -2.79514521299996, 0],
              [114.944947126, -2.79387769699997, 0],
              [114.947653109, -2.79251615399994, 0],
              [114.948192525, -2.79196258299993, 0],
              [114.950230749, -2.78987087999997, 0],
              [114.950237613, -2.78986183699993, 0],
              [114.950356209, -2.78970563299993, 0],
              [114.95049161, -2.78951864899995, 0],
              [114.950627012, -2.78933166499996, 0],
              [114.95074135, -2.78916902099996, 0],
              [114.950908708, -2.78892937499995, 0],
              [114.951045373, -2.78870746999996, 0],
              [114.95116449, -2.78851259699997, 0],
              [114.951285633, -2.78831005699993, 0],
              [114.951419825, -2.78807781699993, 0],
              [114.951554018, -2.78784557599994, 0],
              [114.951939985, -2.78713976999995, 0],
              [114.953496034, -2.78787415199997, 0],
              [114.954733355, -2.78818348199997, 0],
              [114.955804113, -2.78865937299997, 0],
              [114.956684512, -2.78908767699994, 0],
              [114.957779064, -2.78930182799996, 0],
              [114.960110936, -2.78949218499997, 0],
              [114.96256178, -2.78961115799996, 0],
              [114.965012625, -2.78975392699994, 0],
              [114.968010747, -2.78996807699997, 0],
              [114.970651948, -2.79006325599994, 0],
              [114.971413376, -2.79053914799994, 0],
              [114.972034132, -2.79062557299994, 0]
            ]
          ]
        ]
      }
    },
    {
      "type": "Feature",
      "properties": {
        "kd_propinsi": "63",
        "kd_dati2": "05",
        "kd_kecamatan": "12",
        "kd_kelurahan": "133",
        "nm_kelurahan": "Rangda Malingkung"
      },
      "geometry": {
        "type": "MultiPolygon",
        "coordinates": [
          [
            [
              [115.180798077, -2.93809521099996, 0],
              [115.180816696, -2.93810666899998, 0],
              [115.184318027, -2.94026133399996, 0],
              [115.183601363, -2.94282084899993, 0],
              [115.183370348, -2.94364590199996, 0],
              [115.1829642, -2.94743661799993, 0],
              [115.182964201, -2.94906505699993, 0],
              [115.1829642, -2.95271654399994, 0],
              [115.183505731, -2.95461190199995, 0],
              [115.18443324, -2.95646691999997, 0],
              [115.184318027, -2.95948567899995, 0],
              [115.182776244, -2.96128442599996, 0],
              [115.182693435, -2.96138103699997, 0],
              [115.180948388, -2.96038386699996, 0],
              [115.178379741, -2.95891606899994, 0],
              [115.176059682, -2.95759032199993, 0],
              [115.171864435, -2.95636670899995, 0],
              [115.169561312, -2.95569496299993, 0],
              [115.167902304, -2.95503135999996, 0],
              [115.164146003, -2.95352883999993, 0],
              [115.162125502, -2.95355388999997, 0],
              [115.161106434, -2.95356652499993, 0],
              [115.16099341, -2.95340007299996, 0],
              [115.160553211, -2.95290038499996, 0],
              [115.160029728, -2.95235310899994, 0],
              [115.159456278, -2.95185421599996, 0],
              [115.158967695, -2.95128711099994, 0],
              [115.156302699, -2.95129662899996, 0],
              [115.154484791, -2.95184866299996, 0],
              [115.151934009, -2.95259105499997, 0],
              [115.149525994, -2.95320971599995, 0],
              [115.149505538, -2.95303543499995, 0],
              [115.149255694, -2.95236085799996, 0],
              [115.149187879, -2.95217882899993, 0],
              [115.149262832, -2.95215384399995, 0],
              [115.149373478, -2.95211101399997, 0],
              [115.149430585, -2.95208246099998, 0],
              [115.14949483, -2.95204319999994, 0],
              [115.149548369, -2.95197538499997, 0],
              [115.149541229, -2.95187187899995, 0],
              [115.149476983, -2.95183618699997, 0],
              [115.1493592, -2.95182190999998, 0],
              [115.149223571, -2.95178264899994, 0],
              [115.149029008, -2.95176862699998, 0],
              [115.148923759, -2.95175052599996, 0],
              [115.148813115, -2.95170412699997, 0],
              [115.148763146, -2.95165772699994, 0],
              [115.148688192, -2.95158991399995, 0],
              [115.148631085, -2.95151852799995, 0],
              [115.148591825, -2.95143286899997, 0],
              [115.148602532, -2.95133649999997, 0],
              [115.148648932, -2.95125797799994, 0],
              [115.148780992, -2.95122585499996, 0],
              [115.148930897, -2.95122585499996, 0],
              [115.149109663, -2.95128648799994, 0],
              [115.149287816, -2.95132579299997, 0],
              [115.149344924, -2.95133293099997, 0],
              [115.149451999, -2.95135434599996, 0],
              [115.149526952, -2.95134006899997, 0],
              [115.149612614, -2.95132222299998, 0],
              [115.149676859, -2.95130080799993, 0],
              [115.149712551, -2.95127939299994, 0],
              [115.14975538, -2.95122585499996, 0],
              [115.149783934, -2.95117588599993, 0],
              [115.149812487, -2.95110450199996, 0],
              [115.149805349, -2.95099028799996, 0],
              [115.14975895, -2.95084395099997, 0],
              [115.149616182, -2.95072616799996, 0],
              [115.149362769, -2.95057269299997, 0],
              [115.14916713, -2.95045359499994, 0],
              [115.149087941, -2.95041207999998, 0],
              [115.14901299, -2.95036211099995, 0],
              [115.148859513, -2.95027644999993, 0],
              [115.148666778, -2.95021934299996, 0],
              [115.148456194, -2.95015152799994, 0],
              [115.148284874, -2.95013725199993, 0],
              [115.148163522, -2.95014795899994, 0],
              [115.148027892, -2.95014081999995, 0],
              [115.147895832, -2.95014082199998, 0],
              [115.147799464, -2.95015509799993, 0],
              [115.147692388, -2.95013725199993, 0],
              [115.147596021, -2.95005159099998, 0],
              [115.147531774, -2.94999448399994, 0],
              [115.147467529, -2.94990882299993, 0],
              [115.147435406, -2.94983030099996, 0],
              [115.147438976, -2.94973393299995, 0],
              [115.147478236, -2.94961614999994, 0],
              [115.147622319, -2.94948554199993, 0],
              [115.147699526, -2.94939854799998, 0],
              [115.147731649, -2.94930931799996, 0],
              [115.147760203, -2.94923079599994, 0],
              [115.147810172, -2.94912728899993, 0],
              [115.147824448, -2.94884532299994, 0],
              [115.147703096, -2.94858834099995, 0],
              [115.147531774, -2.94840988199996, 0],
              [115.14737116, -2.94828139099997, 0],
              [115.147274793, -2.94813505399998, 0],
              [115.147306916, -2.94797444099993, 0],
              [115.147328703, -2.94792518099996, 0],
              [115.147389007, -2.94778884199997, 0],
              [115.147467528, -2.94767819799995, 0],
              [115.147599589, -2.94755327599995, 0],
              [115.147820879, -2.94744619999995, 0],
              [115.148070722, -2.94725703299997, 0],
              [115.148127829, -2.94718921799995, 0],
              [115.148152814, -2.94710355799998, 0],
              [115.148156383, -2.94697149799993, 0],
              [115.148102844, -2.94682516099994, 0],
              [115.1479458, -2.94660030199998, 0],
              [115.147788281, -2.94629156699995, 0],
              [115.147706251, -2.94613078699996, 0],
              [115.147635281, -2.94592215599994, 0],
              [115.147617435, -2.94582935699998, 0],
              [115.147613865, -2.94574012599998, 0],
              [115.147621004, -2.94565803499995, 0],
              [115.147653127, -2.94550099099996, 0],
              [115.14768525, -2.94538320699996, 0],
              [115.147933903, -2.94493676099995, 0],
              [115.148116961, -2.94474854999993, 0],
              [115.148307689, -2.94452270199997, 0],
              [115.148475058, -2.94432451799997, 0],
              [115.148509734, -2.94410722099997, 0],
              [115.148598963, -2.94385737799996, 0],
              [115.148657939, -2.94369273599995, 0],
              [115.148884498, -2.94306025899994, 0],
              [115.148985624, -2.94283420899996, 0],
              [115.149057008, -2.94267359599996, 0],
              [115.149223689, -2.94246999399996, 0],
              [115.149411074, -2.94239563499997, 0],
              [115.14960143, -2.94242835299997, 0],
              [115.149830453, -2.94246107099997, 0],
              [115.150035586, -2.94245095299993, 0],
              [115.150169526, -2.94245214799997, 0],
              [115.150306344, -2.94241942999997, 0],
              [115.150431266, -2.94234507199997, 0],
              [115.15055024, -2.94226773899993, 0],
              [115.150740597, -2.94214281699993, 0],
              [115.150838749, -2.94206251099996, 0],
              [115.151233642, -2.94149649699995, 0],
              [115.151334769, -2.94114849999994, 0],
              [115.151349917, -2.94102515099996, 0],
              [115.151355589, -2.94097896399995, 0],
              [115.151337743, -2.94078860699995, 0],
              [115.151186051, -2.94042276499994, 0],
              [115.151139235, -2.94031673999996, 0],
              [115.150983797, -2.93996471899993, 0],
              [115.150983797, -2.93989795499994, 0],
              [115.150983796, -2.93982195099994, 0],
              [115.150989745, -2.93969405499996, 0],
              [115.1509719, -2.93930441799995, 0],
              [115.150952612, -2.93920315199995, 0],
              [115.150948105, -2.93917949599995, 0],
              [115.150906465, -2.93906647199998, 0],
              [115.150763697, -2.93872739999995, 0],
              [115.150650672, -2.93845673499993, 0],
              [115.150612006, -2.93836453099993, 0],
              [115.15057929, -2.93828719799996, 0],
              [115.150498983, -2.93817119999994, 0],
              [115.150278883, -2.93794515099995, 0],
              [115.1501956, -2.93782915199995, 0],
              [115.150186514, -2.93780402899995, 0],
              [115.150145037, -2.93768935899993, 0],
              [115.150066478, -2.93748380399995, 0],
              [115.150032013, -2.93742761799996, 0],
              [115.150029038, -2.93738895199994, 0],
              [115.150029038, -2.93733243999998, 0],
              [115.150037776, -2.93727100199993, 0],
              [115.150048477, -2.93719575799997, 0],
              [115.150045032, -2.93716104199996, 0],
              [115.150042061, -2.93691743399995, 0],
              [115.150090745, -2.93681439099993, 0],
              [115.15013365, -2.93672984599994, 0],
              [115.150223296, -2.93662443599993, 0],
              [115.150326981, -2.93658410399996, 0],
              [115.150416211, -2.93654543799994, 0],
              [115.150576824, -2.93647405599995, 0],
              [115.150844514, -2.93636995299994, 0],
              [115.151052718, -2.93628964599998, 0],
              [115.151165743, -2.93612605899995, 0],
              [115.151177639, -2.93601600799997, 0],
              [115.151174664, -2.93591785499996, 0],
              [115.151127076, -2.93580482999994, 0],
              [115.151069819, -2.93567523999997, 0],
              [115.150986834, -2.93554000599994, 0],
              [115.150962314, -2.93550004599996, 0],
              [115.150948785, -2.93544928399996, 0],
              [115.150901606, -2.93527225199995, 0],
              [115.150887718, -2.93522014199994, 0],
              [115.150840565, -2.93504321099994, 0],
              [115.150832292, -2.93497371499996, 0],
              [115.150885831, -2.93453470399993, 0],
              [115.150933732, -2.93429088699998, 0],
              [115.15101789, -2.93410640099995, 0],
              [115.151119018, -2.93396363399995, 0],
              [115.151171365, -2.93377327699994, 0],
              [115.151194281, -2.93358994799996, 0],
              [115.151202001, -2.93352819199993, 0],
              [115.151218955, -2.93339256299993, 0],
              [115.15114297, -2.93317127299997, 0],
              [115.151031135, -2.93304754099995, 0],
              [115.150887657, -2.93294085399998, 0],
              [115.150807466, -2.93287621999997, 0],
              [115.150724186, -2.93280245599993, 0],
              [115.150643283, -2.93273107299996, 0],
              [115.150542875, -2.93269320699994, 0],
              [115.150739541, -2.93244838899994, 0],
              [115.151007885, -2.93231828299997, 0],
              [115.151300623, -2.93226949299998, 0],
              [115.151540247, -2.93225515699993, 0],
              [115.152039047, -2.93235413099995, 0],
              [115.152168675, -2.93237985199994, 0],
              [115.152834527, -2.93219582999996, 0],
              [115.154021628, -2.93175161099993, 0],
              [115.154530971, -2.93343376899998, 0],
              [115.154773675, -2.93338023099994, 0],
              [115.155348315, -2.93320533999997, 0],
              [115.155583883, -2.93311968099994, 0],
              [115.156129968, -2.93296977399996, 0],
              [115.156501164, -2.93286626699995, 0],
              [115.157350632, -2.93264140799994, 0],
              [115.157386325, -2.93280915999998, 0],
              [115.157936605, -2.93273800399993, 0],
              [115.157965063, -2.93273432399997, 0],
              [115.158628403, -2.93264854699993, 0],
              [115.158741302, -2.93262747199998, 0],
              [115.159163782, -2.93254860899998, 0],
              [115.159791959, -2.93245580999997, 0],
              [115.160841301, -2.93232018099997, 0],
              [115.161804983, -2.93212030699993, 0],
              [115.162689826, -2.93202301999997, 0],
              [115.163168414, -2.93197039999996, 0],
              [115.164117819, -2.93202036899993, 0],
              [115.163975051, -2.93233445799996, 0],
              [115.163825146, -2.93280559099998, 0],
              [115.164317378, -2.93334269399998, 0],
              [115.164906448, -2.93398545699995, 0],
              [115.165019151, -2.93410843299995, 0],
              [115.165149991, -2.93425120099994, 0],
              [115.165578397, -2.93471865699996, 0],
              [115.166585152, -2.93580213099995, 0],
              [115.166905339, -2.93610202799994, 0],
              [115.167754298, -2.93654378599996, 0],
              [115.168597477, -2.93698253599996, 0],
              [115.170431093, -2.93792633699997, 0],
              [115.172324279, -2.93890364399994, 0],
              [115.173472849, -2.93950119799996, 0],
              [115.175433048, -2.93949933599993, 0],
              [115.176034326, -2.93949747599993, 0],
              [115.177478881, -2.93911772199994, 0],
              [115.179249203, -2.93865792199995, 0],
              [115.180798077, -2.93809521099996, 0]
            ]
          ]
        ]
      }
    },
    {
      "type": "Feature",
      "properties": {
        "kd_propinsi": "63",
        "kd_dati2": "05",
        "kd_kecamatan": "3",
        "kd_kelurahan": "33",
        "nm_kelurahan": "Rantau Bujur"
      },
      "geometry": {
        "type": "MultiPolygon",
        "coordinates": [
          [
            [
              [115.244624238, -2.99892260499996, 0],
              [115.245288783, -2.99903489499997, 0],
              [115.245526728, -2.99898730599995, 0],
              [115.245812264, -2.99875451699995, 0],
              [115.246954405, -2.99875451699995, 0],
              [115.248144136, -2.99875451699995, 0],
              [115.248362496, -2.99875451699995, 0],
              [115.248324246, -3.00278025299997, 0],
              [115.248304398, -3.00486932799993, 0],
              [115.249647914, -3.00781053799994, 0],
              [115.252371256, -3.01123105699998, 0],
              [115.253344397, -3.01137630199997, 0],
              [115.25383823, -3.01078079699994, 0],
              [115.254462783, -3.00951716599997, 0],
              [115.257717386, -3.00951405999996, 0],
              [115.26133414, -3.00951060399996, 0],
              [115.265997831, -3.00950560899997, 0],
              [115.266502343, -3.00950388399997, 0],
              [115.269055556, -3.0125, 0],
              [115.269000703, -3.01260153099997, 0],
              [115.261972222, -3.02561111099993, 0],
              [115.260361111, -3.02855555599996, 0],
              [115.258916667, -3.02802777799997, 0],
              [115.254861111, -3.02991666699995, 0],
              [115.249, -3.03569444399994, 0],
              [115.245583333, -3.03905555599994, 0],
              [115.244277778, -3.04063888899998, 0],
              [115.244277778, -3.04258333299993, 0],
              [115.243611111, -3.04238888899994, 0],
              [115.238555556, -3.04786111099998, 0],
              [115.234888889, -3.04686111099994, 0],
              [115.233707814, -3.04687543999995, 0],
              [115.232495221, -3.04613149899996, 0],
              [115.230129307, -3.04467998099995, 0],
              [115.229361748, -3.04420906899998, 0],
              [115.229351559, -3.04420281799997, 0],
              [115.228350315, -3.04358853799994, 0],
              [115.22737978, -3.04299310999994, 0],
              [115.226584896, -3.04250544299993, 0],
              [115.225472772, -3.04182314799994, 0],
              [115.222630091, -3.04007915299997, 0],
              [115.222704436, -3.03998760599995, 0],
              [115.222745659, -3.03995156599996, 0],
              [115.222799319, -3.03990667399995, 0],
              [115.222892225, -3.03982894999996, 0],
              [115.223070684, -3.03975756599994, 0],
              [115.223213451, -3.03968618199997, 0],
              [115.223534678, -3.03962907499994, 0],
              [115.223727415, -3.03955769099997, 0],
              [115.223955843, -3.03944347699996, 0],
              [115.224205686, -3.03930784799996, 0],
              [115.224469807, -3.03902231199993, 0],
              [115.224833865, -3.03867967099995, 0],
              [115.225069431, -3.03842982699996, 0],
              [115.225354966, -3.03811573699994, 0],
              [115.225697609, -3.03779451099996, 0],
              [115.226140188, -3.03748042199993, 0],
              [115.226411446, -3.03719488599995, 0],
              [115.22670412, -3.03680941299996, 0],
              [115.227003933, -3.03626689699996, 0],
              [115.22736561, -3.03554353999994, 0],
              [115.227679699, -3.03498198699998, 0],
              [115.22807945, -3.03425863099994, 0],
              [115.228184146, -3.03393502399996, 0],
              [115.228726662, -3.03324022199996, 0],
              [115.229078822, -3.03277384799998, 0],
              [115.22948809, -3.03222181299998, 0],
              [115.229849769, -3.03160315299994, 0],
              [115.23019241, -3.03088931399998, 0],
              [115.23045891, -3.03048004699997, 0],
              [115.230801554, -3.03003270799997, 0],
              [115.231106123, -3.02972813799994, 0],
              [115.231439248, -3.02924272699994, 0],
              [115.231572497, -3.02889056699996, 0],
              [115.231382141, -3.02856695999998, 0],
              [115.231039498, -3.02846226399993, 0],
              [115.23072541, -3.02825287199994, 0],
              [115.230401803, -3.02802444299994, 0],
              [115.230173375, -3.02772938999993, 0],
              [115.229935428, -3.02749144399996, 0],
              [115.22962134, -3.02727253399996, 0],
              [115.229250143, -3.02709169599996, 0],
              [115.228983644, -3.02695844499993, 0],
              [115.228679073, -3.02691085599997, 0],
              [115.228326913, -3.02684423099993, 0],
              [115.227955717, -3.02678712399995, 0],
              [115.227736807, -3.02651110699998, 0],
              [115.227565485, -3.02611135699993, 0],
              [115.227308503, -3.02578775099994, 0],
              [115.226918272, -3.02541655499994, 0],
              [115.22657563, -3.02507391199993, 0],
              [115.226204434, -3.02484548299998, 0],
              [115.225699988, -3.02455043099997, 0],
              [115.22493856, -3.02424585999995, 0],
              [115.224967115, -3.02384610999997, 0],
              [115.224957596, -3.02361768199995, 0],
              [115.22481483, -3.02337021699998, 0],
              [115.224662543, -3.02283721799995, 0],
              [115.224462669, -3.02263734399998, 0],
              [115.22414858, -3.02229470199995, 0],
              [115.223710759, -3.02171411299997, 0],
              [115.222977885, -3.02149520299997, 0],
              [115.222821689, -3.02124130299995, 0],
              [115.222907596, -3.01842194599993, 0],
              [115.22324613, -3.01726388599997, 0],
              [115.223084326, -3.01595994199994, 0],
              [115.222008809, -3.01556970999997, 0],
              [115.221637615, -3.01457033599996, 0],
              [115.221523399, -3.01366614099993, 0],
              [115.221951702, -3.01336156999997, 0],
              [115.222256275, -3.01311410699998, 0],
              [115.226915258, -3.01235267899995, 0],
              [115.22705648, -3.01229454099996, 0],
              [115.22705648, -3.01217318799996, 0],
              [115.227006511, -3.01207325099995, 0],
              [115.226935126, -3.01190192899998, 0],
              [115.22705648, -3.01170205499994, 0],
              [115.227113587, -3.01165208599997, 0],
              [115.227177832, -3.01160211799993, 0],
              [115.227406259, -3.01155214799996, 0],
              [115.227549028, -3.01155214799996, 0],
              [115.227784594, -3.01163780899998, 0],
              [115.227898808, -3.01158784099994, 0],
              [115.228005884, -3.01151645799996, 0],
              [115.228091545, -3.01134513499994, 0],
              [115.228141514, -3.01116667599996, 0],
              [115.2279345, -3.01093110999995, 0],
              [115.227977331, -3.01079547999996, 0],
              [115.228334249, -3.01072409599993, 0],
              [115.228576955, -3.01075264999997, 0],
              [115.228783969, -3.01061701999993, 0],
              [115.228941014, -3.01058846699993, 0],
              [115.229098056, -3.01059560599992, 0],
              [115.229340761, -3.01054563599996, 0],
              [115.229640575, -3.01044569999993, 0],
              [115.230011771, -3.01026723999996, 0],
              [115.230153028, -3.01018643799995, 0],
              [115.230290168, -3.01022440899993, 0],
              [115.230432934, -3.01029579299996, 0],
              [115.230604256, -3.01028151699995, 0],
              [115.230711332, -3.01015302599996, 0],
              [115.230775578, -3.00995315099993, 0],
              [115.230825547, -3.00973186199997, 0],
              [115.230818408, -3.00942491099994, 0],
              [115.230725609, -3.00923931299997, 0],
              [115.230561426, -3.00906799199993, 0],
              [115.230375827, -3.00881100999993, 0],
              [115.230382965, -3.00853261299994, 0],
              [115.230504319, -3.00822566199997, 0],
              [115.230697055, -3.00814000099996, 0],
              [115.230811269, -3.00832559999998, 0],
              [115.230961174, -3.00856830499993, 0],
              [115.231125357, -3.00873962599997, 0],
              [115.231325232, -3.00883956299998, 0],
              [115.231546522, -3.00886811699996, 0],
              [115.23173926, -3.00881100899994, 0],
              [115.231867625, -3.00854306499997, 0],
              [115.232053348, -3.00831846099993, 0],
              [115.232217531, -3.00826135399996, 0],
              [115.232538758, -3.00808289499997, 0],
              [115.232795739, -3.00811858599997, 0],
              [115.232867124, -3.00823993999995, 0],
              [115.232867124, -3.00858258199997, 0],
              [115.233009891, -3.00888239299997, 0],
              [115.233166935, -3.00904657699994, 0],
              [115.233573823, -3.00915365299994, 0],
              [115.233952157, -3.00906085299994, 0],
              [115.234195831, -3.00893859199994, 0],
              [115.234539374, -3.00895347699998, 0],
              [115.234765933, -3.00913223699996, 0],
              [115.234965808, -3.00928928199994, 0],
              [115.23522279, -3.00941777199995, 0],
              [115.235436942, -3.00948915599997, 0],
              [115.2357082, -3.00956053999994, 0],
              [115.235922352, -3.00960337099997, 0],
              [115.236122225, -3.00928214299995, 0],
              [115.236256402, -3.00908363799994, 0],
              [115.236521976, -3.00885383999997, 0],
              [115.236697639, -3.00889221999995, 0],
              [115.236943141, -3.00898423599995, 0],
              [115.237066871, -3.00906037799996, 0],
              [115.237223916, -3.00912700299995, 0],
              [115.237390479, -3.00904610099997, 0],
              [115.237618907, -3.00887002099995, 0],
              [115.237733121, -3.00867490499996, 0],
              [115.237767949, -3.00846383899994, 0],
              [115.237963261, -3.00825647999994, 0],
              [115.238161861, -3.00784415599998, 0],
              [115.238433119, -3.00757289599994, 0],
              [115.238775476, -3.00739416999994, 0],
              [115.239068435, -3.00725880799996, 0],
              [115.239396801, -3.00711604099996, 0],
              [115.239546934, -3.00655038599996, 0],
              [115.239782273, -3.00602386799994, 0],
              [115.240053532, -3.00559556499997, 0],
              [115.240274821, -3.00540282799994, 0],
              [115.240494308, -3.00532313499997, 0],
              [115.240717401, -3.00523150899994, 0],
              [115.240803062, -3.00502449399994, 0],
              [115.240703124, -3.00473895899995, 0],
              [115.240517527, -3.00453194499994, 0],
              [115.240403312, -3.00435348599996, 0],
              [115.240464467, -3.00404364899993, 0],
              [115.240453281, -3.00375386199994, 0],
              [115.240374759, -3.00353257299997, 0],
              [115.240074946, -3.00339694299993, 0],
              [115.239682335, -3.00334697399995, 0],
              [115.239232618, -3.00345404999996, 0],
              [115.238954222, -3.00356826399997, 0],
              [115.23874007, -3.00376100099993, 0],
              [115.238411704, -3.00381810699997, 0],
              [115.237904878, -3.00368247799997, 0],
              [115.23758365, -3.00360395599995, 0],
              [115.237155348, -3.00352543299994, 0],
              [115.236841259, -3.00341121999998, 0],
              [115.236491479, -3.00327558999993, 0],
              [115.23622022, -3.00315423799998, 0],
              [115.236120283, -3.00294722499996, 0],
              [115.236113145, -3.00291867199996, 0],
              [115.236134559, -3.00271165899994, 0],
              [115.236377265, -3.00236901499994, 0],
              [115.236891227, -3.00184077599994, 0],
              [115.237126794, -3.00169086999995, 0],
              [115.237326669, -3.00147671799994, 0],
              [115.237774004, -3.00100292799993, 0],
              [115.238168999, -3.00072861699994, 0],
              [115.238440257, -3.00054301699993, 0],
              [115.238637735, -3.00021465199995, 0],
              [115.238326044, -2.99972924199994, 0],
              [115.238326043, -2.99932949199996, 0],
              [115.238483088, -2.99882980599995, 0],
              [115.238511641, -2.99878697499997, 0],
              [115.238725792, -2.99855854699996, 0],
              [115.239139819, -2.99830156499996, 0],
              [115.239525291, -2.99815879799996, 0],
              [115.240107645, -2.99798801399993, 0],
              [115.240695986, -2.99804458299997, 0],
              [115.240981521, -2.99811596699993, 0],
              [115.241395547, -2.99815879799996, 0],
              [115.241776972, -2.99802126699996, 0],
              [115.242052101, -2.99811917899996, 0],
              [115.242306396, -2.99820967599993, 0],
              [115.242640801, -2.99832868099998, 0],
              [115.243006845, -2.99848964299997, 0],
              [115.243553481, -2.99865134499993, 0],
              [115.243924678, -2.99875128299993, 0],
              [115.244303012, -2.99892941699994, 0],
              [115.244624238, -2.99892260499996, 0]
            ]
          ]
        ]
      }
    },
    {
      "type": "Feature",
      "properties": {
        "kd_propinsi": "63",
        "kd_dati2": "05",
        "kd_kecamatan": "2",
        "kd_kelurahan": "22",
        "nm_kelurahan": "Raya Belanti"
      },
      "geometry": {
        "type": "MultiPolygon",
        "coordinates": [
          [
            [
              [115.067954904, -3.14892340099993, 0],
              [115.069262861, -3.14944141999996, 0],
              [115.06979586, -3.14963177699997, 0],
              [115.070366931, -3.14957466999994, 0],
              [115.071242573, -3.14970791999997, 0],
              [115.072099179, -3.15005056199993, 0],
              [115.07367914, -3.15090716899994, 0],
              [115.074090788, -3.15132119499998, 0],
              [115.075982458, -3.15226108199994, 0],
              [115.076934243, -3.15285594699998, 0],
              [115.077957411, -3.15374824499997, 0],
              [115.078242947, -3.15396239599994, 0],
              [115.079028168, -3.15421223999994, 0],
              [115.079319562, -3.15444837099994, 0],
              [115.079765801, -3.15493797499994, 0],
              [115.080122721, -3.15516402399993, 0],
              [115.08136004, -3.15580647899998, 0],
              [115.08208233, -3.15636759699993, 0],
              [115.083177055, -3.15725272099996, 0],
              [115.083342131, -3.15745306599996, 0],
              [115.083444801, -3.15877556099997, 0],
              [115.084077386, -3.15848099399995, 0],
              [115.085976195, -3.15795989099996, 0],
              [115.086155506, -3.15801442399993, 0],
              [115.086611512, -3.15850954599995, 0],
              [115.086775694, -3.15855951499998, 0],
              [115.08698528, -3.15845451199994, 0],
              [115.087100056, -3.15841376799995, 0],
              [115.087346764, -3.15853096099994, 0],
              [115.087475255, -3.15863089899995, 0],
              [115.0876475, -3.15862890099993, 0],
              [115.088029083, -3.15840293699995, 0],
              [115.088434178, -3.15921148699994, 0],
              [115.088767302, -3.16004429899994, 0],
              [115.088886276, -3.16080572599998, 0],
              [115.088874378, -3.16154335999994, 0],
              [115.088717334, -3.16205256399996, 0],
              [115.084693267, -3.16241948999993, 0],
              [115.083691793, -3.16244492799996, 0],
              [115.083371042, -3.16245307499997, 0],
              [115.08279814, -3.16247211399997, 0],
              [115.082299689, -3.16210483299994, 0],
              [115.082145024, -3.16199775699994, 0],
              [115.08163344, -3.16202155199994, 0],
              [115.081264625, -3.16215242199996, 0],
              [115.080813482, -3.16253806999993, 0],
              [115.08044371, -3.16274728699995, 0],
              [115.08026525, -3.16281867099997, 0],
              [115.079967818, -3.16275918399998, 0],
              [115.078230811, -3.16331835799997, 0],
              [115.077861996, -3.16328266599993, 0],
              [115.077124363, -3.16291384899995, 0],
              [115.076172578, -3.16215242199996, 0],
              [115.075946529, -3.16177170799995, 0],
              [115.075446842, -3.16159324899996, 0],
              [115.074959052, -3.16162893999996, 0],
              [115.074851976, -3.16139099399993, 0],
              [115.074590236, -3.16099838299994, 0],
              [115.074090549, -3.16078423199997, 0],
              [115.072698564, -3.16102217799994, 0],
              [115.07179437, -3.16099838299994, 0],
              [115.071163813, -3.16095079399997, 0],
              [115.070319104, -3.16066525899993, 0],
              [115.068629687, -3.15978485799997, 0],
              [115.067273393, -3.15913050599994, 0],
              [115.06560777, -3.15811923499996, 0],
              [115.065274646, -3.15797646799996, 0],
              [115.064870138, -3.15809544199993, 0],
              [115.064394245, -3.15838097599993, 0],
              [115.063442461, -3.15857133299994, 0],
              [115.061134384, -3.15886876599996, 0],
              [115.057934009, -3.15902343099998, 0],
              [115.0575295, -3.15910671199993, 0],
              [115.057243966, -3.15922568499997, 0],
              [115.056708587, -3.15929706899993, 0],
              [115.055851981, -3.15936845199997, 0],
              [115.055697315, -3.16010608599993, 0],
              [115.055733008, -3.16054628599994, 0],
              [115.055542651, -3.16091510199993, 0],
              [115.055376088, -3.16123632899996, 0],
              [115.055530754, -3.16148617299996, 0],
              [115.055768699, -3.16189068099993, 0],
              [115.055863879, -3.16215242199996, 0],
              [115.055849477, -3.16224128999994, 0],
              [115.055836493, -3.16232141799998, 0],
              [115.055823892, -3.16239917299993, 0],
              [115.055762304, -3.16257842199997, 0],
              [115.055099855, -3.16217735999993, 0],
              [115.055044339, -3.16214374899994, 0],
              [115.054572065, -3.16185782299993, 0],
              [115.054080493, -3.16156021399996, 0],
              [115.053969621, -3.16149308799993, 0],
              [115.053425947, -3.16116393599998, 0],
              [115.052534864, -3.16062445099993, 0],
              [115.052458262, -3.16057807499993, 0],
              [115.051898043, -3.16023200299998, 0],
              [115.051553844, -3.16001671699996, 0],
              [115.051058341, -3.16029242999997, 0],
              [115.050512641, -3.16056571199994, 0],
              [115.050266682, -3.16072026899997, 0],
              [115.050118062, -3.16080204599996, 0],
              [115.050035726, -3.16084735099997, 0],
              [115.050020006, -3.16085600099996, 0],
              [115.049171017, -3.16135363799998, 0],
              [115.047328938, -3.16243337299994, 0],
              [115.045685283, -3.16339679899994, 0],
              [115.045028599, -3.16378171399998, 0],
              [115.042631299, -3.16518689199995, 0],
              [115.04242624, -3.16530708699997, 0],
              [115.041722222, -3.16519444399995, 0],
              [115.036138889, -3.16438888899995, 0],
              [115.031222222, -3.16377777799994, 0],
              [115.025138889, -3.16288888899993, 0],
              [115.027388889, -3.15783333299993, 0],
              [115.027888889, -3.15338888899993, 0],
              [115.030277778, -3.14966666699996, 0],
              [115.031277778, -3.14480555599994, 0],
              [115.030725721, -3.13961622599993, 0],
              [115.044389561, -3.14464046099994, 0],
              [115.045762969, -3.14708306199998, 0],
              [115.046967708, -3.14922568299994, 0],
              [115.051696886, -3.14640007299994, 0],
              [115.056753242, -3.14839287099994, 0],
              [115.057758563, -3.14817277099996, 0],
              [115.059913951, -3.14826253899997, 0],
              [115.061423183, -3.14844006599998, 0],
              [115.062293755, -3.14847032699993, 0],
              [115.062682498, -3.14850143899997, 0],
              [115.063678663, -3.14819418599996, 0],
              [115.064135519, -3.14889850699996, 0],
              [115.064421055, -3.14891754199994, 0],
              [115.064803205, -3.14867116399995, 0],
              [115.065468018, -3.14836550699994, 0],
              [115.066324624, -3.14834647199996, 0],
              [115.067954904, -3.14892340099993, 0]
            ]
          ]
        ]
      }
    },
    {
      "type": "Feature",
      "properties": {
        "kd_propinsi": "63",
        "kd_dati2": "05",
        "kd_kecamatan": "12",
        "kd_kelurahan": "135",
        "nm_kelurahan": "Rantau Kiwa"
      },
      "geometry": {
        "type": "MultiPolygon",
        "coordinates": [
          [
            [
              [115.180798077, -2.93809521099996, 0],
              [115.179249203, -2.93865792199995, 0],
              [115.177478881, -2.93911772199994, 0],
              [115.176034326, -2.93949747599993, 0],
              [115.175433048, -2.93949933599993, 0],
              [115.173472849, -2.93950119799996, 0],
              [115.172324279, -2.93890364399994, 0],
              [115.170431093, -2.93792633699997, 0],
              [115.168597477, -2.93698253599996, 0],
              [115.167754298, -2.93654378599996, 0],
              [115.166905339, -2.93610202799994, 0],
              [115.166585152, -2.93580213099995, 0],
              [115.165578397, -2.93471865699996, 0],
              [115.165149991, -2.93425120099994, 0],
              [115.165019151, -2.93410843299995, 0],
              [115.164906448, -2.93398545699995, 0],
              [115.164317378, -2.93334269399998, 0],
              [115.163825146, -2.93280559099998, 0],
              [115.163975051, -2.93233445799996, 0],
              [115.164117819, -2.93202036899993, 0],
              [115.163168414, -2.93197039999996, 0],
              [115.162689826, -2.93202301999997, 0],
              [115.161804983, -2.93212030699993, 0],
              [115.160841301, -2.93232018099997, 0],
              [115.159791959, -2.93245580999997, 0],
              [115.159163782, -2.93254860899998, 0],
              [115.158741302, -2.93262747199998, 0],
              [115.158628403, -2.93264854699993, 0],
              [115.157965063, -2.93273432399997, 0],
              [115.157936605, -2.93273800399993, 0],
              [115.157386325, -2.93280915999998, 0],
              [115.157350632, -2.93264140799994, 0],
              [115.156501164, -2.93286626699995, 0],
              [115.156129968, -2.93296977399996, 0],
              [115.155583883, -2.93311968099994, 0],
              [115.155348315, -2.93320533999997, 0],
              [115.154773675, -2.93338023099994, 0],
              [115.154530971, -2.93343376899998, 0],
              [115.154021628, -2.93175161099993, 0],
              [115.152834527, -2.93219582999996, 0],
              [115.152168675, -2.93237985199994, 0],
              [115.152134078, -2.93221875199993, 0],
              [115.152069687, -2.93191891999993, 0],
              [115.152031466, -2.93174094599993, 0],
              [115.15196729, -2.93153668499997, 0],
              [115.151907395, -2.93134605199998, 0],
              [115.151891924, -2.93129681099993, 0],
              [115.151857353, -2.93118678099995, 0],
              [115.152279041, -2.93108568999998, 0],
              [115.152316909, -2.93105160999994, 0],
              [115.152331083, -2.93103885299996, 0],
              [115.152332093, -2.93103470699998, 0],
              [115.152371378, -2.93087358299994, 0],
              [115.152372755, -2.93086759599993, 0],
              [115.152377919, -2.93084517899996, 0],
              [115.15237965, -2.93083757699998, 0],
              [115.15242587, -2.93063457199997, 0],
              [115.152434614, -2.93058810799994, 0],
              [115.152474079, -2.93037841199993, 0],
              [115.152482012, -2.93033625899994, 0],
              [115.152482906, -2.93032979899994, 0],
              [115.152487805, -2.93029438199994, 0],
              [115.152502255, -2.93018988599994, 0],
              [115.152664862, -2.93016801299996, 0],
              [115.152887937, -2.93015016699997, 0],
              [115.15417582, -2.93010852599997, 0],
              [115.154390392, -2.93007747499996, 0],
              [115.154395104, -2.93007546199993, 0],
              [115.154443714, -2.93005469699995, 0],
              [115.154589251, -2.92999252799996, 0],
              [115.154583685, -2.92996314899995, 0],
              [115.154570412, -2.92989310099995, 0],
              [115.154537542, -2.92971962699994, 0],
              [115.154517631, -2.92961454499994, 0],
              [115.154516916, -2.92961077599995, 0],
              [115.154728162, -2.92947965799993, 0],
              [115.155001859, -2.92937569599997, 0],
              [115.15503978, -2.92936129199995, 0],
              [115.155090961, -2.92934185099995, 0],
              [115.155225454, -2.92929076499996, 0],
              [115.155295771, -2.92926405399993, 0],
              [115.155320875, -2.92925451899993, 0],
              [115.155484294, -2.92919244599995, 0],
              [115.155529377, -2.92917532099995, 0],
              [115.155533781, -2.92917364799996, 0],
              [115.155758888, -2.92907301099996, 0],
              [115.155800635, -2.92905434799997, 0],
              [115.156024803, -2.92895413199994, 0],
              [115.156062078, -2.92893746799996, 0],
              [115.156159972, -2.92889370299997, 0],
              [115.156228342, -2.92886313699995, 0],
              [115.15624156, -2.92885722899996, 0],
              [115.156367675, -2.92879907599996, 0],
              [115.156421376, -2.92877431299996, 0],
              [115.156559357, -2.92871068899996, 0],
              [115.156649211, -2.92866925699997, 0],
              [115.156794091, -2.92860244999997, 0],
              [115.156832554, -2.92858471499994, 0],
              [115.15699097, -2.92851166699995, 0],
              [115.157014187, -2.92850038999995, 0],
              [115.157070213, -2.92847317699994, 0],
              [115.15728611, -2.92836831299996, 0],
              [115.157295828, -2.92836359399996, 0],
              [115.157306853, -2.92835823799993, 0],
              [115.157500988, -2.92826394399998, 0],
              [115.157504667, -2.92826181799995, 0],
              [115.157550729, -2.92823519499996, 0],
              [115.157637363, -2.92818512199995, 0],
              [115.157731566, -2.92813067399993, 0],
              [115.157849257, -2.92806265099995, 0],
              [115.15784935, -2.92806259799994, 0],
              [115.157954799, -2.92800164999994, 0],
              [115.158036988, -2.92795077199997, 0],
              [115.158066592, -2.92793244599994, 0],
              [115.158209338, -2.92784407799996, 0],
              [115.158235236, -2.92782804699993, 0],
              [115.158304524, -2.92778515399994, 0],
              [115.158377845, -2.92773359999995, 0],
              [115.158398344, -2.92771918599993, 0],
              [115.158526134, -2.92762933399996, 0],
              [115.158570512, -2.92759813099997, 0],
              [115.158684885, -2.92751771199994, 0],
              [115.158715184, -2.92749640999995, 0],
              [115.158780608, -2.92745040799997, 0],
              [115.15883744, -2.92741044699994, 0],
              [115.158862251, -2.92739468699995, 0],
              [115.158905622, -2.92736713399995, 0],
              [115.158961041, -2.92733192799994, 0],
              [115.159004808, -2.92730412599997, 0],
              [115.159053746, -2.92727303699996, 0],
              [115.159122181, -2.92722956399996, 0],
              [115.159169393, -2.92719957099996, 0],
              [115.159227661, -2.92716255599993, 0],
              [115.159274739, -2.92713264899993, 0],
              [115.159386135, -2.92706188299997, 0],
              [115.159407242, -2.92704847599993, 0],
              [115.159505981, -2.92698575099996, 0],
              [115.15952232, -2.92697537099997, 0],
              [115.159557159, -2.92695656899997, 0],
              [115.159641204, -2.92691121199994, 0],
              [115.159715332, -2.92687120599993, 0],
              [115.159799891, -2.92682557099994, 0],
              [115.159880048, -2.92678231199994, 0],
              [115.15988113, -2.92678167799994, 0],
              [115.159957086, -2.92673720799996, 0],
              [115.160031613, -2.92669357599993, 0],
              [115.160115662, -2.92664436899997, 0],
              [115.160182901, -2.92660500299996, 0],
              [115.160277919, -2.92654937299994, 0],
              [115.160343438, -2.92651101499996, 0],
              [115.160446963, -2.92645040399998, 0],
              [115.160480097, -2.92643100599997, 0],
              [115.16059216, -2.92636539699993, 0],
              [115.160646222, -2.92633374399998, 0],
              [115.160719797, -2.92629066999996, 0],
              [115.160776279, -2.92625760199996, 0],
              [115.160858772, -2.92620930499993, 0],
              [115.160882346, -2.92619508499996, 0],
              [115.160931558, -2.92616539899996, 0],
              [115.16105001, -2.92609394499993, 0],
              [115.161113007, -2.92605594199995, 0],
              [115.161131846, -2.92604457899995, 0],
              [115.161194473, -2.92600679999993, 0],
              [115.161222821, -2.92598970099994, 0],
              [115.161226905, -2.92598723699996, 0],
              [115.161251125, -2.92597262599998, 0],
              [115.161281312, -2.92595441699996, 0],
              [115.161288042, -2.92595035699998, 0],
              [115.161313666, -2.92593489899997, 0],
              [115.161851515, -2.92561045299993, 0],
              [115.161832786, -2.92560028599996, 0],
              [115.161601673, -2.92547482399993, 0],
              [115.161476568, -2.92526905099993, 0],
              [115.161456526, -2.92523608399995, 0],
              [115.161432731, -2.92506952199994, 0],
              [115.161406003, -2.92498636799996, 0],
              [115.1613899, -2.92493627199997, 0],
              [115.1613899, -2.92483194399995, 0],
              [115.1613899, -2.92483015999994, 0],
              [115.1613899, -2.92480302199994, 0],
              [115.161388572, -2.92473795599994, 0],
              [115.161388251, -2.92472225099994, 0],
              [115.161387379, -2.92467943899993, 0],
              [115.16138633, -2.92462810399996, 0],
              [115.161385141, -2.92456983399995, 0],
              [115.161361989, -2.92453510599995, 0],
              [115.161291206, -2.92442893199996, 0],
              [115.16128734, -2.92442313299995, 0],
              [115.16126294, -2.92438653299996, 0],
              [115.16126141, -2.92438423699997, 0],
              [115.161220677, -2.92435122899997, 0],
              [115.161197059, -2.92433209099994, 0],
              [115.161196971, -2.92433201899996, 0],
              [115.161181109, -2.92431916699997, 0],
              [115.161166802, -2.92430757199998, 0],
              [115.161137844, -2.92428410699995, 0],
              [115.161137801, -2.92428407299997, 0],
              [115.161492714, -2.92404225499996, 0],
              [115.163196231, -2.92288157199994, 0],
              [115.163577616, -2.92262171899995, 0],
              [115.164428901, -2.92204169899998, 0],
              [115.164926514, -2.92170265099998, 0],
              [115.165594379, -2.92124760199994, 0],
              [115.165200734, -2.92059170699997, 0],
              [115.165139168, -2.92048912499996, 0],
              [115.164744518, -2.91983155599996, 0],
              [115.164497252, -2.91941955799996, 0],
              [115.164319018, -2.91912258299993, 0],
              [115.164105097, -2.91876614499995, 0],
              [115.164224934, -2.91871527999996, 0],
              [115.165111328, -2.91832616999994, 0],
              [115.166205881, -2.91779079099996, 0],
              [115.166465144, -2.91769819699994, 0],
              [115.167145767, -2.91739817999996, 0],
              [115.167966681, -2.91707695199995, 0],
              [115.168870878, -2.91676762299994, 0],
              [115.169621597, -2.91651837499995, 0],
              [115.170435372, -2.91594730299994, 0],
              [115.170649523, -2.91557610799993, 0],
              [115.170842261, -2.91526915799994, 0],
              [115.171113519, -2.91498362199997, 0],
              [115.171380517, -2.91455848499993, 0],
              [115.171380518, -2.91513937899993, 0],
              [115.172015123, -2.91640859199993, 0],
              [115.172015123, -2.92042776699998, 0],
              [115.172355545, -2.92226307899995, 0],
              [115.172404349, -2.92252619899995, 0],
              [115.172993185, -2.92409642499996, 0],
              [115.173216645, -2.92469232199994, 0],
              [115.175382769, -2.92794150699996, 0],
              [115.176195064, -2.92848303799997, 0],
              [115.17669516, -2.92873308599997, 0],
              [115.176758026, -2.92876451899997, 0],
              [115.177007362, -2.92888918599994, 0],
              [115.177466403, -2.92930649599998, 0],
              [115.177953753, -2.92974954299996, 0],
              [115.178496571, -2.93024301299994, 0],
              [115.180121163, -2.93430449499994, 0],
              [115.180308492, -2.93535353899995, 0],
              [115.180798077, -2.93809521099996, 0]
            ]
          ]
        ]
      }
    },
    {
      "type": "Feature",
      "properties": {
        "kd_propinsi": "63",
        "kd_dati2": "05",
        "kd_kecamatan": "10",
        "kd_kelurahan": "96",
        "nm_kelurahan": "Rumintin"
      },
      "geometry": {
        "type": "MultiPolygon",
        "coordinates": [
          [
            [
              [115.118853567, -3.00252191599998, 0],
              [115.121150173, -3.00339010799996, 0],
              [115.1225142, -3.00390575499995, 0],
              [115.125522087, -3.00504283199996, 0],
              [115.125999026, -3.00522312999993, 0],
              [115.126399451, -3.00537449899997, 0],
              [115.130851843, -3.00705761599994, 0],
              [115.132311154, -3.00760926399994, 0],
              [115.136394567, -3.00915288599992, 0],
              [115.139063352, -3.01016174199998, 0],
              [115.139345807, -3.01026844699993, 0],
              [115.139910222, -3.01048166999993, 0],
              [115.142093263, -3.01206249299997, 0],
              [115.143215153, -3.01645388899993, 0],
              [115.143410616, -3.01721898699998, 0],
              [115.157095289, -3.02510533099996, 0],
              [115.159805917, -3.02666740299998, 0],
              [115.164721042, -3.02949988499995, 0],
              [115.165090199, -3.03002724599998, 0],
              [115.164975984, -3.03111228099994, 0],
              [115.164538163, -3.03122649499994, 0],
              [115.164262145, -3.03110276399997, 0],
              [115.163824326, -3.03106469299996, 0],
              [115.162853506, -3.03141685299994, 0],
              [115.158312542, -3.03573731799997, 0],
              [115.156456561, -3.03735535199996, 0],
              [115.156111539, -3.03767657999993, 0],
              [115.155659442, -3.03825954899997, 0],
              [115.155571706, -3.03840127599995, 0],
              [115.155409388, -3.03831335499996, 0],
              [115.155010115, -3.03814060599996, 0],
              [115.154534224, -3.03781699899997, 0],
              [115.153867974, -3.03734110699998, 0],
              [115.15291619, -3.03657967999993, 0],
              [115.152326083, -3.03616089399998, 0],
              [115.151431405, -3.03539946699993, 0],
              [115.151031657, -3.03511393099996, 0],
              [115.150346371, -3.03501875399996, 0],
              [115.149927588, -3.03517103899998, 0],
              [115.149470729, -3.03541850199997, 0],
              [115.148937732, -3.03574210999994, 0],
              [115.148480874, -3.03598957299994, 0],
              [115.148024019, -3.03617992999995, 0],
              [115.147414876, -3.03617992999995, 0],
              [115.146900912, -3.03623703699998, 0],
              [115.146348879, -3.03623703699998, 0],
              [115.145701664, -3.03617992999995, 0],
              [115.145073486, -3.03629414399995, 0],
              [115.14467515, -3.03645551399995, 0],
              [115.144667869, -3.03644904699996, 0],
              [115.144236564, -3.03606588599996, 0],
              [115.141735188, -3.03430608299993, 0],
              [115.13934122, -3.03262184199997, 0],
              [115.13440122, -3.02917779599994, 0],
              [115.131660495, -3.02725203399996, 0],
              [115.129076067, -3.02385264299994, 0],
              [115.128601602, -3.02324421299994, 0],
              [115.127797806, -3.02050907299997, 0],
              [115.127524292, -3.01839352499997, 0],
              [115.127377076, -3.01837265899997, 0],
              [115.125125803, -3.01805358499996, 0],
              [115.124648422, -3.01798592299997, 0],
              [115.121853059, -3.01758972799996, 0],
              [115.117984788, -3.01974993199997, 0],
              [115.117831609, -3.01970384299995, 0],
              [115.11701596, -3.01945843599998, 0],
              [115.116349539, -3.01925792899993, 0],
              [115.113513669, -3.01840468899997, 0],
              [115.08770103, -3.02764638699995, 0],
              [115.08281496, -3.02939564199994, 0],
              [115.081292117, -3.03001827999998, 0],
              [115.081110037, -3.03000601099996, 0],
              [115.080830263, -3.03010616899996, 0],
              [115.0795234, -3.02999248399993, 0],
              [115.076819714, -3.02967009999998, 0],
              [115.074005177, -3.02942793599993, 0],
              [115.073990322, -3.02942729099993, 0],
              [115.071187782, -3.02954502399996, 0],
              [115.070876736, -3.02952430299996, 0],
              [115.070063203, -3.02957078999998, 0],
              [115.069815876, -3.02945363499993, 0],
              [115.069772287, -3.02945073199993, 0],
              [115.069697219, -3.02939742999996, 0],
              [115.068932958, -3.02903541099994, 0],
              [115.065869401, -3.02689389799997, 0],
              [115.064530956, -3.02638826099997, 0],
              [115.064025321, -3.02555544999996, 0],
              [115.063858787, -3.02497258499994, 0],
              [115.06374467, -3.02469997899993, 0],
              [115.062329954, -3.02394931399994, 0],
              [115.06185742, -3.02375035299997, 0],
              [115.061062619, -3.02341569999993, 0],
              [115.060690115, -3.02325885599993, 0],
              [115.057925495, -3.02400228199997, 0],
              [115.056607106, -3.02448347499995, 0],
              [115.056440788, -3.02454417999996, 0],
              [115.055667462, -3.02415751599995, 0],
              [115.053772617, -3.02328153499997, 0],
              [115.05211627, -3.02209043899995, 0],
              [115.051946338, -3.02196824099997, 0],
              [115.051890686, -3.02193179899996, 0],
              [115.050555205, -3.02073475599997, 0],
              [115.050460525, -3.01954292699998, 0],
              [115.050268614, -3.01888427899996, 0],
              [115.049972522, -3.01892335199995, 0],
              [115.04912131, -3.01903567899996, 0],
              [115.048948137, -3.01905853099993, 0],
              [115.048076427, -3.01896101099993, 0],
              [115.047343763, -3.01734732299997, 0],
              [115.04602727, -3.01593710699996, 0],
              [115.04507954, -3.01508708099993, 0],
              [115.070257982, -3.00948294599994, 0],
              [115.087834295, -3.00557043499993, 0],
              [115.08910493, -3.00579886399993, 0],
              [115.09060399, -3.00615578199995, 0],
              [115.092003113, -3.00646987099998, 0],
              [115.093316574, -3.00661263999996, 0],
              [115.094280255, -3.00665546899995, 0],
              [115.095029786, -3.00679823699994, 0],
              [115.096207619, -3.00664119199996, 0],
              [115.097021394, -3.00655553299993, 0],
              [115.097342622, -3.00641276399995, 0],
              [115.098199228, -3.00607726099997, 0],
              [115.098941621, -3.00702666499996, 0],
              [115.099298541, -3.00726223299995, 0],
              [115.099869609, -3.00756204399994, 0],
              [115.100169423, -3.00774050399997, 0],
              [115.100376435, -3.00768339699994, 0],
              [115.100597726, -3.00747638399997, 0],
              [115.100854707, -3.00726936999996, 0],
              [115.101154518, -3.00716229499994, 0],
              [115.10158996, -3.00709804999997, 0],
              [115.101996849, -3.00709091099998, 0],
              [115.102360906, -3.00704094299994, 0],
              [115.103167316, -3.00656396799997, 0],
              [115.108584833, -3.00836281099993, 0],
              [115.109598623, -3.00781584399994, 0],
              [115.111358707, -3.00680563999993, 0],
              [115.113908005, -3.00534788699997, 0],
              [115.114545212, -3.00498351499994, 0],
              [115.117115731, -3.00351361099996, 0],
              [115.1188514, -3.00252109699994, 0],
              [115.118853567, -3.00252191599998, 0]
            ]
          ]
        ]
      }
    },
    {
      "type": "Feature",
      "properties": {
        "kd_propinsi": "63",
        "kd_dati2": "05",
        "kd_kecamatan": "9",
        "kd_kelurahan": "90",
        "nm_kelurahan": "Suato Baru"
      },
      "geometry": {
        "type": "MultiPolygon",
        "coordinates": [
          [
            [
              [115.203737655, -3.06501490999995, 0],
              [115.203722222, -3.06530555599994, 0],
              [115.204043262, -3.06907776299994, 0],
              [115.20398525, -3.06904063499997, 0],
              [115.203575982, -3.06905966999995, 0],
              [115.203318999, -3.06912629599998, 0],
              [115.203166714, -3.06929761599997, 0],
              [115.203062018, -3.06950700899995, 0],
              [115.203033465, -3.06977350899996, 0],
              [115.203033465, -3.07034457999993, 0],
              [115.202985875, -3.07101082799994, 0],
              [115.202833589, -3.07128684599996, 0],
              [115.202329143, -3.07166755999998, 0],
              [115.201954215, -3.07192797499994, 0],
              [115.201117964, -3.07218528299995, 0],
              [115.200897524, -3.07248149899994, 0],
              [115.200603347, -3.07287679799993, 0],
              [115.200553805, -3.07338322899994, 0],
              [115.20053098, -3.07361655899996, 0],
              [115.200527475, -3.07420882399993, 0],
              [115.20052696, -3.07429601299998, 0],
              [115.200307681, -3.07464188599994, 0],
              [115.200136977, -3.07491113999993, 0],
              [115.199035376, -3.07582779999996, 0],
              [115.19885343, -3.07595873299994, 0],
              [115.198175002, -3.07644694799996, 0],
              [115.197298547, -3.07663992899995, 0],
              [115.196880178, -3.07660285799994, 0],
              [115.195710474, -3.07649921299998, 0],
              [115.194825977, -3.07586398399997, 0],
              [115.193989727, -3.07510010099998, 0],
              [115.193434905, -3.07511618199993, 0],
              [115.192992139, -3.07513668099995, 0],
              [115.192566491, -3.07515638699994, 0],
              [115.191784845, -3.07571470599993, 0],
              [115.191675005, -3.07579316299996, 0],
              [115.191525197, -3.07590016799998, 0],
              [115.190053717, -3.07836067599993, 0],
              [115.188959207, -3.07700455099996, 0],
              [115.188405338, -3.07631829399998, 0],
              [115.188152049, -3.07600067899995, 0],
              [115.187086633, -3.07468599499993, 0],
              [115.186896559, -3.07445152899993, 0],
              [115.186875229, -3.07442521699994, 0],
              [115.185629853, -3.07288899099996, 0],
              [115.185524031, -3.07275845499993, 0],
              [115.185193006, -3.07235012099994, 0],
              [115.184671211, -3.07170279999997, 0],
              [115.183869879, -3.07070869299997, 0],
              [115.181783674, -3.06812061899996, 0],
              [115.181739109, -3.06963929199998, 0],
              [115.181731409, -3.06990167399994, 0],
              [115.181165182, -3.07079667699998, 0],
              [115.180953535, -3.07113121599997, 0],
              [115.180858974, -3.07128068399993, 0],
              [115.180852128, -3.07146292599998, 0],
              [115.180880682, -3.07183412199993, 0],
              [115.18085213, -3.07207206799995, 0],
              [115.180766468, -3.07229097899995, 0],
              [115.180690325, -3.07245278199997, 0],
              [115.180576112, -3.07261458499994, 0],
              [115.180404791, -3.07278590699997, 0],
              [115.180157326, -3.07276687099994, 0],
              [115.17978613, -3.07276687099994, 0],
              [115.179443488, -3.07280494199995, 0],
              [115.17908181, -3.07295722799995, 0],
              [115.178958078, -3.07312854999998, 0],
              [115.178843864, -3.07331890499995, 0],
              [115.178767722, -3.07347119099995, 0],
              [115.178615436, -3.07355685199997, 0],
              [115.178082435, -3.07386142299993, 0],
              [115.177416187, -3.07426117199998, 0],
              [115.176807046, -3.07467995799993, 0],
              [115.176426331, -3.07473706499997, 0],
              [115.176121761, -3.07386142299993, 0],
              [115.176064654, -3.07325227999996, 0],
              [115.175855262, -3.07260506799997, 0],
              [115.175569725, -3.07186267599997, 0],
              [115.175341297, -3.07085378399995, 0],
              [115.175265154, -3.069902, 0],
              [115.175398404, -3.06933092999998, 0],
              [115.175893333, -3.06868371599995, 0],
              [115.176502474, -3.06803650199993, 0],
              [115.176862657, -3.06758992099998, 0],
              [115.17743356, -3.06666521999995, 0],
              [115.1776246, -3.06629078099996, 0],
              [115.177835603, -3.06587721399995, 0],
              [115.178237648, -3.06512941299997, 0],
              [115.176436492, -3.06320764299994, 0],
              [115.175390693, -3.06208780499998, 0],
              [115.175181482, -3.06186378399997, 0],
              [115.174164944, -3.06077527799994, 0],
              [115.174138259, -3.06075812699993, 0],
              [115.174147395, -3.06075102099993, 0],
              [115.1765881, -3.05823404499995, 0],
              [115.177932394, -3.05562172899994, 0],
              [115.178909178, -3.05452410699996, 0],
              [115.179522146, -3.05403300599994, 0],
              [115.180678307, -3.05447701799994, 0],
              [115.181262078, -3.05470120899997, 0],
              [115.182894871, -3.05532826699994, 0],
              [115.183323871, -3.05549301999997, 0],
              [115.184104406, -3.05579201099994, 0],
              [115.184720571, -3.05602803899996, 0],
              [115.187094569, -3.05693742099993, 0],
              [115.189132305, -3.05776102299996, 0],
              [115.189606778, -3.05795279199998, 0],
              [115.190541488, -3.05836393599998, 0],
              [115.192381172, -3.05917314399994, 0],
              [115.192823814, -3.05936761699996, 0],
              [115.197057599, -3.06122772099997, 0],
              [115.200895035, -3.06290093899997, 0],
              [115.201474697, -3.06302655499997, 0],
              [115.201817339, -3.06311221499993, 0],
              [115.202074321, -3.06334064299995, 0],
              [115.202133214, -3.06352267199998, 0],
              [115.202180801, -3.06365949099995, 0],
              [115.202287877, -3.06373682299994, 0],
              [115.202454441, -3.06386174499994, 0],
              [115.202639258, -3.06410178899995, 0],
              [115.202811359, -3.06440902099996, 0],
              [115.203211109, -3.06472112699993, 0],
              [115.203615616, -3.06492338099997, 0],
              [115.203737655, -3.06501490999995, 0]
            ]
          ]
        ]
      }
    },
    {
      "type": "Feature",
      "properties": {
        "kd_propinsi": "63",
        "kd_dati2": "05",
        "kd_kecamatan": "9",
        "kd_kelurahan": "91",
        "nm_kelurahan": "Suato Lama"
      },
      "geometry": {
        "type": "MultiPolygon",
        "coordinates": [
          [
            [
              [115.174138259, -3.06075812699993, 0],
              [115.174164944, -3.06077527799994, 0],
              [115.175181482, -3.06186378399997, 0],
              [115.175390693, -3.06208780499998, 0],
              [115.176436492, -3.06320764299994, 0],
              [115.178237648, -3.06512941299997, 0],
              [115.177835603, -3.06587721399995, 0],
              [115.1776246, -3.06629078099996, 0],
              [115.17743356, -3.06666521999995, 0],
              [115.176862657, -3.06758992099998, 0],
              [115.176502474, -3.06803650199993, 0],
              [115.175893333, -3.06868371599995, 0],
              [115.175398404, -3.06933092999998, 0],
              [115.175265154, -3.069902, 0],
              [115.175341297, -3.07085378399995, 0],
              [115.175569725, -3.07186267599997, 0],
              [115.175855262, -3.07260506799997, 0],
              [115.176064654, -3.07325227999996, 0],
              [115.176121761, -3.07386142299993, 0],
              [115.176426331, -3.07473706499997, 0],
              [115.176807046, -3.07467995799993, 0],
              [115.177416187, -3.07426117199998, 0],
              [115.178082435, -3.07386142299993, 0],
              [115.178615436, -3.07355685199997, 0],
              [115.178767722, -3.07347119099995, 0],
              [115.178843864, -3.07331890499995, 0],
              [115.178958078, -3.07312854999998, 0],
              [115.17908181, -3.07295722799995, 0],
              [115.179443488, -3.07280494199995, 0],
              [115.17978613, -3.07276687099994, 0],
              [115.180157326, -3.07276687099994, 0],
              [115.180404791, -3.07278590699997, 0],
              [115.180576112, -3.07261458499994, 0],
              [115.180690325, -3.07245278199997, 0],
              [115.180766468, -3.07229097899995, 0],
              [115.18085213, -3.07207206799995, 0],
              [115.180880682, -3.07183412199993, 0],
              [115.180852128, -3.07146292599998, 0],
              [115.180858974, -3.07128068399993, 0],
              [115.180953535, -3.07113121599997, 0],
              [115.181165182, -3.07079667699998, 0],
              [115.181731409, -3.06990167399994, 0],
              [115.181739109, -3.06963929199998, 0],
              [115.181783674, -3.06812061899996, 0],
              [115.183869879, -3.07070869299997, 0],
              [115.184671211, -3.07170279999997, 0],
              [115.185193006, -3.07235012099994, 0],
              [115.185524031, -3.07275845499993, 0],
              [115.185629853, -3.07288899099996, 0],
              [115.186875229, -3.07442521699994, 0],
              [115.186896559, -3.07445152899993, 0],
              [115.187086633, -3.07468599499993, 0],
              [115.188152049, -3.07600067899995, 0],
              [115.188405338, -3.07631829399998, 0],
              [115.188959207, -3.07700455099996, 0],
              [115.190053717, -3.07836067599993, 0],
              [115.191525197, -3.07590016799998, 0],
              [115.191675005, -3.07579316299996, 0],
              [115.191784845, -3.07571470599993, 0],
              [115.192566491, -3.07515638699994, 0],
              [115.192992139, -3.07513668099995, 0],
              [115.193434905, -3.07511618199993, 0],
              [115.193989727, -3.07510010099998, 0],
              [115.194825977, -3.07586398399997, 0],
              [115.195710474, -3.07649921299998, 0],
              [115.196880178, -3.07660285799994, 0],
              [115.197298547, -3.07663992899995, 0],
              [115.198175002, -3.07644694799996, 0],
              [115.19885343, -3.07595873299994, 0],
              [115.199035376, -3.07582779999996, 0],
              [115.200136977, -3.07491113999993, 0],
              [115.200307681, -3.07464188599994, 0],
              [115.20052696, -3.07429601299998, 0],
              [115.200527475, -3.07420882399993, 0],
              [115.20053098, -3.07361655899996, 0],
              [115.200553805, -3.07338322899994, 0],
              [115.200603347, -3.07287679799993, 0],
              [115.200897524, -3.07248149899994, 0],
              [115.201117964, -3.07218528299995, 0],
              [115.201954215, -3.07192797499994, 0],
              [115.202329143, -3.07166755999998, 0],
              [115.202833589, -3.07128684599996, 0],
              [115.202985875, -3.07101082799994, 0],
              [115.203033465, -3.07034457999993, 0],
              [115.203033465, -3.06977350899996, 0],
              [115.203062018, -3.06950700899995, 0],
              [115.203166714, -3.06929761599997, 0],
              [115.203318999, -3.06912629599998, 0],
              [115.203575982, -3.06905966999995, 0],
              [115.20398525, -3.06904063499997, 0],
              [115.204043262, -3.06907776299994, 0],
              [115.204055556, -3.06922222199995, 0],
              [115.204300459, -3.07138312999996, 0],
              [115.204527778, -3.07338888899994, 0],
              [115.202713089, -3.07586165099997, 0],
              [115.202, -3.07683333299997, 0],
              [115.199194444, -3.0805, 0],
              [115.196916667, -3.08552777799997, 0],
              [115.194472222, -3.08686111099996, 0],
              [115.191666667, -3.09022222199997, 0],
              [115.190305556, -3.09244444399997, 0],
              [115.187194444, -3.09536111099993, 0],
              [115.186902748, -3.09556415499998, 0],
              [115.184361111, -3.09733333299994, 0],
              [115.183355545, -3.09864273899996, 0],
              [115.18125356, -3.09835632499994, 0],
              [115.17807103, -3.09832658199997, 0],
              [115.177267964, -3.09788043199995, 0],
              [115.176435152, -3.09734505399996, 0],
              [115.175275165, -3.09630403999995, 0],
              [115.174620813, -3.09523328199998, 0],
              [115.17405569, -3.09448970099993, 0],
              [115.173222879, -3.09365688999998, 0],
              [115.172561488, -3.09281032899997, 0],
              [115.172464804, -3.09261993199993, 0],
              [115.172292293, -3.09228085899997, 0],
              [115.172226859, -3.09218567999994, 0],
              [115.172107886, -3.09199532399992, 0],
              [115.171804505, -3.09174547999993, 0],
              [115.171507071, -3.09145399599993, 0],
              [115.171316714, -3.09122794799993, 0],
              [115.171001436, -3.09094241199995, 0],
              [115.170811079, -3.09070446699997, 0],
              [115.170394674, -3.09038323799996, 0],
              [115.170079395, -3.09034159799995, 0],
              [115.169927504, -3.09033475099994, 0],
              [115.169862627, -3.09007910199995, 0],
              [115.169618056, -3.08911538099994, 0],
              [115.169585161, -3.08898530599993, 0],
              [115.169336238, -3.08800100299993, 0],
              [115.169267513, -3.08773097699998, 0],
              [115.169191598, -3.08743270699995, 0],
              [115.169178528, -3.08738135099998, 0],
              [115.169126253, -3.08717596199995, 0],
              [115.168899579, -3.08628352199997, 0],
              [115.168557729, -3.08619050999994, 0],
              [115.168357856, -3.08612388499995, 0],
              [115.168129427, -3.08576220699996, 0],
              [115.168043767, -3.08550522499996, 0],
              [115.167910517, -3.08516258299994, 0],
              [115.167834373, -3.08489608299993, 0],
              [115.167686847, -3.08450109299997, 0],
              [115.167658294, -3.08430121899994, 0],
              [115.167648775, -3.08396809299995, 0],
              [115.167601186, -3.08376821799993, 0],
              [115.16749649, -3.08351123699993, 0],
              [115.167058669, -3.08320666599997, 0],
              [115.166687473, -3.08294016699995, 0],
              [115.166601813, -3.08262607699993, 0],
              [115.166497116, -3.08222632699994, 0],
              [115.166420973, -3.08206452399998, 0],
              [115.166183027, -3.08193127399994, 0],
              [115.165716653, -3.08170284599993, 0],
              [115.165364494, -3.08151248999997, 0],
              [115.165164619, -3.08117936499997, 0],
              [115.165031369, -3.08091286499996, 0],
              [115.164955226, -3.08069395499996, 0],
              [115.164926672, -3.08049407999994, 0],
              [115.164764869, -3.07992300899997, 0],
              [115.16458165, -3.07972194499996, 0],
              [115.164367499, -3.07969814999996, 0],
              [115.164296114, -3.07980522599996, 0],
              [115.164246875, -3.07999287099995, 0],
              [115.164129552, -3.08011455599996, 0],
              [115.163998683, -3.08016214599996, 0],
              [115.163796429, -3.08007886399997, 0],
              [115.163463304, -3.07994799399995, 0],
              [115.163272948, -3.07968625299998, 0],
              [115.163023103, -3.07936502599995, 0],
              [115.162864453, -3.07907052399997, 0],
              [115.162737569, -3.07887723699997, 0],
              [115.162618596, -3.07882964699996, 0],
              [115.162440135, -3.07872257099996, 0],
              [115.162297368, -3.07868687999996, 0],
              [115.162047524, -3.07888913399995, 0],
              [115.161904756, -3.07903190099995, 0],
              [115.161750091, -3.07921036099998, 0],
              [115.161690604, -3.07929364199993, 0],
              [115.161405069, -3.07944830699995, 0],
              [115.161167124, -3.07938881999996, 0],
              [115.161024357, -3.07926984699998, 0],
              [115.160941076, -3.07912707999998, 0],
              [115.160857794, -3.07894861999995, 0],
              [115.160798307, -3.07880585199996, 0],
              [115.160631745, -3.07865118699993, 0],
              [115.16047708, -3.07848462499993, 0],
              [115.160381902, -3.07831806299993, 0],
              [115.160286724, -3.07816339799996, 0],
              [115.16012016, -3.07818719299996, 0],
              [115.159965497, -3.07827047299998, 0],
              [115.159822728, -3.07827047299998, 0],
              [115.159739448, -3.07811580899994, 0],
              [115.159698402, -3.07778364399997, 0],
              [115.159751345, -3.07767560899993, 0],
              [115.159739448, -3.07752094299997, 0],
              [115.159584782, -3.07740197099997, 0],
              [115.159299246, -3.07710453799996, 0],
              [115.159263554, -3.07696176999997, 0],
              [115.159073197, -3.07681900299997, 0],
              [115.158870944, -3.07672382399994, 0],
              [115.158561614, -3.07656915899997, 0],
              [115.158252285, -3.07656915899997, 0],
              [115.158061928, -3.07661674799994, 0],
              [115.157859674, -3.07673572099998, 0],
              [115.157752598, -3.07674761899995, 0],
              [115.157669316, -3.07665243999998, 0],
              [115.157633624, -3.07656915899997, 0],
              [115.157681213, -3.07641449399995, 0],
              [115.157502754, -3.07621223899997, 0],
              [115.157276705, -3.07597429399993, 0],
              [115.157145834, -3.07579583399996, 0],
              [115.157014964, -3.07561737399993, 0],
              [115.156788916, -3.07541511999995, 0],
              [115.156527174, -3.07530804499993, 0],
              [115.156336818, -3.07529614699996, 0],
              [115.15606318, -3.07526045599997, 0],
              [115.15588472, -3.07512958499996, 0],
              [115.155765747, -3.07498681799996, 0],
              [115.155587288, -3.07473697399996, 0],
              [115.155527801, -3.07460610299995, 0],
              [115.155385034, -3.07445143899997, 0],
              [115.155051909, -3.07423728699996, 0],
              [115.154861553, -3.07408262299992, 0],
              [115.154754477, -3.07395175199997, 0],
              [115.154683092, -3.07377329199994, 0],
              [115.154587914, -3.07358293499993, 0],
              [115.154349969, -3.07342826999997, 0],
              [115.154040638, -3.07322601599998, 0],
              [115.153755103, -3.07320222199996, 0],
              [115.153493363, -3.07334498999995, 0],
              [115.153124545, -3.07359483299996, 0],
              [115.152922291, -3.07382088199995, 0],
              [115.152791421, -3.07403503299997, 0],
              [115.152648654, -3.07432056899995, 0],
              [115.152410708, -3.07455851499998, 0],
              [115.152148966, -3.07455851399993, 0],
              [115.1520062, -3.07449902799993, 0],
              [115.151803944, -3.07440384999995, 0],
              [115.151637382, -3.07439195199993, 0],
              [115.15120472, -3.07445908899996, 0],
              [115.15131651, -3.07432150299997, 0],
              [115.151473554, -3.07410735199994, 0],
              [115.151701982, -3.07397886099994, 0],
              [115.151830472, -3.07387892399993, 0],
              [115.152001793, -3.07365049499992, 0],
              [115.152116007, -3.07347917499993, 0],
              [115.152301605, -3.07332212999995, 0],
              [115.152467135, -3.07322174899997, 0],
              [115.152894091, -3.07296283099993, 0],
              [115.153845876, -3.07293308799996, 0],
              [115.154827404, -3.07290334499993, 0],
              [115.155362783, -3.07269514199993, 0],
              [115.156344311, -3.07236796599995, 0],
              [115.156525767, -3.07228601699995, 0],
              [115.157266351, -3.07195155999995, 0],
              [115.158218135, -3.07138643799993, 0],
              [115.158515568, -3.07111874899994, 0],
              [115.158872488, -3.07073208699995, 0],
              [115.159110434, -3.07049413999994, 0],
              [115.159286513, -3.07039182399996, 0],
              [115.15974337, -3.07007773499993, 0],
              [115.159867103, -3.06991593099997, 0],
              [115.159943245, -3.06974460999993, 0],
              [115.160038424, -3.06956377099994, 0],
              [115.160143119, -3.06944955699993, 0],
              [115.160314441, -3.06932582499996, 0],
              [115.160390584, -3.06917353899996, 0],
              [115.160666602, -3.06920209299994, 0],
              [115.160828404, -3.06918305699998, 0],
              [115.160971172, -3.06907836099992, 0],
              [115.161047314, -3.06891655899995, 0],
              [115.161132976, -3.06875475399994, 0],
              [115.161209119, -3.06865005799995, 0],
              [115.161361404, -3.06853584399994, 0],
              [115.161542242, -3.06833596899998, 0],
              [115.161675493, -3.06816464799994, 0],
              [115.161932474, -3.06810754099996, 0],
              [115.162103796, -3.06806946899997, 0],
              [115.162227527, -3.06799332699995, 0],
              [115.162341741, -3.06782200599997, 0],
              [115.162379812, -3.06762213099995, 0],
              [115.162560652, -3.06760309499992, 0],
              [115.162960402, -3.06764116599993, 0],
              [115.163017509, -3.06731755999994, 0],
              [115.162884258, -3.06708913299997, 0],
              [115.162770044, -3.06693684599998, 0],
              [115.16265583, -3.06672745299994, 0],
              [115.162446437, -3.06665131099993, 0],
              [115.162198974, -3.06647998999995, 0],
              [115.162275117, -3.06621348999994, 0],
              [115.162408366, -3.06583277599998, 0],
              [115.162503544, -3.06556627599997, 0],
              [115.162541616, -3.06529977699995, 0],
              [115.162617759, -3.06507134899994, 0],
              [115.162751008, -3.06453834899997, 0],
              [115.162846187, -3.06408149299995, 0],
              [115.162846187, -3.06351042199998, 0],
              [115.162846187, -3.06316777999996, 0],
              [115.162751008, -3.06280610199997, 0],
              [115.162674866, -3.06248249499993, 0],
              [115.162541616, -3.06213985299996, 0],
              [115.162256081, -3.06170203299996, 0],
              [115.16208476, -3.06154974599997, 0],
              [115.161799224, -3.06132131799996, 0],
              [115.161608867, -3.06101674699994, 0],
              [115.161385199, -3.06081607899995, 0],
              [115.161194841, -3.06057813299998, 0],
              [115.161194841, -3.06024500899997, 0],
              [115.161254328, -3.05993567899998, 0],
              [115.161385199, -3.05979291099993, 0],
              [115.161682631, -3.05978101399995, 0],
              [115.162003859, -3.05980480799997, 0],
              [115.162134728, -3.05966204099997, 0],
              [115.162241805, -3.05945978599993, 0],
              [115.162360777, -3.05934081299995, 0],
              [115.16252734, -3.05912666199993, 0],
              [115.16265821, -3.05899579199996, 0],
              [115.162931847, -3.05884112699994, 0],
              [115.163027026, -3.05863887199996, 0],
              [115.163134102, -3.05848420699994, 0],
              [115.163395843, -3.05829385099997, 0],
              [115.163443432, -3.05827005599997, 0],
              [115.163788453, -3.05804400699998, 0],
              [115.163609995, -3.05791313699996, 0],
              [115.163562405, -3.05781795799993, 0],
              [115.163645686, -3.05772277999995, 0],
              [115.163740864, -3.05760380699996, 0],
              [115.163740864, -3.05742534699994, 0],
              [115.163621891, -3.05729447699997, 0],
              [115.163514815, -3.05715170899993, 0],
              [115.163419637, -3.05712791499997, 0],
              [115.163407741, -3.05699704399996, 0],
              [115.163455329, -3.05685427799995, 0],
              [115.163455329, -3.05671150899997, 0],
              [115.163336356, -3.05659253599993, 0],
              [115.163336356, -3.05652115199996, 0],
              [115.163241177, -3.05641407599995, 0],
              [115.163281132, -3.05631419199995, 0],
              [115.163312561, -3.05623561699997, 0],
              [115.163407741, -3.05604525999996, 0],
              [115.163550507, -3.05587869799996, 0],
              [115.163684057, -3.05572211499998, 0],
              [115.16460032, -3.05621207999997, 0],
              [115.165400388, -3.05663422599997, 0],
              [115.167330354, -3.05742666299994, 0],
              [115.169042904, -3.05812982899994, 0],
              [115.170711696, -3.05882060899995, 0],
              [115.171869273, -3.05929977699998, 0],
              [115.174138259, -3.06075812699993, 0]
            ]
          ]
        ]
      }
    },
    {
      "type": "Feature",
      "properties": {
        "kd_propinsi": "63",
        "kd_dati2": "05",
        "kd_kecamatan": "10",
        "kd_kelurahan": "98",
        "nm_kelurahan": "Suato Tatakan"
      },
      "geometry": {
        "type": "MultiPolygon",
        "coordinates": [
          [
            [
              [115.14467515, -3.03645551399995, 0],
              [115.144655015, -3.03646367299996, 0],
              [115.144153202, -3.03685872899996, 0],
              [115.14621882, -3.05316953599993, 0],
              [115.146617061, -3.05631419199995, 0],
              [115.146821079, -3.05792519699998, 0],
              [115.146592902, -3.05825931399994, 0],
              [115.14585527, -3.05990114299993, 0],
              [115.144820205, -3.06230439799998, 0],
              [115.144394823, -3.06319994099994, 0],
              [115.141782575, -3.06520416299998, 0],
              [115.140738953, -3.06414580499995, 0],
              [115.140710714, -3.06411716699995, 0],
              [115.139731047, -3.06323546899995, 0],
              [115.139667904, -3.06317863999993, 0],
              [115.138333897, -3.06132262899996, 0],
              [115.136767887, -3.06161263199994, 0],
              [115.135491881, -3.06149662999997, 0],
              [115.134157871, -3.05871261399994, 0],
              [115.13224386, -3.05674060199993, 0],
              [115.128357839, -3.05523259299997, 0],
              [115.127487833, -3.05407258599996, 0],
              [115.126512056, -3.05384955199997, 0],
              [115.125457822, -3.05360858499995, 0],
              [115.123137806, -3.05360858499995, 0],
              [115.121803801, -3.05320258099994, 0],
              [115.120713828, -3.05216215399997, 0],
              [115.120527791, -3.05198457499995, 0],
              [115.119077784, -3.05123056999997, 0],
              [115.11770555, -3.05123056999997, 0],
              [115.118107592, -3.04974717499994, 0],
              [115.117851841, -3.04880089799997, 0],
              [115.117772676, -3.04850798999996, 0],
              [115.117655456, -3.04728554799993, 0],
              [115.117655457, -3.04625027099996, 0],
              [115.117655456, -3.04586773999995, 0],
              [115.118107592, -3.04465646299997, 0],
              [115.118101752, -3.04451542699997, 0],
              [115.118001535, -3.04209436099995, 0],
              [115.117886062, -3.04197774499994, 0],
              [115.116873986, -3.04095564999994, 0],
              [115.113926732, -3.03991741299996, 0],
              [115.113660037, -3.03974827699994, 0],
              [115.110661308, -3.03784651999996, 0],
              [115.110272657, -3.03777538799994, 0],
              [115.108556925, -3.03746136699994, 0],
              [115.103047568, -3.03645103899993, 0],
              [115.096801399, -3.036278, 0],
              [115.093681104, -3.03627241699996, 0],
              [115.093263806, -3.03624787099994, 0],
              [115.090929218, -3.03611054199996, 0],
              [115.088071272, -3.03509463199993, 0],
              [115.085252403, -3.03422943499993, 0],
              [115.080830263, -3.03010616899996, 0],
              [115.081110037, -3.03000601099996, 0],
              [115.081292117, -3.03001827999998, 0],
              [115.08281496, -3.02939564199994, 0],
              [115.08770103, -3.02764638699995, 0],
              [115.113513669, -3.01840468899997, 0],
              [115.116349539, -3.01925792899993, 0],
              [115.11701596, -3.01945843599998, 0],
              [115.117831609, -3.01970384299995, 0],
              [115.117984788, -3.01974993199997, 0],
              [115.121853059, -3.01758972799996, 0],
              [115.124648422, -3.01798592299997, 0],
              [115.125125803, -3.01805358499996, 0],
              [115.127377076, -3.01837265899997, 0],
              [115.127524292, -3.01839352499997, 0],
              [115.127797806, -3.02050907299997, 0],
              [115.128601602, -3.02324421299994, 0],
              [115.129076067, -3.02385264299994, 0],
              [115.131660495, -3.02725203399996, 0],
              [115.13440122, -3.02917779599994, 0],
              [115.13934122, -3.03262184199997, 0],
              [115.141735188, -3.03430608299993, 0],
              [115.144236564, -3.03606588599996, 0],
              [115.144667869, -3.03644904699996, 0],
              [115.14467515, -3.03645551399995, 0]
            ]
          ]
        ]
      }
    },
    {
      "type": "Feature",
      "properties": {
        "kd_propinsi": "63",
        "kd_dati2": "05",
        "kd_kecamatan": "11",
        "kd_kelurahan": "118",
        "nm_kelurahan": "Sukaramai"
      },
      "geometry": {
        "type": "MultiPolygon",
        "coordinates": [
          [
            [
              [114.993341025, -3.05626060199995, 0],
              [114.97954723, -3.07526193999996, 0],
              [114.987316525, -3.07507645099997, 0],
              [114.988476207, -3.07504876399997, 0],
              [114.997422981, -3.07500117499995, 0],
              [114.997938454, -3.07499427999994, 0],
              [114.988885326, -3.08225121499993, 0],
              [114.97122387, -3.10121855799997, 0],
              [114.970562402, -3.10192890699995, 0],
              [114.970264266, -3.10212743799997, 0],
              [114.969921726, -3.10229594799995, 0],
              [114.969338323, -3.10192966399995, 0],
              [114.962194444, -3.09744444399996, 0],
              [114.952861111, -3.09180555599994, 0],
              [114.944361111, -3.08622222199995, 0],
              [114.935388889, -3.08030555599993, 0],
              [114.934004201, -3.07938994799997, 0],
              [114.934025985, -3.07858843499997, 0],
              [114.9332564, -3.07809944099995, 0],
              [114.93268822, -3.07773840999994, 0],
              [114.932842183, -3.07756516299997, 0],
              [114.932938147, -3.07748839399994, 0],
              [114.9331711, -3.07723765799995, 0],
              [114.953339048, -3.05552915299995, 0],
              [114.954657489, -3.05410993499993, 0],
              [114.966459839, -3.04140261399994, 0],
              [114.978224482, -3.03069377199995, 0],
              [114.985879041, -3.02356711199997, 0],
              [115.025656676, -3.00774744899996, 0],
              [115.020979005, -3.01818455599994, 0],
              [114.993341025, -3.05626060199995, 0]
            ]
          ],
          [
            [
              [115.090575761, -2.98239107299997, 0],
              [115.092180676, -2.98298497299993, 0],
              [115.092371032, -2.98254715099995, 0],
              [115.093201723, -2.98299546499993, 0],
              [115.093201754, -2.98299548299997, 0],
              [115.093213465, -2.98300187599995, 0],
              [115.093582641, -2.98320335599993, 0],
              [115.093941475, -2.98336568599996, 0],
              [115.094571254, -2.98347481399998, 0],
              [115.094842892, -2.98461569499995, 0],
              [115.09496941, -2.98917031799994, 0],
              [115.09500192, -2.99034072099994, 0],
              [115.094089604, -2.99084316099993, 0],
              [115.084028954, -2.99638380499994, 0],
              [115.074402518, -2.99978137499994, 0],
              [115.073708576, -3.00002629499994, 0],
              [115.073215015, -3.00020048899995, 0],
              [115.063355248, -3.00258591499994, 0],
              [115.04784997, -3.00759531399996, 0],
              [115.041444182, -3.01057572299993, 0],
              [115.041432095, -3.01058134799996, 0],
              [115.041402778, -3.01029787199997, 0],
              [115.041266124, -3.00997377599992, 0],
              [115.041251845, -3.00955974899995, 0],
              [115.041223293, -3.00906006299994, 0],
              [115.041180462, -3.00867458899995, 0],
              [115.041009142, -3.00811779499998, 0],
              [115.040941755, -3.00771896399994, 0],
              [115.040796698, -3.00736589399998, 0],
              [115.039929976, -3.00661804599997, 0],
              [115.039910255, -3.00661215099996, 0],
              [115.039397057, -3.00653620599996, 0],
              [115.039207538, -3.00640206999998, 0],
              [115.039083771, -3.00636506999996, 0],
              [115.039027351, -3.00627453999994, 0],
              [115.038964403, -3.00622998999995, 0],
              [115.038898149, -3.00606723799996, 0],
              [115.03880122, -3.00591171299993, 0],
              [115.03880191, -3.00583083099997, 0],
              [115.038763015, -3.00573528199993, 0],
              [115.038806957, -3.00523921199994, 0],
              [115.038807367, -3.00519122099996, 0],
              [115.038451221, -3.00452956899994, 0],
              [115.037939077, -3.00337563699998, 0],
              [115.037930877, -3.00335716199993, 0],
              [115.037916412, -3.00334967199996, 0],
              [115.037393865, -3.00307908899993, 0],
              [115.037606415, -3.00299454799995, 0],
              [115.048907991, -2.99849925099994, 0],
              [115.061369229, -2.99024847099997, 0],
              [115.067137042, -2.98632711999994, 0],
              [115.073467994, -2.98287214099997, 0],
              [115.078961253, -2.98120049199997, 0],
              [115.090018886, -2.97613486399996, 0],
              [115.090026298, -2.97613146899994, 0],
              [115.090026298, -2.97614336699996, 0],
              [115.090074187, -2.97678409899993, 0],
              [115.090183104, -2.97722927299998, 0],
              [115.090284712, -2.97765836699995, 0],
              [115.09039363, -2.97810646499994, 0],
              [115.090495238, -2.97853848199998, 0],
              [115.090602696, -2.97898511799997, 0],
              [115.090705764, -2.97941421099995, 0],
              [115.090810298, -2.97985499899994, 0],
              [115.090924871, -2.98032762199995, 0],
              [115.090927255, -2.98033745499993, 0],
              [115.090865852, -2.98069710399994, 0],
              [115.09079056, -2.98112765899998, 0],
              [115.090715267, -2.98156844599993, 0],
              [115.090641437, -2.98200046299996, 0],
              [115.090575761, -2.98239107299997, 0]
            ]
          ]
        ]
      }
    },
    {
      "type": "Feature",
      "properties": {
        "kd_propinsi": "63",
        "kd_dati2": "05",
        "kd_kecamatan": "11",
        "kd_kelurahan": "116",
        "nm_kelurahan": "Sungai Bahalang"
      },
      "geometry": {
        "type": "MultiPolygon",
        "coordinates": [
          [
            [
              [115.090021059, -2.97612547199998, 0],
              [115.090026298, -2.97613146899994, 0],
              [115.090018886, -2.97613486399996, 0],
              [115.078961253, -2.98120049199997, 0],
              [115.073467994, -2.98287214099997, 0],
              [115.067137042, -2.98632711999994, 0],
              [115.061369229, -2.99024847099997, 0],
              [115.048907991, -2.99849925099994, 0],
              [115.037606415, -3.00299454799995, 0],
              [115.037393865, -3.00307908899993, 0],
              [115.025656676, -3.00774744899996, 0],
              [114.985879041, -3.02356711199997, 0],
              [114.978224482, -3.03069377199995, 0],
              [114.966459839, -3.04140261399994, 0],
              [114.954657489, -3.05410993499993, 0],
              [114.953339048, -3.05552915299995, 0],
              [114.9331711, -3.07723765799995, 0],
              [114.932938147, -3.07748839399994, 0],
              [114.932842183, -3.07756516299997, 0],
              [114.93268822, -3.07773840999994, 0],
              [114.9332564, -3.07809944099995, 0],
              [114.934025985, -3.07858843499997, 0],
              [114.934004201, -3.07938994799997, 0],
              [114.926861111, -3.07466666699997, 0],
              [114.921027778, -3.071, 0],
              [114.913983595, -3.06636357499997, 0],
              [114.914468894, -3.06607444499997, 0],
              [114.914761691, -3.06586383399997, 0],
              [114.91479942, -3.06582367399994, 0],
              [114.914874569, -3.06575187699997, 0],
              [114.914962129, -3.06566821899997, 0],
              [114.915142015, -3.06549635499994, 0],
              [114.940486254, -3.04128099299993, 0],
              [114.944758408, -3.03719888899997, 0],
              [114.970168969, -3.01275865999997, 0],
              [114.983268447, -3.00426825799997, 0],
              [115.026473219, -2.98268839699995, 0],
              [115.027819683, -2.98201587699998, 0],
              [115.034265778, -2.97879618199994, 0],
              [115.035380556, -2.98045460899994, 0],
              [115.036579804, -2.98211071299994, 0],
              [115.040177549, -2.98839249099996, 0],
              [115.045586664, -2.98597547899993, 0],
              [115.052125151, -2.98322634199997, 0],
              [115.061366339, -2.97937197699997, 0],
              [115.066490889, -2.97721383399994, 0],
              [115.063338966, -2.97101126199993, 0],
              [115.063142751, -2.97062513599997, 0],
              [115.062277983, -2.96943294599993, 0],
              [115.062101522, -2.96915253999993, 0],
              [115.061235778, -2.96777684199998, 0],
              [115.062248383, -2.96749759099993, 0],
              [115.062301665, -2.96748480799994, 0],
              [115.065331084, -2.96675804699993, 0],
              [115.067157685, -2.96631984299995, 0],
              [115.06820839, -2.96606777699998, 0],
              [115.06974135, -2.96570001799995, 0],
              [115.070875848, -2.96542785099996, 0],
              [115.075257081, -2.96437775899994, 0],
              [115.075336726, -2.96435767999998, 0],
              [115.0844518, -2.96205976299996, 0],
              [115.084120586, -2.96360334799994, 0],
              [115.084077878, -2.96414838999993, 0],
              [115.084040115, -2.96463031299993, 0],
              [115.083994139, -2.96521706099998, 0],
              [115.083955243, -2.96550949499994, 0],
              [115.083928659, -2.96570936999996, 0],
              [115.083801403, -2.96666615299995, 0],
              [115.08368912, -2.96715878299995, 0],
              [115.083378169, -2.96852305399995, 0],
              [115.085178973, -2.97058397599994, 0],
              [115.086072745, -2.97160684999994, 0],
              [115.086354943, -2.97192980999995, 0],
              [115.090021059, -2.97612547199998, 0]
            ]
          ]
        ]
      }
    },
    {
      "type": "Feature",
      "properties": {
        "kd_propinsi": "63",
        "kd_dati2": "05",
        "kd_kecamatan": "5",
        "kd_kelurahan": "59",
        "nm_kelurahan": "Sungai Selai Hilir"
      },
      "geometry": {
        "type": "MultiPolygon",
        "coordinates": [
          [
            [
              [114.886744379, -2.98986425099997, 0],
              [114.872579426, -2.99579749499998, 0],
              [114.872267639, -2.99579243899996, 0],
              [114.867885597, -2.99572137899997, 0],
              [114.854589035, -2.97066094799993, 0],
              [114.844648183, -2.95192510899994, 0],
              [114.843825223, -2.95046746199995, 0],
              [114.842292666, -2.94775294499993, 0],
              [114.826156545, -2.91917202499997, 0],
              [114.823942311, -2.91525008899993, 0],
              [114.82394205, -2.91524962599993, 0],
              [114.823941825, -2.91524922699995, 0],
              [114.823941743, -2.91524908099996, 0],
              [114.823941661, -2.91524893599996, 0],
              [114.823941538, -2.91524871799993, 0],
              [114.823941407, -2.91524848599994, 0],
              [114.823941388, -2.91524845299995, 0],
              [114.823941361, -2.91524840799997, 0],
              [114.823256491, -2.91403532499993, 0],
              [114.823084536, -2.91373074899997, 0],
              [114.823519, -2.913121, 0],
              [114.822801399, -2.91301819999995, 0],
              [114.8228, -2.913018, 0],
              [114.822033, -2.913069, 0],
              [114.822423, -2.912294, 0],
              [114.822538343, -2.91195364599997, 0],
              [114.822690489, -2.91161128999994, 0],
              [114.823054, -2.91082, 0],
              [114.823657, -2.909481, 0],
              [114.823901735, -2.90883359999998, 0],
              [114.824093, -2.908459, 0],
              [114.824168297, -2.90823045999997, 0],
              [114.824362461, -2.90776934299993, 0],
              [114.824611, -2.907189, 0],
              [114.82523, -2.905727, 0],
              [114.825805139, -2.90438914799995, 0],
              [114.826068, -2.904437, 0],
              [114.826567404, -2.90448498299998, 0],
              [114.826611015, -2.90448917299995, 0],
              [114.826867954, -2.90448966999998, 0],
              [114.827068, -2.904368, 0],
              [114.82715, -2.903702, 0],
              [114.827155492, -2.90315246199998, 0],
              [114.827168, -2.901901, 0],
              [114.827271835, -2.90146338999995, 0],
              [114.827608, -2.900621, 0],
              [114.827900745, -2.89990889999996, 0],
              [114.82827, -2.899079, 0],
              [114.829062, -2.897533, 0],
              [114.82945397, -2.89663463999995, 0],
              [114.829463941, -2.89645665999996, 0],
              [114.829712, -2.895963, 0],
              [114.830625, -2.894229, 0],
              [114.831246, -2.891831, 0],
              [114.831665, -2.890143, 0],
              [114.832308, -2.888688, 0],
              [114.833066, -2.886937, 0],
              [114.833923, -2.884638, 0],
              [114.834835, -2.882082, 0],
              [114.835401, -2.880616, 0],
              [114.835991, -2.87912, 0],
              [114.836209, -2.878587, 0],
              [114.836541, -2.877737, 0],
              [114.83685, -2.876928, 0],
              [114.83712, -2.876095, 0],
              [114.83743, -2.875189, 0],
              [114.837749, -2.874278, 0],
              [114.838018, -2.873552, 0],
              [114.838278, -2.8729, 0],
              [114.838456, -2.872418, 0],
              [114.838533, -2.872103, 0],
              [114.838586, -2.871925, 0],
              [114.838863, -2.871513, 0],
              [114.839388, -2.870051, 0],
              [114.839419455, -2.86996860699998, 0],
              [114.837175217, -2.86501167499995, 0],
              [114.837330857, -2.86488733699997, 0],
              [114.837553313, -2.86467527499997, 0],
              [114.837857372, -2.86444308699993, 0],
              [114.838200181, -2.86418130699997, 0],
              [114.838634975, -2.86384928299998, 0],
              [114.838985473, -2.86358163199998, 0],
              [114.842967031, -2.86054116199995, 0],
              [114.844796898, -2.87428573499994, 0],
              [114.846557848, -2.88751322199994, 0],
              [114.846914769, -2.88863156899993, 0],
              [114.846948339, -2.88874436599997, 0],
              [114.847509634, -2.89063031699993, 0],
              [114.847768072, -2.89141686899995, 0],
              [114.84805691, -2.89229593899995, 0],
              [114.848223474, -2.89272424199993, 0],
              [114.848128294, -2.89339049099993, 0],
              [114.84805691, -2.89750695799995, 0],
              [114.84805691, -2.89874427799998, 0],
              [114.847985527, -2.89991021399993, 0],
              [114.848247267, -2.90036231199997, 0],
              [114.84867557, -2.90098097099997, 0],
              [114.849270437, -2.90157583699994, 0],
              [114.849555971, -2.90207552399994, 0],
              [114.850079452, -2.90231346899998, 0],
              [114.850555345, -2.90264659399998, 0],
              [114.851193041, -2.90288929899998, 0],
              [114.851402432, -2.90532586699993, 0],
              [114.851668932, -2.90736268599994, 0],
              [114.851745075, -2.90979925399995, 0],
              [114.851840253, -2.91136017999997, 0],
              [114.851935433, -2.91294014199997, 0],
              [114.851935432, -2.91442016699995, 0],
              [114.85199254, -2.91491985399995, 0],
              [114.851878326, -2.91553375499996, 0],
              [114.851792664, -2.91617620899996, 0],
              [114.851649897, -2.91697570799994, 0],
              [114.851564237, -2.91757533199996, 0],
              [114.85150713, -2.91800363499993, 0],
              [114.851549959, -2.91828917099997, 0],
              [114.851621344, -2.91848904499994, 0],
              [114.851778388, -2.91874602699994, 0],
              [114.852063923, -2.91910294699994, 0],
              [114.852278074, -2.91931709699998, 0],
              [114.852363736, -2.91953124899993, 0],
              [114.852535057, -2.92013087399994, 0],
              [114.852706377, -2.92035930299994, 0],
              [114.85296336, -2.92064483699994, 0],
              [114.853277449, -2.92107313999998, 0],
              [114.85357726, -2.92168704099993, 0],
              [114.853720028, -2.92211534399996, 0],
              [114.853877073, -2.92248653999997, 0],
              [114.854091224, -2.92271496799998, 0],
              [114.854448143, -2.92275779899995, 0],
              [114.854719401, -2.92272924499997, 0],
              [114.855019213, -2.92282918399997, 0],
              [114.855418962, -2.92294339699993, 0],
              [114.855804437, -2.92307188699994, 0],
              [114.856261292, -2.92317182499994, 0],
              [114.856575381, -2.92325748499997, 0],
              [114.857017961, -2.92337169999996, 0],
              [114.857589032, -2.92352874499994, 0],
              [114.858102995, -2.92371434199993, 0],
              [114.858745449, -2.92372861799993, 0],
              [114.859302244, -2.92377144899996, 0],
              [114.859887591, -2.92384283299998, 0],
              [114.860964004, -2.92367712699996, 0],
              [114.860941633, -2.92391359999994, 0],
              [114.860925776, -2.92408123499996, 0],
              [114.860830496, -2.92508849499995, 0],
              [114.861104363, -2.92557956499996, 0],
              [114.861288464, -2.92590967699994, 0],
              [114.862110647, -2.92738393699995, 0],
              [114.862350268, -2.92781360299995, 0],
              [114.862390241, -2.92784113999994, 0],
              [114.864708535, -2.92943818699996, 0],
              [114.865704248, -2.93090555299995, 0],
              [114.865940074, -2.93543866699997, 0],
              [114.865938031, -2.93558785199997, 0],
              [114.86588767, -2.93926430099998, 0],
              [114.865809061, -2.94191080099995, 0],
              [114.866018684, -2.94442628599995, 0],
              [114.865989481, -2.94518553699993, 0],
              [114.865966278, -2.94578883999998, 0],
              [114.867066802, -2.95071499899996, 0],
              [114.86715243, -2.95086399199994, 0],
              [114.869687099, -2.95527431599993, 0],
              [114.872805253, -2.95802562699993, 0],
              [114.874095145, -2.96098337999996, 0],
              [114.877008157, -2.96766298699993, 0],
              [114.878438891, -2.97094369199994, 0],
              [114.880503219, -2.97567846899995, 0],
              [114.883295338, -2.98208251999995, 0],
              [114.884596589, -2.98506709299994, 0],
              [114.885483395, -2.98704780399993, 0],
              [114.886744379, -2.98986425099997, 0]
            ]
          ]
        ]
      }
    },
    {
      "type": "Feature",
      "properties": {
        "kd_propinsi": "63",
        "kd_dati2": "05",
        "kd_kecamatan": "4",
        "kd_kelurahan": "46",
        "nm_kelurahan": "Sungai Rutas"
      },
      "geometry": {
        "type": "MultiPolygon",
        "coordinates": [
          [
            [
              [115.072669338, -2.78553821799994, 0],
              [115.074129332, -2.78642423399998, 0],
              [115.075508846, -2.78972854899996, 0],
              [115.075678114, -2.79013399299993, 0],
              [115.075405, -2.792467, 0],
              [115.075472226, -2.79252986499995, 0],
              [115.075491657, -2.79254803499993, 0],
              [115.075482573, -2.79283898899996, 0],
              [115.075453321, -2.79326956599994, 0],
              [115.075388502, -2.79362592199993, 0],
              [115.075279937, -2.79454680199996, 0],
              [115.075248505, -2.79497932099997, 0],
              [115.075219093, -2.79538402899993, 0],
              [115.075052068, -2.79567801499996, 0],
              [115.074979971, -2.79577153599996, 0],
              [115.074622819, -2.79623481899995, 0],
              [115.074487943, -2.79692256199996, 0],
              [115.073976777, -2.79796154599995, 0],
              [115.073951479, -2.79800130299998, 0],
              [115.07352537, -2.79867097299996, 0],
              [115.07329344, -2.79893805299997, 0],
              [115.073237122, -2.80019498699994, 0],
              [115.073140311, -2.80119961799994, 0],
              [115.072947117, -2.80294572099996, 0],
              [115.072871173, -2.80425507999996, 0],
              [115.072850871, -2.80611479099997, 0],
              [115.072846032, -2.80655801599994, 0],
              [115.072825118, -2.80763614599994, 0],
              [115.072820044, -2.80789769399996, 0],
              [115.072556877, -2.80878242999995, 0],
              [115.072331917, -2.80958206199995, 0],
              [115.072169943, -2.80980678799995, 0],
              [115.071773904, -2.81035625999994, 0],
              [115.071243443, -2.81101399499994, 0],
              [115.071023, -2.811516, 0],
              [115.070985, -2.811708, 0],
              [115.070985409, -2.81171054899994, 0],
              [115.070985553, -2.81171144699994, 0],
              [115.070985678, -2.81171222599994, 0],
              [115.071025574, -2.81196100599993, 0],
              [115.070959663, -2.81225396099995, 0],
              [115.07065742, -2.81248282499996, 0],
              [115.070061726, -2.81302011499997, 0],
              [115.069608903, -2.81348587099996, 0],
              [115.069310927, -2.81383226699995, 0],
              [115.068833997, -2.81448936999993, 0],
              [115.068376846, -2.81505439999995, 0],
              [115.068288256, -2.81516448299993, 0],
              [115.068019226, -2.81549878199996, 0],
              [115.067490183, -2.81601464899995, 0],
              [115.066990046, -2.81631525099994, 0],
              [115.066818006, -2.81675994099993, 0],
              [115.066859554, -2.81753513199993, 0],
              [115.066904932, -2.81829578399993, 0],
              [115.066990463, -2.81905953299997, 0],
              [115.067054992, -2.81963574999998, 0],
              [115.067190636, -2.82049862599996, 0],
              [115.06722386, -2.82070997199998, 0],
              [115.067792889, -2.82191666799997, 0],
              [115.06830962, -2.82332720799997, 0],
              [115.068313233, -2.82336641299997, 0],
              [115.068435461, -2.82469286899993, 0],
              [115.068214338, -2.82605694599994, 0],
              [115.068026416, -2.82721621199994, 0],
              [115.067913406, -2.82756325899993, 0],
              [115.067825536, -2.82783310299993, 0],
              [115.067592503, -2.82808415199997, 0],
              [115.067253491, -2.82844937199997, 0],
              [115.066524841, -2.82880700399994, 0],
              [115.065895716, -2.82940882099996, 0],
              [115.065280246, -2.83038386699997, 0],
              [115.064582563, -2.83143572799997, 0],
              [115.064562798, -2.83187588699997, 0],
              [115.064314607, -2.83232523099997, 0],
              [115.064018751, -2.83282234199993, 0],
              [115.063751668, -2.83318552999998, 0],
              [115.062917, -2.833636, 0],
              [115.062897, -2.833652, 0],
              [115.062809, -2.834002, 0],
              [115.062871, -2.834626, 0],
              [115.063113, -2.835704, 0],
              [115.06351, -2.836509, 0],
              [115.063746, -2.837231, 0],
              [115.06359062, -2.83779128699996, 0],
              [115.063543, -2.837963, 0],
              [115.06352162, -2.83799139599995, 0],
              [115.06283, -2.83891, 0],
              [115.062471, -2.839521, 0],
              [115.062519, -2.840191, 0],
              [115.062754132, -2.84044893299995, 0],
              [115.063179, -2.840915, 0],
              [115.064309, -2.841784, 0],
              [115.065424, -2.842509, 0],
              [115.066287, -2.843016, 0],
              [115.066452, -2.843145, 0],
              [115.067168, -2.843918, 0],
              [115.068018, -2.844774, 0],
              [115.06879, -2.845223, 0],
              [115.068817085, -2.84522391299993, 0],
              [115.068816739, -2.84557670999993, 0],
              [115.068643509, -2.84563569699998, 0],
              [115.058419, -2.85200864199993, 0],
              [115.040964767, -2.86290092499996, 0],
              [115.040869141, -2.86296059799997, 0],
              [115.036588765, -2.86563166299993, 0],
              [115.032389725, -2.86305497999996, 0],
              [115.029717609, -2.86477276899996, 0],
              [115.029714034, -2.86483087099998, 0],
              [115.029610593, -2.86651178099993, 0],
              [115.029526743, -2.86787433199993, 0],
              [115.027713522, -2.87064188099993, 0],
              [115.025852585, -2.87135762699995, 0],
              [115.021033231, -2.87250281899998, 0],
              [115.017096632, -2.87419674999995, 0],
              [115.013613338, -2.87615311999997, 0],
              [115.012086414, -2.87849122199998, 0],
              [115.011537676, -2.88767662099997, 0],
              [115.008531545, -2.89230510799996, 0],
              [115.007338637, -2.89321171899996, 0],
              [115.003950774, -2.89464320999997, 0],
              [115.001040076, -2.89497722499993, 0],
              [114.99956087, -2.89688587899997, 0],
              [114.999392575, -2.89899373199995, 0],
              [115.000061891, -2.90196767099997, 0],
              [115.003640618, -2.90344687799995, 0],
              [115.008078241, -2.90721647099997, 0],
              [115.012611294, -2.90955457299998, 0],
              [115.013756486, -2.91050889999997, 0],
              [115.014782388, -2.91272771099995, 0],
              [115.015593567, -2.91721304799995, 0],
              [115.012611294, -2.92639844799993, 0],
              [115.010082327, -2.93083606899995, 0],
              [115.007648792, -2.93183811299997, 0],
              [115.0038792, -2.93412849799995, 0],
              [115.002543142, -2.93355590199997, 0],
              [114.998916699, -2.92988174299995, 0],
              [114.998010089, -2.92873654899995, 0],
              [114.996006001, -2.92859339999995, 0],
              [114.992952153, -2.93035890599998, 0],
              [114.991377515, -2.93379448399998, 0],
              [114.988991695, -2.94357633699997, 0],
              [114.989087129, -2.94567585799996, 0],
              [114.98906974, -2.94573908599995, 0],
              [114.985278117, -2.94741450299995, 0],
              [114.968897601, -2.95465235699993, 0],
              [114.962794549, -2.95731464399995, 0],
              [114.962794714, -2.95731437899997, 0],
              [114.962799891, -2.95730469399996, 0],
              [114.972155667, -2.93980667699998, 0],
              [114.974221088, -2.93617074299993, 0],
              [114.978535231, -2.92852319699995, 0],
              [114.990877863, -2.90639158099998, 0],
              [114.992156214, -2.90415049499995, 0],
              [114.993489913, -2.90172594899997, 0],
              [114.994736027, -2.89948453799997, 0],
              [114.996085651, -2.89702814299994, 0],
              [114.997347688, -2.89473099499998, 0],
              [114.998697313, -2.89229052499996, 0],
              [114.999967314, -2.88996948999994, 0],
              [115.001253238, -2.88765641699996, 0],
              [115.002499351, -2.88526372099994, 0],
              [115.003737501, -2.88291083699994, 0],
              [115.004951766, -2.88061368899997, 0],
              [115.006181954, -2.87826876699995, 0],
              [115.006764202, -2.87716896299997, 0],
              [115.008659237, -2.87356119099997, 0],
              [115.010337642, -2.87035414999997, 0],
              [115.010343605, -2.87034275299993, 0],
              [115.012500893, -2.86630674899993, 0],
              [115.015148912, -2.86121315499997, 0],
              [115.015685905, -2.86023293199997, 0],
              [115.015786624, -2.86004907899996, 0],
              [115.015786624, -2.85871292199994, 0],
              [115.015624665, -2.85628354499994, 0],
              [115.01570637, -2.85472030999995, 0],
              [115.01576319, -2.85363314999995, 0],
              [115.01581446, -2.85265213299994, 0],
              [115.016118132, -2.85103254799998, 0],
              [115.01611361, -2.85029519999995, 0],
              [115.016102317, -2.84845449899996, 0],
              [115.01638701, -2.84563920599993, 0],
              [115.017494147, -2.84503818799993, 0],
              [115.022376249, -2.83735837099994, 0],
              [115.025017452, -2.83378917999994, 0],
              [115.028301108, -2.83207596799997, 0],
              [115.036795784, -2.82793570599995, 0],
              [115.033440743, -2.81815612099996, 0],
              [115.030851891, -2.81161355499995, 0],
              [115.035540104, -2.78315485099995, 0],
              [115.035501004, -2.78314295799993, 0],
              [115.035666667, -2.78236111099994, 0],
              [115.039312041, -2.78421469299997, 0],
              [115.041384285, -2.78477093099997, 0],
              [115.043412888, -2.78531545099997, 0],
              [115.048104956, -2.78537752499994, 0],
              [115.05466632, -2.78386939799998, 0],
              [115.059595122, -2.78472750199995, 0],
              [115.05981642, -2.78463744999993, 0],
              [115.060778496, -2.78437215299994, 0],
              [115.06640051, -2.78282185499995, 0],
              [115.069727132, -2.78328847299997, 0],
              [115.072351471, -2.78534531599996, 0],
              [115.072669338, -2.78553821799994, 0]
            ]
          ]
        ]
      }
    },
    {
      "type": "Feature",
      "properties": {
        "kd_propinsi": "63",
        "kd_dati2": "05",
        "kd_kecamatan": "4",
        "kd_kelurahan": "47",
        "nm_kelurahan": "Sungai Rutas Hulu"
      },
      "geometry": {
        "type": "MultiPolygon",
        "coordinates": [
          [
            [
              [115.080938601, -2.86864652499997, 0],
              [115.072211937, -2.87457797999997, 0],
              [115.059889863, -2.88295320999993, 0],
              [115.055820985, -2.88646291499993, 0],
              [115.052894248, -2.88827130499993, 0],
              [115.049957993, -2.89054178799995, 0],
              [115.049643904, -2.89077973399998, 0],
              [115.049310781, -2.89112237499995, 0],
              [115.034097101, -2.90614779899994, 0],
              [115.039522273, -2.91522544299994, 0],
              [115.045470925, -2.91608204999994, 0],
              [115.04648633, -2.91642051799994, 0],
              [115.046644, -2.91910088599997, 0],
              [115.044896323, -2.92025067899994, 0],
              [115.039820991, -2.92358970799995, 0],
              [115.012814147, -2.93533181399994, 0],
              [115.012801869, -2.93533719199996, 0],
              [114.990828002, -2.94496217999995, 0],
              [114.99074332, -2.94499959899997, 0],
              [114.989069747, -2.94573911099997, 0],
              [114.98906974, -2.94573908599995, 0],
              [114.989087129, -2.94567585799996, 0],
              [114.988991695, -2.94357633699997, 0],
              [114.991377515, -2.93379448399998, 0],
              [114.992952153, -2.93035890599998, 0],
              [114.996006001, -2.92859339999995, 0],
              [114.998010089, -2.92873654899995, 0],
              [114.998916699, -2.92988174299995, 0],
              [115.002543142, -2.93355590199997, 0],
              [115.0038792, -2.93412849799995, 0],
              [115.007648792, -2.93183811299997, 0],
              [115.010082327, -2.93083606899995, 0],
              [115.012611294, -2.92639844799993, 0],
              [115.015593567, -2.91721304799995, 0],
              [115.014782388, -2.91272771099995, 0],
              [115.013756486, -2.91050889999997, 0],
              [115.012611294, -2.90955457299998, 0],
              [115.008078241, -2.90721647099997, 0],
              [115.003640618, -2.90344687799995, 0],
              [115.000061891, -2.90196767099997, 0],
              [114.999392575, -2.89899373199995, 0],
              [114.99956087, -2.89688587899997, 0],
              [115.001040076, -2.89497722499993, 0],
              [115.003950774, -2.89464320999997, 0],
              [115.007338637, -2.89321171899996, 0],
              [115.008531545, -2.89230510799996, 0],
              [115.011537676, -2.88767662099997, 0],
              [115.012086414, -2.87849122199998, 0],
              [115.013613338, -2.87615311999997, 0],
              [115.017096632, -2.87419674999995, 0],
              [115.021033231, -2.87250281899998, 0],
              [115.025852585, -2.87135762699995, 0],
              [115.027713522, -2.87064188099993, 0],
              [115.029526743, -2.86787433199993, 0],
              [115.029610593, -2.86651178099993, 0],
              [115.029714034, -2.86483087099998, 0],
              [115.029717609, -2.86477276899996, 0],
              [115.032389725, -2.86305497999996, 0],
              [115.036588765, -2.86563166299993, 0],
              [115.040869141, -2.86296059799997, 0],
              [115.040964767, -2.86290092499996, 0],
              [115.058419, -2.85200864199993, 0],
              [115.068643509, -2.84563569699998, 0],
              [115.068816739, -2.84557670999993, 0],
              [115.069020741, -2.84600258799998, 0],
              [115.074137593, -2.85572461899994, 0],
              [115.080285951, -2.86740648999995, 0],
              [115.080938601, -2.86864652499997, 0]
            ]
          ]
        ]
      }
    },
    {
      "type": "Feature",
      "properties": {
        "kd_propinsi": "63",
        "kd_dati2": "05",
        "kd_kecamatan": "5",
        "kd_kelurahan": "58",
        "nm_kelurahan": "Sungai Salai"
      },
      "geometry": {
        "type": "MultiPolygon",
        "coordinates": [
          [
            [
              [114.862139912, -2.84668610499995, 0],
              [114.887399315, -2.90778409899997, 0],
              [114.904159813, -2.93464271099998, 0],
              [114.903190759, -2.93582818299996, 0],
              [114.902287362, -2.93672921199993, 0],
              [114.901172673, -2.93746421499998, 0],
              [114.900472263, -2.93783052699996, 0],
              [114.899693422, -2.93802263399994, 0],
              [114.898354355, -2.93782875899996, 0],
              [114.897198854, -2.93727694299997, 0],
              [114.895718508, -2.93629065199997, 0],
              [114.894114857, -2.93522220699992, 0],
              [114.892685827, -2.93400421399997, 0],
              [114.891567676, -2.93294757699994, 0],
              [114.891225658, -2.93263189199996, 0],
              [114.890913489, -2.93364358699995, 0],
              [114.890101573, -2.93619709299998, 0],
              [114.889242408, -2.93893004099994, 0],
              [114.887986632, -2.94290902099993, 0],
              [114.886703427, -2.94693378299996, 0],
              [114.887614144, -2.94946861099993, 0],
              [114.88873057, -2.95257599399997, 0],
              [114.891403615, -2.96001597099996, 0],
              [114.896093017, -2.97306814099994, 0],
              [114.898946827, -2.98101124999994, 0],
              [114.900115332, -2.98426358699993, 0],
              [114.891488262, -2.98787718999995, 0],
              [114.890952779, -2.98810148799993, 0],
              [114.886744379, -2.98986425099997, 0],
              [114.885483395, -2.98704780399993, 0],
              [114.884596589, -2.98506709299994, 0],
              [114.883295338, -2.98208251999995, 0],
              [114.880503219, -2.97567846899995, 0],
              [114.878438891, -2.97094369199994, 0],
              [114.877008157, -2.96766298699993, 0],
              [114.874095145, -2.96098337999996, 0],
              [114.872805253, -2.95802562699993, 0],
              [114.869687099, -2.95527431599993, 0],
              [114.86715243, -2.95086399199994, 0],
              [114.867066802, -2.95071499899996, 0],
              [114.865966278, -2.94578883999998, 0],
              [114.865989481, -2.94518553699993, 0],
              [114.866018684, -2.94442628599995, 0],
              [114.865809061, -2.94191080099995, 0],
              [114.86588767, -2.93926430099998, 0],
              [114.865938031, -2.93558785199997, 0],
              [114.865940074, -2.93543866699997, 0],
              [114.865704248, -2.93090555299995, 0],
              [114.864708535, -2.92943818699996, 0],
              [114.862390241, -2.92784113999994, 0],
              [114.862350268, -2.92781360299995, 0],
              [114.862110647, -2.92738393699995, 0],
              [114.861288464, -2.92590967699994, 0],
              [114.861104363, -2.92557956499996, 0],
              [114.860830496, -2.92508849499995, 0],
              [114.860925776, -2.92408123499996, 0],
              [114.860941633, -2.92391359999994, 0],
              [114.860964004, -2.92367712699996, 0],
              [114.859887591, -2.92384283299998, 0],
              [114.859302244, -2.92377144899996, 0],
              [114.858745449, -2.92372861799993, 0],
              [114.858102995, -2.92371434199993, 0],
              [114.857589032, -2.92352874499994, 0],
              [114.857017961, -2.92337169999996, 0],
              [114.856575381, -2.92325748499997, 0],
              [114.856261292, -2.92317182499994, 0],
              [114.855804437, -2.92307188699994, 0],
              [114.855418962, -2.92294339699993, 0],
              [114.855019213, -2.92282918399997, 0],
              [114.854719401, -2.92272924499997, 0],
              [114.854448143, -2.92275779899995, 0],
              [114.854091224, -2.92271496799998, 0],
              [114.853877073, -2.92248653999997, 0],
              [114.853720028, -2.92211534399996, 0],
              [114.85357726, -2.92168704099993, 0],
              [114.853277449, -2.92107313999998, 0],
              [114.85296336, -2.92064483699994, 0],
              [114.852706377, -2.92035930299994, 0],
              [114.852535057, -2.92013087399994, 0],
              [114.852363736, -2.91953124899993, 0],
              [114.852278074, -2.91931709699998, 0],
              [114.852063923, -2.91910294699994, 0],
              [114.851778388, -2.91874602699994, 0],
              [114.851621344, -2.91848904499994, 0],
              [114.851549959, -2.91828917099997, 0],
              [114.85150713, -2.91800363499993, 0],
              [114.851564237, -2.91757533199996, 0],
              [114.851649897, -2.91697570799994, 0],
              [114.851792664, -2.91617620899996, 0],
              [114.851878326, -2.91553375499996, 0],
              [114.85199254, -2.91491985399995, 0],
              [114.851935432, -2.91442016699995, 0],
              [114.851935433, -2.91294014199997, 0],
              [114.851840253, -2.91136017999997, 0],
              [114.851745075, -2.90979925399995, 0],
              [114.851668932, -2.90736268599994, 0],
              [114.851402432, -2.90532586699993, 0],
              [114.851193041, -2.90288929899998, 0],
              [114.850555345, -2.90264659399998, 0],
              [114.850079452, -2.90231346899998, 0],
              [114.849555971, -2.90207552399994, 0],
              [114.849270437, -2.90157583699994, 0],
              [114.84867557, -2.90098097099997, 0],
              [114.848247267, -2.90036231199997, 0],
              [114.847985527, -2.89991021399993, 0],
              [114.84805691, -2.89874427799998, 0],
              [114.84805691, -2.89750695799995, 0],
              [114.848128294, -2.89339049099993, 0],
              [114.848223474, -2.89272424199993, 0],
              [114.84805691, -2.89229593899995, 0],
              [114.847768072, -2.89141686899995, 0],
              [114.847509634, -2.89063031699993, 0],
              [114.846948339, -2.88874436599997, 0],
              [114.846914769, -2.88863156899993, 0],
              [114.846557848, -2.88751322199994, 0],
              [114.844796898, -2.87428573499994, 0],
              [114.842967031, -2.86054116199995, 0],
              [114.838985473, -2.86358163199998, 0],
              [114.838634975, -2.86384928299998, 0],
              [114.838200181, -2.86418130699997, 0],
              [114.837857372, -2.86444308699993, 0],
              [114.837553313, -2.86467527499997, 0],
              [114.837330857, -2.86488733699997, 0],
              [114.837175217, -2.86501167499995, 0],
              [114.832795711, -2.85533849799998, 0],
              [114.831606174, -2.85271112299995, 0],
              [114.827808018, -2.84383165399993, 0],
              [114.824534024, -2.83617759199996, 0],
              [114.8245921, -2.83615225799997, 0],
              [114.824887077, -2.83610378199995, 0],
              [114.826127799, -2.83645624199994, 0],
              [114.826755625, -2.83663458699994, 0],
              [114.827116196, -2.83673701299995, 0],
              [114.862139912, -2.84668610499995, 0]
            ]
          ]
        ]
      }
    },
    {
      "type": "Feature",
      "properties": {
        "kd_propinsi": "63",
        "kd_dati2": "05",
        "kd_kecamatan": "10",
        "kd_kelurahan": "101",
        "nm_kelurahan": "Tatakan"
      },
      "geometry": {
        "type": "MultiPolygon",
        "coordinates": [
          [
            [
              [115.041432095, -3.01058134799996, 0],
              [115.041447272, -3.01072811599994, 0],
              [115.041453076, -3.01101424699994, 0],
              [115.041481611, -3.01106015099998, 0],
              [115.041495035, -3.01118995999997, 0],
              [115.041614, -3.01127310799996, 0],
              [115.041821508, -3.01160690099994, 0],
              [115.043252151, -3.01233562299996, 0],
              [115.043492448, -3.01367871499997, 0],
              [115.043623567, -3.01379467099997, 0],
              [115.043717194, -3.01435869499994, 0],
              [115.044678823, -3.01517626499998, 0],
              [115.044866346, -3.01553135899997, 0],
              [115.044344343, -3.01901137999994, 0],
              [115.044924346, -3.02579741999995, 0],
              [115.044460345, -3.02834943499994, 0],
              [115.043706341, -3.02916143999994, 0],
              [115.047534362, -3.03084344899997, 0],
              [115.049831825, -3.03339220099997, 0],
              [115.051246383, -3.03496147499993, 0],
              [115.073330074, -3.04437921799996, 0],
              [115.082595568, -3.04833055299997, 0],
              [115.087712962, -3.05059775599995, 0],
              [115.089468608, -3.05137557099994, 0],
              [115.088192602, -3.05270957799996, 0],
              [115.088830606, -3.05468158999997, 0],
              [115.090811543, -3.05626634099997, 0],
              [115.090860618, -3.05630559899993, 0],
              [115.094572639, -3.05549359499997, 0],
              [115.099792671, -3.05485559199997, 0],
              [115.101416679, -3.05665360099994, 0],
              [115.105070702, -3.05734960599995, 0],
              [115.107738718, -3.05682760299993, 0],
              [115.109028596, -3.05616654399995, 0],
              [115.109281648, -3.05603685599994, 0],
              [115.111780016, -3.05475643899996, 0],
              [115.112378745, -3.05444958799995, 0],
              [115.113043237, -3.05385952199993, 0],
              [115.1143493, -3.05269973599997, 0],
              [115.116003764, -3.05123056999997, 0],
              [115.11770555, -3.05123056999997, 0],
              [115.119077784, -3.05123056999997, 0],
              [115.120527791, -3.05198457499995, 0],
              [115.120713828, -3.05216215399997, 0],
              [115.121803801, -3.05320258099994, 0],
              [115.123137806, -3.05360858499995, 0],
              [115.125457822, -3.05360858499995, 0],
              [115.126512056, -3.05384955199997, 0],
              [115.127487833, -3.05407258599996, 0],
              [115.128357839, -3.05523259299997, 0],
              [115.13224386, -3.05674060199993, 0],
              [115.134157871, -3.05871261399994, 0],
              [115.135491881, -3.06149662999997, 0],
              [115.136767887, -3.06161263199994, 0],
              [115.138333897, -3.06132262899996, 0],
              [115.139667904, -3.06317863999993, 0],
              [115.139731047, -3.06323546899995, 0],
              [115.140710714, -3.06411716699995, 0],
              [115.140738953, -3.06414580499995, 0],
              [115.140645984, -3.06498252499995, 0],
              [115.14056485, -3.06571272799994, 0],
              [115.140466133, -3.06660119599997, 0],
              [115.140401539, -3.06718253999998, 0],
              [115.140365756, -3.06750456899994, 0],
              [115.140163313, -3.06792295499997, 0],
              [115.140041251, -3.06817521899995, 0],
              [115.139951393, -3.06836092099996, 0],
              [115.138978517, -3.07037153099998, 0],
              [115.138463354, -3.07143620299996, 0],
              [115.138381002, -3.07149583699993, 0],
              [115.135494285, -3.07358621699996, 0],
              [115.134785374, -3.07409956599997, 0],
              [115.13389165, -3.07547452899996, 0],
              [115.133074149, -3.07673222699998, 0],
              [115.132594922, -3.07746949699993, 0],
              [115.131487877, -3.07917264099996, 0],
              [115.131409584, -3.07932052699994, 0],
              [115.131406772, -3.07932583499996, 0],
              [115.131186965, -3.07971586899993, 0],
              [115.131103558, -3.07987751499996, 0],
              [115.130674851, -3.08070835499996, 0],
              [115.130346435, -3.08132869799994, 0],
              [115.129661079, -3.08175704499996, 0],
              [115.12953863, -3.08182709699997, 0],
              [115.129540124, -3.08183264199994, 0],
              [115.129536689, -3.08183478899997, 0],
              [115.128317204, -3.08259696599993, 0],
              [115.128143892, -3.08285183899994, 0],
              [115.127772962, -3.08339732299993, 0],
              [115.126161147, -3.08576763899993, 0],
              [115.124873665, -3.08799147399998, 0],
              [115.123950055, -3.08958680199993, 0],
              [115.123519498, -3.09033049699997, 0],
              [115.122499023, -3.09209312799993, 0],
              [115.122430275, -3.09206333799995, 0],
              [115.11543652, -3.09503386599994, 0],
              [115.114994211, -3.09477280699997, 0],
              [115.107217356, -3.09018269999996, 0],
              [115.104971145, -3.08839334499993, 0],
              [115.10389563, -3.08069816799997, 0],
              [115.101899261, -3.07812002299994, 0],
              [115.100889619, -3.07710616399993, 0],
              [115.099475135, -3.07572086799996, 0],
              [115.097835918, -3.07586563299998, 0],
              [115.097801972, -3.07585095199994, 0],
              [115.097211731, -3.07559571399997, 0],
              [115.096427278, -3.07525648999996, 0],
              [115.094602867, -3.07444740399996, 0],
              [115.094280701, -3.07436927899994, 0],
              [115.093709632, -3.07416702499995, 0],
              [115.091877448, -3.07371492599998, 0],
              [115.087415958, -3.07243001699993, 0],
              [115.08351364, -3.07126408099992, 0],
              [115.079908757, -3.07016952899994, 0],
              [115.07539968, -3.06851580399996, 0],
              [115.068094733, -3.06643377699993, 0],
              [115.061218091, -3.06463728299997, 0],
              [115.055614462, -3.06310253099997, 0],
              [115.048844895, -3.06107998899995, 0],
              [115.043895615, -3.05940246899996, 0],
              [115.040326424, -3.05816514899993, 0],
              [115.037804803, -3.05724819799997, 0],
              [115.037941788, -3.05725392299996, 0],
              [115.037702179, -3.05717258599998, 0],
              [115.036952643, -3.05689498099997, 0],
              [115.036160288, -3.05660151699993, 0],
              [115.034789719, -3.05551648199997, 0],
              [115.033933115, -3.05475505599998, 0],
              [115.033590469, -3.05426012599997, 0],
              [115.032581578, -3.05182355799997, 0],
              [115.032200867, -3.05098598799998, 0],
              [115.032090775, -3.05087673099996, 0],
              [115.030273219, -3.04907294699996, 0],
              [115.0301705, -3.04915529699997, 0],
              [115.029618849, -3.04856402399997, 0],
              [115.02771528, -3.04666045599993, 0],
              [115.027049032, -3.04593471899995, 0],
              [115.026680216, -3.04547072499997, 0],
              [115.026477962, -3.04485206399994, 0],
              [115.026168632, -3.04360284699993, 0],
              [115.025395306, -3.04053334299994, 0],
              [115.024669572, -3.03732106999996, 0],
              [115.02418178, -3.03528663099996, 0],
              [115.023812965, -3.03319270499998, 0],
              [115.023313279, -3.03062288699994, 0],
              [115.022980154, -3.02898105999998, 0],
              [115.022325802, -3.02550704599997, 0],
              [115.021956984, -3.02328224999997, 0],
              [115.0214454, -3.02086709699995, 0],
              [115.020933817, -3.01828538199993, 0],
              [115.020979005, -3.01818455599994, 0],
              [115.025656676, -3.00774744899996, 0],
              [115.037393865, -3.00307908899993, 0],
              [115.037916412, -3.00334967199996, 0],
              [115.037930877, -3.00335716199993, 0],
              [115.037939077, -3.00337563699998, 0],
              [115.038451221, -3.00452956899994, 0],
              [115.038807367, -3.00519122099996, 0],
              [115.038806957, -3.00523921199994, 0],
              [115.038763015, -3.00573528199993, 0],
              [115.03880191, -3.00583083099997, 0],
              [115.03880122, -3.00591171299993, 0],
              [115.038898149, -3.00606723799996, 0],
              [115.038964403, -3.00622998999995, 0],
              [115.039027351, -3.00627453999994, 0],
              [115.039083771, -3.00636506999996, 0],
              [115.039207538, -3.00640206999998, 0],
              [115.039397057, -3.00653620599996, 0],
              [115.039910255, -3.00661215099996, 0],
              [115.039929976, -3.00661804599997, 0],
              [115.040796698, -3.00736589399998, 0],
              [115.040941755, -3.00771896399994, 0],
              [115.041009142, -3.00811779499998, 0],
              [115.041180462, -3.00867458899995, 0],
              [115.041223293, -3.00906006299994, 0],
              [115.041251845, -3.00955974899995, 0],
              [115.041266124, -3.00997377599992, 0],
              [115.041402778, -3.01029787199997, 0],
              [115.041432095, -3.01058134799996, 0]
            ]
          ]
        ]
      }
    },
    {
      "type": "Feature",
      "properties": {
        "kd_propinsi": "63",
        "kd_dati2": "05",
        "kd_kecamatan": "6",
        "kd_kelurahan": "68",
        "nm_kelurahan": "Tarungin"
      },
      "geometry": {
        "type": "MultiPolygon",
        "coordinates": [
          [
            [
              [115.192098735, -3.14939582699998, 0],
              [115.191899434, -3.14940798499993, 0],
              [115.1916692, -3.14942202999993, 0],
              [115.191656623, -3.14950169999997, 0],
              [115.191493089, -3.14960652899993, 0],
              [115.191191181, -3.14968200599998, 0],
              [115.190873417, -3.15013410299997, 0],
              [115.190671559, -3.15100089999993, 0],
              [115.190404353, -3.15214829799993, 0],
              [115.190245476, -3.15283052599995, 0],
              [115.190117607, -3.15337959699997, 0],
              [115.188846547, -3.15883738699995, 0],
              [115.188846582, -3.15883745599996, 0],
              [115.189557897, -3.16022899299998, 0],
              [115.190149474, -3.16138001499996, 0],
              [115.190149756, -3.16138056599993, 0],
              [115.190976808, -3.16298974899996, 0],
              [115.192158612, -3.16530452099994, 0],
              [115.192320067, -3.16632396899996, 0],
              [115.192316386, -3.16632651799995, 0],
              [115.192180674, -3.16640793899995, 0],
              [115.192063132, -3.16643495199998, 0],
              [115.191936662, -3.16639843799993, 0],
              [115.191792116, -3.16636189199994, 0],
              [115.191674795, -3.16626188199996, 0],
              [115.191647885, -3.16614388499994, 0],
              [115.191602916, -3.16601678299998, 0],
              [115.19155793, -3.16589875299997, 0],
              [115.191458717, -3.16578062899993, 0],
              [115.191341395, -3.16568061899994, 0],
              [115.191314486, -3.16556262199993, 0],
              [115.191296615, -3.16544463999998, 0],
              [115.19126972, -3.16531756899997, 0],
              [115.191179545, -3.16519946099993, 0],
              [115.191053091, -3.16515387399994, 0],
              [115.190935692, -3.16509922999995, 0],
              [115.190809207, -3.16507178899997, 0],
              [115.190691792, -3.16502621699993, 0],
              [115.190574313, -3.16501693799995, 0],
              [115.190447922, -3.16493505899996, 0],
              [115.190384876, -3.16480792399995, 0],
              [115.190331263, -3.16445397999996, 0],
              [115.190304368, -3.16432690899995, 0],
              [115.190204574, -3.16421309499998, 0],
              [115.190159588, -3.16409506599996, 0],
              [115.190087489, -3.16397698999998, 0],
              [115.190042504, -3.16385896099996, 0],
              [115.190006556, -3.16374094699995, 0],
              [115.189979663, -3.16361387599994, 0],
              [115.18997083, -3.16349591099993, 0],
              [115.189980072, -3.16337797699993, 0],
              [115.189998353, -3.16326005899998, 0],
              [115.190016633, -3.16314213999993, 0],
              [115.190007815, -3.16301510099993, 0],
              [115.189926678, -3.16289700899995, 0],
              [115.18980928, -3.16284236499996, 0],
              [115.189574291, -3.16284195299994, 0],
              [115.189456782, -3.16285081999996, 0],
              [115.189203654, -3.16288666799994, 0],
              [115.189077045, -3.16293181199995, 0],
              [115.188959487, -3.16296789799998, 0],
              [115.1887245, -3.16296748599996, 0],
              [115.188607037, -3.16294913399997, 0],
              [115.188489591, -3.16292170799994, 0],
              [115.188363185, -3.16284890199995, 0],
              [115.188245722, -3.16283054999997, 0],
              [115.188128402, -3.16273053999993, 0],
              [115.188062996, -3.16260985899993, 0],
              [115.18801801, -3.16249182999997, 0],
              [115.188018215, -3.16237387999996, 0],
              [115.188009397, -3.16224684099996, 0],
              [115.187882961, -3.16219218099997, 0],
              [115.187765483, -3.16218290199993, 0],
              [115.187530496, -3.16218248999996, 0],
              [115.187412907, -3.16223672199993, 0],
              [115.187295335, -3.16228188099996, 0],
              [115.187177778, -3.16231796699998, 0],
              [115.187060173, -3.16238127199995, 0],
              [115.186942586, -3.16243550399997, 0],
              [115.186824934, -3.16252602899994, 0],
              [115.186707283, -3.16261655299996, 0],
              [115.186580672, -3.16266169599993, 0],
              [115.186219153, -3.16266106099994, 0],
              [115.186101771, -3.16259734399995, 0],
              [115.185993519, -3.16247920399997, 0],
              [115.185957573, -3.16236118999996, 0],
              [115.185930663, -3.16224319299994, 0],
              [115.18592183, -3.16212522699993, 0],
              [115.185894922, -3.16200722999997, 0],
              [115.185849937, -3.16188920099995, 0],
              [115.185732586, -3.16180733699997, 0],
              [115.185612833, -3.16178649699998, 0],
              [115.185495402, -3.16174999799995, 0],
              [115.185378004, -3.16169535299997, 0],
              [115.18526062, -3.16163163499994, 0],
              [115.185170446, -3.16151352699995, 0],
              [115.185053109, -3.16142258999997, 0],
              [115.184953898, -3.16130446599993, 0],
              [115.184827571, -3.16118629399995, 0],
              [115.184710126, -3.16115886799997, 0],
              [115.184592695, -3.16112236999993, 0],
              [115.184475234, -3.16110401699996, 0],
              [115.184348765, -3.16106750299997, 0],
              [115.184231303, -3.16104914999994, 0],
              [115.18411381, -3.16104894399996, 0],
              [115.183996221, -3.16110317599993, 0],
              [115.183878619, -3.16116647999996, 0],
              [115.18376103, -3.16122071199993, 0],
              [115.183643457, -3.16126587099996, 0],
              [115.183614413, -3.16127926599995, 0],
              [115.18352587, -3.16132010299998, 0],
              [115.183408297, -3.16136526099996, 0],
              [115.183290725, -3.16141041999993, 0],
              [115.183171359, -3.16147400399996, 0],
              [115.18305377, -3.16152823599998, 0],
              [115.18293623, -3.16155524799996, 0],
              [115.182818705, -3.16157318799998, 0],
              [115.182692173, -3.16157296499995, 0],
              [115.182565706, -3.16153644999997, 0],
              [115.182448275, -3.16149995199993, 0],
              [115.182416296, -3.16148753999994, 0],
              [115.18233086, -3.16145437999995, 0],
              [115.182213447, -3.16140880799998, 0],
              [115.182077909, -3.16139042299994, 0],
              [115.181960462, -3.16136299699997, 0],
              [115.181833948, -3.16135370099994, 0],
              [115.181716454, -3.16135349499996, 0],
              [115.181598978, -3.16134421499993, 0],
              [115.181472494, -3.16131677299995, 0],
              [115.181355047, -3.16128934699998, 0],
              [115.181237602, -3.16126192099995, 0],
              [115.181111007, -3.16129799099997, 0],
              [115.180975406, -3.16131589799994, 0],
              [115.180857788, -3.16138827599997, 0],
              [115.180740183, -3.16145157999995, 0],
              [115.1806225, -3.16156024899993, 0],
              [115.180502873, -3.16158865099993, 0],
              [115.180376215, -3.16166101199997, 0],
              [115.18024959, -3.16171522699995, 0],
              [115.180131906, -3.16182389699998, 0],
              [115.180014224, -3.16193256599996, 0],
              [115.179913377, -3.16206140599996, 0],
              [115.179813755, -3.16217917999995, 0],
              [115.179750283, -3.16229701799995, 0],
              [115.179632631, -3.16238754099993, 0],
              [115.179533008, -3.16250531499998, 0],
              [115.179415389, -3.16257769199996, 0],
              [115.179297753, -3.16265914199994, 0],
              [115.179192126, -3.16271192799997, 0],
              [115.179171111, -3.16272242999997, 0],
              [115.179145589, -3.16275260299994, 0],
              [115.179071488, -3.16284020399996, 0],
              [115.178953836, -3.16293072699995, 0],
              [115.178836217, -3.16300310399993, 0],
              [115.178763707, -3.16312092599998, 0],
              [115.178673122, -3.16323871499998, 0],
              [115.178555486, -3.16332016499996, 0],
              [115.178437929, -3.16335624999994, 0],
              [115.178202942, -3.16335583499995, 0],
              [115.178085466, -3.16334655499998, 0],
              [115.177966745, -3.16330069799994, 0],
              [115.177849393, -3.16321883399996, 0],
              [115.177732044, -3.16313696999993, 0],
              [115.177614645, -3.16308232399996, 0],
              [115.177488193, -3.16303673599998, 0],
              [115.177370764, -3.16300023699995, 0],
              [115.177253365, -3.16294559099993, 0],
              [115.177136, -3.16287279999995, 0],
              [115.177018538, -3.16285444599993, 0],
              [115.17689207, -3.16281793099995, 0],
              [115.176774641, -3.16278143099993, 0],
              [115.176657195, -3.16275400499995, 0],
              [115.17653975, -3.16272657799993, 0],
              [115.176422288, -3.16270822499996, 0],
              [115.176304842, -3.16268079899993, 0],
              [115.176187382, -3.16266244499997, 0],
              [115.176069904, -3.16265316499994, 0],
              [115.175952539, -3.16258037299997, 0],
              [115.17583514, -3.16252572799994, 0],
              [115.175708625, -3.16251643099997, 0],
              [115.17559118, -3.16248900499994, 0],
              [115.175464649, -3.16248878099998, 0],
              [115.175347171, -3.16247950099995, 0],
              [115.175229679, -3.16247929299993, 0],
              [115.175218357, -3.16248276799996, 0],
              [115.175112122, -3.16251537799997, 0],
              [115.174994551, -3.16256053499996, 0],
              [115.174876978, -3.16260569199994, 0],
              [115.174841995, -3.16261642999996, 0],
              [115.174759421, -3.16264177599993, 0],
              [115.174641802, -3.16271415299997, 0],
              [115.174485287, -3.16280650899995, 0],
              [115.174527496, -3.16296874799997, 0],
              [115.1745952, -3.16313103199997, 0],
              [115.174602707, -3.16314162599997, 0],
              [115.174679976, -3.16325067099996, 0],
              [115.174730728, -3.16338732099996, 0],
              [115.17475603, -3.16349832099996, 0],
              [115.174764289, -3.16363489499997, 0],
              [115.174768428, -3.16369455499995, 0],
              [115.174772579, -3.16375439899997, 0],
              [115.174797746, -3.16394221299993, 0],
              [115.174822734, -3.16423244699996, 0],
              [115.174814115, -3.16430071199994, 0],
              [115.174762945, -3.16440304099996, 0],
              [115.174703276, -3.16450535499996, 0],
              [115.174635199, -3.16455644499996, 0],
              [115.174507691, -3.16457328899998, 0],
              [115.174442202, -3.16457317299995, 0],
              [115.174388712, -3.16457307899998, 0],
              [115.174184778, -3.16455564799998, 0],
              [115.17409023, -3.16454492799994, 0],
              [115.174125928, -3.16383373199994, 0],
              [115.174133198, -3.16365839099996, 0],
              [115.174135101, -3.16361249899995, 0],
              [115.174144019, -3.16339738199997, 0],
              [115.174151804, -3.16320964499994, 0],
              [115.174168268, -3.16281250999998, 0],
              [115.174179782, -3.16253478499993, 0],
              [115.174188233, -3.16233092899995, 0],
              [115.174189195, -3.16231299799995, 0],
              [115.174189532, -3.16230669399994, 0],
              [115.174217361, -3.16178766699994, 0],
              [115.174222055, -3.16170009999996, 0],
              [115.174233007, -3.16149582899993, 0],
              [115.174238844, -3.16138697399993, 0],
              [115.174239636, -3.16137218499995, 0],
              [115.174262545, -3.16094488999994, 0],
              [115.174275343, -3.16070619499993, 0],
              [115.174301705, -3.16021447699995, 0],
              [115.1744508, -3.15743349299993, 0],
              [115.174459572, -3.15726986199996, 0],
              [115.174459735, -3.15726682899998, 0],
              [115.174477373, -3.15693784299998, 0],
              [115.174478449, -3.15691775299996, 0],
              [115.17447933, -3.15690132099996, 0],
              [115.174480397, -3.15688138899998, 0],
              [115.174481902, -3.15685332899994, 0],
              [115.17448433, -3.15680808899998, 0],
              [115.172282918, -3.15208342299997, 0],
              [115.172390355, -3.14995620899992, 0],
              [115.172476023, -3.14825991899994, 0],
              [115.171497618, -3.14434629899995, 0],
              [115.171407363, -3.14392651999998, 0],
              [115.171090538, -3.14181196899995, 0],
              [115.170835459, -3.14126659499993, 0],
              [115.172805653, -3.14039095399994, 0],
              [115.174190501, -3.13943441099997, 0],
              [115.175061383, -3.13950579399995, 0],
              [115.176803148, -3.13949151699995, 0],
              [115.179130262, -3.13906321399998, 0],
              [115.180600768, -3.13840648299993, 0],
              [115.180631427, -3.13838305599995, 0],
              [115.182396428, -3.13703444699996, 0],
              [115.18236971, -3.13686077099993, 0],
              [115.182320286, -3.13653951799995, 0],
              [115.182332138, -3.13624323299996, 0],
              [115.182339322, -3.13606362599995, 0],
              [115.182339322, -3.13585423399996, 0],
              [115.182529678, -3.13568291299993, 0],
              [115.182758106, -3.13547351999995, 0],
              [115.183014334, -3.13519288999993, 0],
              [115.183157857, -3.13503569899996, 0],
              [115.183161815, -3.13502957099996, 0],
              [115.184470163, -3.13300457499997, 0],
              [115.184490203, -3.13236341299995, 0],
              [115.184523408, -3.13130105199997, 0],
              [115.190138889, -3.13075, 0],
              [115.194777778, -3.13022222199993, 0],
              [115.196230569, -3.12997262399995, 0],
              [115.196141623, -3.13009714799995, 0],
              [115.19595505, -3.13025426199994, 0],
              [115.195576501, -3.13057303999995, 0],
              [115.195320839, -3.13073739399994, 0],
              [115.194743689, -3.13110841799994, 0],
              [115.194357028, -3.13146533899993, 0],
              [115.194208311, -3.13206020299998, 0],
              [115.194178567, -3.13274429799998, 0],
              [115.194267797, -3.13313095999996, 0],
              [115.194416513, -3.13336890699998, 0],
              [115.194259468, -3.13407917499995, 0],
              [115.194259469, -3.13447746199995, 0],
              [115.194259469, -3.13449796099997, 0],
              [115.194354647, -3.13497385299996, 0],
              [115.194347308, -3.13519407699994, 0],
              [115.194335612, -3.13554492299994, 0],
              [115.194145255, -3.13619213699997, 0],
              [115.193781461, -3.13730171099996, 0],
              [115.193773834, -3.13732496999995, 0],
              [115.193764542, -3.13735331399994, 0],
              [115.193631291, -3.13794342099993, 0],
              [115.193364792, -3.13899038299996, 0],
              [115.193163657, -3.13920699099998, 0],
              [115.193117328, -3.13925688299997, 0],
              [115.19302215, -3.13946627499996, 0],
              [115.192984078, -3.13965663199997, 0],
              [115.192793722, -3.13998023899995, 0],
              [115.192657213, -3.14042162299995, 0],
              [115.192626719, -3.14052021899994, 0],
              [115.19261085, -3.14052400199995, 0],
              [115.192299686, -3.14097146299997, 0],
              [115.192316214, -3.14131858299993, 0],
              [115.192323481, -3.14147114999997, 0],
              [115.192228303, -3.14182806799994, 0],
              [115.192228302, -3.14211360399997, 0],
              [115.191604883, -3.14248123099998, 0],
              [115.191419285, -3.14270965899993, 0],
              [115.191376454, -3.14296664099993, 0],
              [115.191405008, -3.14325217599998, 0],
              [115.191619159, -3.14339494399997, 0],
              [115.191630719, -3.14341549499994, 0],
              [115.19174765, -3.14362337199998, 0],
              [115.19170482, -3.14399456799993, 0],
              [115.191661991, -3.14439431699998, 0],
              [115.19149067, -3.14495111199994, 0],
              [115.191308669, -3.14528911099995, 0],
              [115.191314589, -3.14529851199995, 0],
              [115.191286035, -3.14546983399993, 0],
              [115.191371696, -3.14565543199996, 0],
              [115.191457356, -3.14582675399993, 0],
              [115.191685784, -3.14655486799995, 0],
              [115.191714358, -3.14702966999994, 0],
              [115.191835712, -3.14878571199995, 0],
              [115.191884013, -3.14906339499993, 0],
              [115.192098735, -3.14939582699998, 0]
            ]
          ]
        ]
      }
    },
    {
      "type": "Feature",
      "properties": {
        "kd_propinsi": "63",
        "kd_dati2": "05",
        "kd_kecamatan": "2",
        "kd_kelurahan": "23",
        "nm_kelurahan": "Tungkap"
      },
      "geometry": {
        "type": "MultiPolygon",
        "coordinates": [
          [
            [
              [115.088717334, -3.16205256399996, 0],
              [115.090881473, -3.16226229099993, 0],
              [115.091417445, -3.16224867499994, 0],
              [115.091746099, -3.16224032399992, 0],
              [115.094357714, -3.16217396799993, 0],
              [115.094482184, -3.16217080599995, 0],
              [115.095668358, -3.16214067399994, 0],
              [115.095729249, -3.16254570299998, 0],
              [115.09585298, -3.16287882599994, 0],
              [115.096052855, -3.16314532599995, 0],
              [115.096148033, -3.16330712899998, 0],
              [115.09620514, -3.16354507499995, 0],
              [115.095957676, -3.16386868199993, 0],
              [115.095910088, -3.16407807499996, 0],
              [115.096100445, -3.16424939599995, 0],
              [115.096443086, -3.16404000299997, 0],
              [115.096899944, -3.16396386099996, 0],
              [115.097156925, -3.16401144999998, 0],
              [115.097423425, -3.16426843099993, 0],
              [115.097699443, -3.16429698499996, 0],
              [115.098042084, -3.16405903899994, 0],
              [115.098527494, -3.16379253899993, 0],
              [115.098917726, -3.16381157499995, 0],
              [115.099374582, -3.16382109299997, 0],
              [115.099745778, -3.16367832499998, 0],
              [115.10000276, -3.16339278999993, 0],
              [115.100221671, -3.16344989699996, 0],
              [115.100373956, -3.16356411099997, 0],
              [115.10114966, -3.16393173799997, 0],
              [115.101620794, -3.16445997799997, 0],
              [115.10207765, -3.16523092299997, 0],
              [115.102619604, -3.16683295899998, 0],
              [115.102318726, -3.16960515799997, 0],
              [115.102017996, -3.17237590299993, 0],
              [115.101036885, -3.18141495799995, 0],
              [115.10091134, -3.18257157499994, 0],
              [115.100583251, -3.18559410599994, 0],
              [115.100448571, -3.18683484199994, 0],
              [115.100274124, -3.18844192499995, 0],
              [115.100234431, -3.18871054099998, 0],
              [115.100151044, -3.18927488099996, 0],
              [115.100101269, -3.18949180999994, 0],
              [115.096980176, -3.18783165399998, 0],
              [115.096722222, -3.18769444399993, 0],
              [115.093222222, -3.18636111099994, 0],
              [115.090111111, -3.18508333299997, 0],
              [115.087944444, -3.18369444399997, 0],
              [115.084861111, -3.18227777799996, 0],
              [115.082829882, -3.17984030199995, 0],
              [115.08125, -3.17794444399993, 0],
              [115.079583333, -3.17683333299993, 0],
              [115.078166667, -3.17605555599994, 0],
              [115.074805556, -3.17383333299995, 0],
              [115.070888889, -3.17169444399997, 0],
              [115.069612525, -3.17096353499994, 0],
              [115.068743013, -3.17046560899996, 0],
              [115.067638889, -3.16983333299993, 0],
              [115.064583333, -3.16780555599996, 0],
              [115.063970823, -3.16773640099996, 0],
              [115.062861111, -3.16761111099993, 0],
              [115.061840631, -3.16825767499995, 0],
              [115.059222222, -3.16991666699994, 0],
              [115.055259316, -3.17233241099996, 0],
              [115.055166667, -3.17238888899993, 0],
              [115.054666667, -3.17236111099993, 0],
              [115.050944444, -3.16677777799993, 0],
              [115.045888889, -3.16586111099997, 0],
              [115.04242624, -3.16530708699997, 0],
              [115.042631299, -3.16518689199995, 0],
              [115.045028599, -3.16378171399998, 0],
              [115.045685283, -3.16339679899994, 0],
              [115.047328938, -3.16243337299994, 0],
              [115.049171017, -3.16135363799998, 0],
              [115.050020006, -3.16085600099996, 0],
              [115.050035726, -3.16084735099997, 0],
              [115.050118062, -3.16080204599996, 0],
              [115.050266682, -3.16072026899997, 0],
              [115.050512641, -3.16056571199994, 0],
              [115.051058341, -3.16029242999997, 0],
              [115.051553844, -3.16001671699996, 0],
              [115.051898043, -3.16023200299998, 0],
              [115.052458262, -3.16057807499993, 0],
              [115.052534864, -3.16062445099993, 0],
              [115.053425947, -3.16116393599998, 0],
              [115.053969621, -3.16149308799993, 0],
              [115.054080493, -3.16156021399996, 0],
              [115.054572065, -3.16185782299993, 0],
              [115.055044339, -3.16214374899994, 0],
              [115.055099855, -3.16217735999993, 0],
              [115.055762304, -3.16257842199997, 0],
              [115.055823892, -3.16239917299993, 0],
              [115.055836493, -3.16232141799998, 0],
              [115.055849477, -3.16224128999994, 0],
              [115.055863879, -3.16215242199996, 0],
              [115.055768699, -3.16189068099993, 0],
              [115.055530754, -3.16148617299996, 0],
              [115.055376088, -3.16123632899996, 0],
              [115.055542651, -3.16091510199993, 0],
              [115.055733008, -3.16054628599994, 0],
              [115.055697315, -3.16010608599993, 0],
              [115.055851981, -3.15936845199997, 0],
              [115.056708587, -3.15929706899993, 0],
              [115.057243966, -3.15922568499997, 0],
              [115.0575295, -3.15910671199993, 0],
              [115.057934009, -3.15902343099998, 0],
              [115.061134384, -3.15886876599996, 0],
              [115.063442461, -3.15857133299994, 0],
              [115.064394245, -3.15838097599993, 0],
              [115.064870138, -3.15809544199993, 0],
              [115.065274646, -3.15797646799996, 0],
              [115.06560777, -3.15811923499996, 0],
              [115.067273393, -3.15913050599994, 0],
              [115.068629687, -3.15978485799997, 0],
              [115.070319104, -3.16066525899993, 0],
              [115.071163813, -3.16095079399997, 0],
              [115.07179437, -3.16099838299994, 0],
              [115.072698564, -3.16102217799994, 0],
              [115.074090549, -3.16078423199997, 0],
              [115.074590236, -3.16099838299994, 0],
              [115.074851976, -3.16139099399993, 0],
              [115.074959052, -3.16162893999996, 0],
              [115.075446842, -3.16159324899996, 0],
              [115.075946529, -3.16177170799995, 0],
              [115.076172578, -3.16215242199996, 0],
              [115.077124363, -3.16291384899995, 0],
              [115.077861996, -3.16328266599993, 0],
              [115.078230811, -3.16331835799997, 0],
              [115.079967818, -3.16275918399998, 0],
              [115.08026525, -3.16281867099997, 0],
              [115.08044371, -3.16274728699995, 0],
              [115.080813482, -3.16253806999993, 0],
              [115.081264625, -3.16215242199996, 0],
              [115.08163344, -3.16202155199994, 0],
              [115.082145024, -3.16199775699994, 0],
              [115.082299689, -3.16210483299994, 0],
              [115.08279814, -3.16247211399997, 0],
              [115.083371042, -3.16245307499997, 0],
              [115.083691793, -3.16244492799996, 0],
              [115.084693267, -3.16241948999993, 0],
              [115.088717334, -3.16205256399996, 0]
            ]
          ]
        ]
      }
    },
    {
      "type": "Feature",
      "properties": {
        "kd_propinsi": "63",
        "kd_dati2": "05",
        "kd_kecamatan": "2",
        "kd_kelurahan": "18",
        "nm_kelurahan": "Padang Sari"
      },
      "geometry": {
        "type": "MultiPolygon",
        "coordinates": [
          [
            [
              [115.111424176, -3.09769776499996, 0],
              [115.11509257, -3.10209766099996, 0],
              [115.117317202, -3.10476590199994, 0],
              [115.123358595, -3.10672123999996, 0],
              [115.128093185, -3.10825359699993, 0],
              [115.127781228, -3.10857185999993, 0],
              [115.127815011, -3.10905432699997, 0],
              [115.128085799, -3.11292151499993, 0],
              [115.129156557, -3.11359252299997, 0],
              [115.129741904, -3.11396371899997, 0],
              [115.130408237, -3.11422696799997, 0],
              [115.136066242, -3.11646228499996, 0],
              [115.136053166, -3.12065684799995, 0],
              [115.13603631, -3.12606248599997, 0],
              [115.136030772, -3.12783085999996, 0],
              [115.1360262, -3.12929353099997, 0],
              [115.135957507, -3.15122033899996, 0],
              [115.135505638, -3.15154875999997, 0],
              [115.134963121, -3.15181525999998, 0],
              [115.13443964, -3.15214838499998, 0],
              [115.133851849, -3.15284596099997, 0],
              [115.133792328, -3.15291659899998, 0],
              [115.133358075, -3.15324228799994, 0],
              [115.132965966, -3.15353636999993, 0],
              [115.126850502, -3.15353637099997, 0],
              [115.126657486, -3.15509605399996, 0],
              [115.126588821, -3.15515899699994, 0],
              [115.125780106, -3.15664672899993, 0],
              [115.126000097, -3.15694521099994, 0],
              [115.125762358, -3.15700400399993, 68.520399999994],
              [115.125357489, -3.15704395999995, 67.4683999999979],
              [115.124952677, -3.15705226899996, 66.136599999998],
              [115.124835768, -3.15703397299996, 65.3637000000017],
              [115.124629059, -3.15692961299993, 63.6855999999971],
              [115.124382098, -3.15669858899997, 61.0252000000037],
              [115.124265327, -3.15660343499997, 60],
              [115.123852153, -3.15625908299995, 54.8598000000056],
              [115.123506169, -3.15606856899996, 50.3438000000024],
              [115.123129398, -3.15586128699994, 45.426999999996],
              [115.122904034, -3.15575552199994, 42.5880000000034],
              [115.122620823, -3.15567362899998, 40],
              [115.122351074, -3.15560984399997, 40],
              [115.121995827, -3.15556850999997, 40],
              [115.121712641, -3.15547305299998, 40],
              [115.121380054, -3.15533681699998, 40],
              [115.121006987, -3.15520050799995, 0],
              [115.120705803, -3.15510953899997, 0],
              [115.120467578, -3.15502320599995, 0],
              [115.120332793, -3.15494158199994, 0],
              [115.119946591, -3.15460632099996, 0],
              [115.119731495, -3.15441866799995, 0],
              [115.119843638, -3.15379698899994, 0],
              [115.119515273, -3.15316881099994, 0],
              [115.117973381, -3.15208377699997, 0],
              [115.117659293, -3.15154125999993, 0],
              [115.117516526, -3.15074176099995, 0],
              [115.117073945, -3.14994226299996, 0],
              [115.117159606, -3.14919986999996, 0],
              [115.117302374, -3.14884295099995, 0],
              [115.117288097, -3.14840037099998, 0],
              [115.117259543, -3.14805772899996, 0],
              [115.117088223, -3.14767225599996, 0],
              [115.117031116, -3.14725822999998, 0],
              [115.11723099, -3.14688703399997, 0],
              [115.117502248, -3.14648728399993, 0],
              [115.116902624, -3.14558784799993, 0],
              [115.116488599, -3.14505960799994, 0],
              [115.116517151, -3.14455992099994, 0],
              [115.116759857, -3.14426010899996, 0],
              [115.116845517, -3.14397457399997, 0],
              [115.116859794, -3.14363193099996, 0],
              [115.116816964, -3.14321790499997, 0],
              [115.116545706, -3.14271821799997, 0],
              [115.116374384, -3.14223280799996, 0],
              [115.116445768, -3.14200437999995, 0],
              [115.11731665, -3.14131909499997, 0],
              [115.117259543, -3.14101928299994, 0],
              [115.116017465, -3.13912047299993, 0],
              [115.115239712, -3.13604603899995, 0],
              [115.114383106, -3.13420195799995, 0],
              [115.114061879, -3.13300032899997, 0],
              [115.113490809, -3.13025205099996, 0],
              [115.112967328, -3.12982374799998, 0],
              [115.111706213, -3.12759895299996, 0],
              [115.111599138, -3.12675424499997, 0],
              [115.111432574, -3.12104353699994, 0],
              [115.11140878, -3.11868787099996, 0],
              [115.110808077, -3.11869996799993, 0],
              [115.110433202, -3.11844992499994, 0],
              [115.109719362, -3.11833095199995, 0],
              [115.109564698, -3.11793834099996, 0],
              [115.109683671, -3.11703414599998, 0],
              [115.109981104, -3.11629651299995, 0],
              [115.110599763, -3.11547559899998, 0],
              [115.111313601, -3.11436914899997, 0],
              [115.11184898, -3.11415499799995, 0],
              [115.112301078, -3.11364341399997, 0],
              [115.112669895, -3.11290578099994, 0],
              [115.112765073, -3.11044303899996, 0],
              [115.113387699, -3.10673107899993, 0],
              [115.113221136, -3.10520822399997, 0],
              [115.11210279, -3.10263840599993, 0],
              [115.112174173, -3.10137729199994, 0],
              [115.112531093, -3.10087760499994, 0],
              [115.112554887, -3.10018756199997, 0],
              [115.111212705, -3.09769141699997, 0],
              [115.111424176, -3.09769776499996, 0]
            ]
          ]
        ]
      }
    },
    {
      "type": "Feature",
      "properties": {
        "kd_propinsi": "63",
        "kd_dati2": "05",
        "kd_kecamatan": "1",
        "kd_kelurahan": "8",
        "nm_kelurahan": "Parigi Kacil"
      },
      "geometry": {
        "type": "MultiPolygon",
        "coordinates": [
          [
            [
              [115.1065538, -2.92420962199998, 0],
              [115.106084644, -2.92530433299993, 0],
              [115.105900266, -2.92573455099995, 0],
              [115.105607307, -2.92641812499994, 0],
              [115.105625766, -2.92663381099993, 0],
              [115.105649899, -2.92691578099993, 0],
              [115.105660722, -2.92704222999993, 0],
              [115.105548846, -2.92730327299995, 0],
              [115.105417836, -2.92745099799993, 0],
              [115.10531359, -2.92756854499993, 0],
              [115.105220791, -2.92770417499997, 0],
              [115.105196596, -2.92778583099994, 0],
              [115.10504947, -2.92828238599998, 0],
              [115.104948624, -2.92842805099997, 0],
              [115.104856733, -2.92856078099993, 0],
              [115.104721104, -2.92880348599994, 0],
              [115.104500366, -2.92900098799993, 0],
              [115.10439099, -2.92909885199993, 0],
              [115.104314216, -2.92916754399994, 0],
              [115.103719351, -2.92955206399995, 0],
              [115.103614654, -2.93006602799994, 0],
              [115.103272012, -2.93004699299996, 0],
              [115.102700941, -2.93022783099997, 0],
              [115.102329745, -2.93070372299997, 0],
              [115.102166147, -2.93085010099998, 0],
              [115.102148906, -2.93086552699998, 0],
              [115.102156346, -2.93112595199995, 0],
              [115.102158424, -2.93119865199998, 0],
              [115.101987104, -2.93165550799995, 0],
              [115.101834817, -2.93222657899997, 0],
              [115.101632867, -2.93304942999993, 0],
              [115.101309332, -2.93300089999997, 0],
              [115.100624963, -2.93289824499993, 0],
              [115.098606016, -2.93259540099996, 0],
              [115.098452818, -2.93257242099998, 0],
              [115.093989868, -2.93119920599997, 0],
              [115.093677224, -2.93110300799998, 0],
              [115.091138134, -2.92869581899993, 0],
              [115.088962856, -2.92663354199993, 0],
              [115.088292424, -2.92497510899995, 0],
              [115.087217927, -2.92231713999996, 0],
              [115.086069867, -2.91767271299995, 0],
              [115.085870964, -2.91686806399997, 0],
              [115.086101483, -2.91381371699993, 0],
              [115.086115867, -2.91362310999995, 0],
              [115.087768957, -2.91099040999995, 0],
              [115.088055883, -2.91050622199998, 0],
              [115.088748566, -2.90933731999996, 0],
              [115.089942465, -2.90893935399993, 0],
              [115.091718006, -2.90753116599996, 0],
              [115.09246664, -2.90590912399995, 0],
              [115.093138454, -2.90640330899993, 0],
              [115.096291586, -2.90869902399993, 0],
              [115.098064284, -2.90972219199995, 0],
              [115.098883586, -2.90977217399995, 0],
              [115.099318767, -2.91032397999993, 0],
              [115.100402152, -2.91169769999993, 0],
              [115.101676814, -2.91466115599997, 0],
              [115.10300526, -2.91776444799996, 0],
              [115.103386027, -2.91865835199997, 0],
              [115.10425841, -2.92070638999996, 0],
              [115.105457775, -2.92348698299998, 0],
              [115.105462636, -2.92349020699993, 0],
              [115.105618649, -2.92359369999997, 0],
              [115.106544196, -2.92420767799996, 0],
              [115.1065538, -2.92420962199998, 0]
            ]
          ]
        ]
      }
    },
    {
      "type": "Feature",
      "properties": {
        "kd_propinsi": "63",
        "kd_dati2": "05",
        "kd_kecamatan": "11",
        "kd_kelurahan": "104",
        "nm_kelurahan": "Batang Lantik"
      },
      "geometry": {
        "type": "MultiPolygon",
        "coordinates": [
          [
            [
              [115.115849069, -2.93451671299994, 0],
              [115.117719346, -2.93482447899993, 0],
              [115.117800096, -2.93483776699998, 0],
              [115.120769535, -2.93615411699994, 0],
              [115.121507063, -2.93613567899996, 0],
              [115.123218558, -2.93609289099993, 0],
              [115.125483905, -2.93603166599996, 0],
              [115.127248889, -2.93553526399995, 0],
              [115.127443123, -2.93548063699996, 0],
              [115.127932926, -2.93725617699994, 0],
              [115.128912535, -2.93848068899996, 0],
              [115.129999822, -2.94049993599998, 0],
              [115.127810877, -2.94026270999996, 0],
              [115.127372128, -2.94021516199996, 0],
              [115.125787377, -2.94038295799993, 0],
              [115.124371608, -2.94132150199994, 0],
              [115.123981461, -2.94178636899994, 0],
              [115.123624661, -2.94248974199996, 0],
              [115.12065444, -2.94167463699995, 0],
              [115.120062836, -2.94151228399994, 0],
              [115.116989344, -2.94066882799996, 0],
              [115.114656843, -2.94002871999993, 0],
              [115.11439879, -2.93956099799993, 0],
              [115.114358537, -2.93948804099995, 0],
              [115.114470129, -2.93844653499997, 0],
              [115.114567644, -2.93753639499994, 0],
              [115.114657446, -2.93669824899996, 0],
              [115.114907776, -2.93436181699997, 0],
              [115.115849069, -2.93451671299994, 0]
            ]
          ]
        ]
      }
    }
  ]
}