{
  "type": "FeatureCollection",
  "features": [
    {
      "type": "Feature",
      "properties": {
        "kd_propinsi": "63",
        "kd_dati2": "05",
        "kd_kecamatan": "2",
        "nm_kecamatan": "Binuang"
      },
      "geometry": {
        "type": "MultiPolygon",
        "coordinates": [
          [
            [
              [115.096980176, -3.18783165399998, 0],
              [115.096722222, -3.18769444399993, 0],
              [115.093222222, -3.18636111099994, 0],
              [115.090111111, -3.18508333299997, 0],
              [115.087944444, -3.18369444399997, 0],
              [115.084861111, -3.18227777799996, 0],
              [115.082829882, -3.17984030199995, 0],
              [115.08125, -3.17794444399993, 0],
              [115.079583333, -3.17683333299993, 0],
              [115.078166667, -3.17605555599994, 0],
              [115.074805556, -3.17383333299995, 0],
              [115.070888889, -3.17169444399997, 0],
              [115.069612525, -3.17096353499994, 0],
              [115.068743013, -3.17046560899996, 0],
              [115.067638889, -3.16983333299993, 0],
              [115.064583333, -3.16780555599996, 0],
              [115.063970823, -3.16773640099996, 0],
              [115.062861111, -3.16761111099993, 0],
              [115.061840631, -3.16825767499995, 0],
              [115.059222222, -3.16991666699994, 0],
              [115.055259316, -3.17233241099996, 0],
              [115.055166667, -3.17238888899993, 0],
              [115.054666667, -3.17236111099993, 0],
              [115.050944444, -3.16677777799993, 0],
              [115.045888889, -3.16586111099997, 0],
              [115.04242624, -3.16530708699997, 0],
              [115.041722222, -3.16519444399995, 0],
              [115.036138889, -3.16438888899995, 0],
              [115.031222222, -3.16377777799994, 0],
              [115.025138889, -3.16288888899993, 0],
              [115.027388889, -3.15783333299993, 0],
              [115.027888889, -3.15338888899993, 0],
              [115.030277778, -3.14966666699996, 0],
              [115.031277778, -3.14480555599994, 0],
              [115.030725721, -3.13961622599993, 0],
              [115.030722222, -3.13958333299996, 0],
              [115.02575, -3.13425, 0],
              [115.023053781, -3.13679523099995, 0],
              [115.022277778, -3.13752777799994, 0],
              [115.020104492, -3.13571076799997, 0],
              [115.0155, -3.13186111099998, 0],
              [115.010451958, -3.12818394299995, 0],
              [115.006805556, -3.12552777799994, 0],
              [114.997722222, -3.11988888899998, 0],
              [114.991131262, -3.11581860999996, 0],
              [114.98915396, -3.11459751799993, 0],
              [114.988861111, -3.11441666699994, 0],
              [114.985029617, -3.11190262699995, 0],
              [114.980055556, -3.10863888899996, 0],
              [114.971972222, -3.10358333299996, 0],
              [114.969921726, -3.10229594799995, 0],
              [114.970264266, -3.10212743799997, 0],
              [114.970562402, -3.10192890699995, 0],
              [114.97122387, -3.10121855799997, 0],
              [114.988885326, -3.08225121499993, 0],
              [114.997938454, -3.07499427999994, 0],
              [114.997422981, -3.07500117499995, 0],
              [114.988476207, -3.07504876399997, 0],
              [114.987316525, -3.07507645099997, 0],
              [114.97954723, -3.07526193999996, 0],
              [114.993341025, -3.05626060199995, 0],
              [115.020979005, -3.01818455599994, 0],
              [115.020933817, -3.01828538199993, 0],
              [115.0214454, -3.02086709699995, 0],
              [115.021956984, -3.02328224999997, 0],
              [115.022325802, -3.02550704599997, 0],
              [115.022980154, -3.02898105999998, 0],
              [115.023313279, -3.03062288699994, 0],
              [115.023812965, -3.03319270499998, 0],
              [115.02418178, -3.03528663099996, 0],
              [115.024669572, -3.03732106999996, 0],
              [115.025395306, -3.04053334299994, 0],
              [115.026168632, -3.04360284699993, 0],
              [115.026477962, -3.04485206399994, 0],
              [115.026680216, -3.04547072499997, 0],
              [115.027049032, -3.04593471899995, 0],
              [115.02771528, -3.04666045599993, 0],
              [115.029618849, -3.04856402399997, 0],
              [115.0301705, -3.04915529699997, 0],
              [115.030273219, -3.04907294699996, 0],
              [115.032090775, -3.05087673099996, 0],
              [115.032200867, -3.05098598799998, 0],
              [115.032581578, -3.05182355799997, 0],
              [115.033590469, -3.05426012599997, 0],
              [115.033933115, -3.05475505599998, 0],
              [115.034789719, -3.05551648199997, 0],
              [115.036160288, -3.05660151699993, 0],
              [115.036952643, -3.05689498099997, 0],
              [115.037702179, -3.05717258599998, 0],
              [115.037941788, -3.05725392299996, 0],
              [115.037804803, -3.05724819799997, 0],
              [115.040326424, -3.05816514899993, 0],
              [115.043895615, -3.05940246899996, 0],
              [115.048844895, -3.06107998899995, 0],
              [115.055614462, -3.06310253099997, 0],
              [115.061218091, -3.06463728299997, 0],
              [115.068094733, -3.06643377699993, 0],
              [115.07539968, -3.06851580399996, 0],
              [115.079908757, -3.07016952899994, 0],
              [115.08351364, -3.07126408099992, 0],
              [115.087415958, -3.07243001699993, 0],
              [115.091877448, -3.07371492599998, 0],
              [115.093709632, -3.07416702499995, 0],
              [115.094280701, -3.07436927899994, 0],
              [115.094602867, -3.07444740399996, 0],
              [115.096427278, -3.07525648999996, 0],
              [115.097211731, -3.07559571399997, 0],
              [115.097801972, -3.07585095199994, 0],
              [115.097835918, -3.07586563299998, 0],
              [115.099475135, -3.07572086799996, 0],
              [115.100889619, -3.07710616399993, 0],
              [115.101899261, -3.07812002299994, 0],
              [115.10389563, -3.08069816799997, 0],
              [115.104971145, -3.08839334499993, 0],
              [115.107217356, -3.09018269999996, 0],
              [115.114994211, -3.09477280699997, 0],
              [115.11543652, -3.09503386599994, 0],
              [115.114842723, -3.09528607199997, 0],
              [115.110838198, -3.09698691799997, 0],
              [115.11083822, -3.09699496099995, 0],
              [115.111424176, -3.09769776499996, 0],
              [115.11509257, -3.10209766099996, 0],
              [115.117317202, -3.10476590199994, 0],
              [115.123358595, -3.10672123999996, 0],
              [115.128093185, -3.10825359699993, 0],
              [115.127781228, -3.10857185999993, 0],
              [115.127815011, -3.10905432699997, 0],
              [115.128085799, -3.11292151499993, 0],
              [115.129156557, -3.11359252299997, 0],
              [115.129741904, -3.11396371899997, 0],
              [115.130408237, -3.11422696799997, 0],
              [115.136066242, -3.11646228499996, 0],
              [115.136053166, -3.12065684799995, 0],
              [115.13603631, -3.12606248599997, 0],
              [115.136030772, -3.12783085999996, 0],
              [115.1360262, -3.12929353099997, 0],
              [115.135957507, -3.15122033899996, 0],
              [115.135505638, -3.15154875999997, 0],
              [115.134963121, -3.15181525999998, 0],
              [115.13443964, -3.15214838499998, 0],
              [115.133851849, -3.15284596099997, 0],
              [115.133792328, -3.15291659899998, 0],
              [115.133358075, -3.15324228799994, 0],
              [115.132965966, -3.15353636999993, 0],
              [115.126850502, -3.15353637099997, 0],
              [115.126657486, -3.15509605399996, 0],
              [115.126588821, -3.15515899699994, 0],
              [115.125780106, -3.15664672899993, 0],
              [115.126000097, -3.15694521099994, 0],
              [115.126306827, -3.15686935699995, 69.2434999999969],
              [115.126507136, -3.15685832299994, 68.7823000000062],
              [115.126545231, -3.15685622499996, 68.6484999999957],
              [115.126824091, -3.15685672999996, 67.8589999999967],
              [115.126972492, -3.15687056199994, 67.8120000000054],
              [115.127107367, -3.15690245399998, 69.252999999997],
              [115.127291629, -3.15698416799995, 72.0506000000023],
              [115.127457859, -3.15708845399996, 74.997000000003],
              [115.127646497, -3.15723799199998, 78.771900000007],
              [115.127835126, -3.15739204999994, 80],
              [115.127987637, -3.15762290299995, 80],
              [115.128184898, -3.15798042699993, 80],
              [115.128240805, -3.15805674599994, 80],
              [115.128310913, -3.15815244999993, 80],
              [115.128413724, -3.15829279699995, 80],
              [115.128777151, -3.15879077599993, 80],
              [115.129194511, -3.15931145899998, 80],
              [115.129580589, -3.15971905699996, 88.8203999999969],
              [115.12975783, -3.15998565399997, 93.8217000000004],
              [115.12981833, -3.16007665499996, 94.8665000000037],
              [115.129990141, -3.16037814499993, 98.4048000000039],
              [115.13010977, -3.16058806699994, 100],
              [115.13041899, -3.16121706099995, 100],
              [115.130649964, -3.16169505099998, 0],
              [115.12937355, -3.16196632399993, 0],
              [115.128465652, -3.16211509699997, 0],
              [115.12830925, -3.16255569499998, 0],
              [115.128290176, -3.16260909999994, 0],
              [115.128255844, -3.16279792799998, 0],
              [115.128171921, -3.16351127599995, 0],
              [115.128141403, -3.16370582599996, 0],
              [115.128019333, -3.16411018399998, 0],
              [115.127828598, -3.16460227999994, 0],
              [115.127592087, -3.16533470199994, 0],
              [115.127634048, -3.16560554499995, 0],
              [115.127622604, -3.16569900499997, 0],
              [115.127607346, -3.16625213599997, 0],
              [115.127504349, -3.16652107199997, 0],
              [115.127435684, -3.16698455799997, 0],
              [115.127248764, -3.16788482699997, 0],
              [115.127016068, -3.16845321699998, 0],
              [115.12698555, -3.16888999899993, 0],
              [115.127191544, -3.16926765399995, 0],
              [115.12698555, -3.16945075999996, 0],
              [115.126756668, -3.16990089399997, 0],
              [115.126756668, -3.16991996799993, 0],
              [115.126718521, -3.16996383699996, 0],
              [115.126684189, -3.17013549799998, 0],
              [115.126794419, -3.17023296499997, 0],
              [115.126843494, -3.17037384699995, 0],
              [115.126840005, -3.17053760699997, 0],
              [115.126862926, -3.17069282699993, 0],
              [115.126819294, -3.17096987099995, 0],
              [115.126771927, -3.17144584699997, 0],
              [115.126867294, -3.17199516299996, 0],
              [115.12660408, -3.17234611499993, 0],
              [115.126493454, -3.17296409599993, 0],
              [115.126073837, -3.17349433899994, 0],
              [115.12603569, -3.17357253999995, 0],
              [115.125772476, -3.17449378999993, 0],
              [115.125764847, -3.17457961999998, 0],
              [115.125772476, -3.17477226299997, 0],
              [115.125627518, -3.17565345799994, 0],
              [115.12547493, -3.17578124999994, 0],
              [115.125143051, -3.17601776099997, 0],
              [115.124887466, -3.17624664299996, 0],
              [115.124658011, -3.17630706099993, 0],
              [115.124602397, -3.17634986199994, 0],
              [115.12438078, -3.17652725299996, 0],
              [115.124203504, -3.17666027499996, 0],
              [115.124152608, -3.17666947199996, 0],
              [115.124813717, -3.17917964599997, 0],
              [115.124078174, -3.18441729199998, 0],
              [115.123715331, -3.18465094299995, 0],
              [115.123739392, -3.18537087999994, 0],
              [115.123953368, -3.18530598799993, 0],
              [115.12377877, -3.18654923699995, 0],
              [115.124604326, -3.18833581199993, 0],
              [115.125518039, -3.18961120299997, 0],
              [115.125778834, -3.189872, 0],
              [115.125663666, -3.19189667299997, 0],
              [115.125630493, -3.19247983999998, 0],
              [115.125137324, -3.19339930499996, 0],
              [115.124042756, -3.19444849499996, 0],
              [115.12408866, -3.19582209499993, 0],
              [115.123629536, -3.19595053699993, 0],
              [115.123055556, -3.19611111099994, 0],
              [115.12195295, -3.19574137499996, 0],
              [115.119193177, -3.19481594299998, 0],
              [115.118416667, -3.19455555599996, 0],
              [115.115833333, -3.19425, 0],
              [115.11276232, -3.19383550699996, 0],
              [115.111305556, -3.19363888899994, 0],
              [115.108649863, -3.19273741499995, 0],
              [115.108277778, -3.19261111099996, 0],
              [115.105194444, -3.19141666699994, 0],
              [115.101495722, -3.19008602899993, 0],
              [115.100638889, -3.18977777799995, 0],
              [115.100101269, -3.18949180999994, 0],
              [115.096980176, -3.18783165399998, 0]
            ]
          ]
        ]
      }
    },
    {
      "type": "Feature",
      "properties": {
        "kd_propinsi": "63",
        "kd_dati2": "05",
        "kd_kecamatan": "10",
        "nm_kecamatan": "Tapin Selatan"
      },
      "geometry": {
        "type": "MultiPolygon",
        "coordinates": [
          [
            [
              [115.140738953, -3.06414580499995, 0],
              [115.140645984, -3.06498252499995, 0],
              [115.14056485, -3.06571272799994, 0],
              [115.140466133, -3.06660119599997, 0],
              [115.140401539, -3.06718253999998, 0],
              [115.140365756, -3.06750456899994, 0],
              [115.140163313, -3.06792295499997, 0],
              [115.140041251, -3.06817521899995, 0],
              [115.139951393, -3.06836092099996, 0],
              [115.138978517, -3.07037153099998, 0],
              [115.138463354, -3.07143620299996, 0],
              [115.138381002, -3.07149583699993, 0],
              [115.135494285, -3.07358621699996, 0],
              [115.134785374, -3.07409956599997, 0],
              [115.13389165, -3.07547452899996, 0],
              [115.133074149, -3.07673222699998, 0],
              [115.132594922, -3.07746949699993, 0],
              [115.131487877, -3.07917264099996, 0],
              [115.131409584, -3.07932052699994, 0],
              [115.131406772, -3.07932583499996, 0],
              [115.131186965, -3.07971586899993, 0],
              [115.131103558, -3.07987751499996, 0],
              [115.130674851, -3.08070835499996, 0],
              [115.130346435, -3.08132869799994, 0],
              [115.129661079, -3.08175704499996, 0],
              [115.12953863, -3.08182709699997, 0],
              [115.129540124, -3.08183264199994, 0],
              [115.129536689, -3.08183478899997, 0],
              [115.128317204, -3.08259696599993, 0],
              [115.128143892, -3.08285183899994, 0],
              [115.127772962, -3.08339732299993, 0],
              [115.126161147, -3.08576763899993, 0],
              [115.124873665, -3.08799147399998, 0],
              [115.123950055, -3.08958680199993, 0],
              [115.123519498, -3.09033049699997, 0],
              [115.122499023, -3.09209312799993, 0],
              [115.122430275, -3.09206333799995, 0],
              [115.11543652, -3.09503386599994, 0],
              [115.114994211, -3.09477280699997, 0],
              [115.107217356, -3.09018269999996, 0],
              [115.104971145, -3.08839334499993, 0],
              [115.10389563, -3.08069816799997, 0],
              [115.101899261, -3.07812002299994, 0],
              [115.100889619, -3.07710616399993, 0],
              [115.099475135, -3.07572086799996, 0],
              [115.097835918, -3.07586563299998, 0],
              [115.097801972, -3.07585095199994, 0],
              [115.097211731, -3.07559571399997, 0],
              [115.096427278, -3.07525648999996, 0],
              [115.094602867, -3.07444740399996, 0],
              [115.094280701, -3.07436927899994, 0],
              [115.093709632, -3.07416702499995, 0],
              [115.091877448, -3.07371492599998, 0],
              [115.087415958, -3.07243001699993, 0],
              [115.08351364, -3.07126408099992, 0],
              [115.079908757, -3.07016952899994, 0],
              [115.07539968, -3.06851580399996, 0],
              [115.068094733, -3.06643377699993, 0],
              [115.061218091, -3.06463728299997, 0],
              [115.055614462, -3.06310253099997, 0],
              [115.048844895, -3.06107998899995, 0],
              [115.043895615, -3.05940246899996, 0],
              [115.040326424, -3.05816514899993, 0],
              [115.037804803, -3.05724819799997, 0],
              [115.037941788, -3.05725392299996, 0],
              [115.037702179, -3.05717258599998, 0],
              [115.036952643, -3.05689498099997, 0],
              [115.036160288, -3.05660151699993, 0],
              [115.034789719, -3.05551648199997, 0],
              [115.033933115, -3.05475505599998, 0],
              [115.033590469, -3.05426012599997, 0],
              [115.032581578, -3.05182355799997, 0],
              [115.032200867, -3.05098598799998, 0],
              [115.032090775, -3.05087673099996, 0],
              [115.030273219, -3.04907294699996, 0],
              [115.0301705, -3.04915529699997, 0],
              [115.029618849, -3.04856402399997, 0],
              [115.02771528, -3.04666045599993, 0],
              [115.027049032, -3.04593471899995, 0],
              [115.026680216, -3.04547072499997, 0],
              [115.026477962, -3.04485206399994, 0],
              [115.026168632, -3.04360284699993, 0],
              [115.025395306, -3.04053334299994, 0],
              [115.024669572, -3.03732106999996, 0],
              [115.02418178, -3.03528663099996, 0],
              [115.023812965, -3.03319270499998, 0],
              [115.023313279, -3.03062288699994, 0],
              [115.022980154, -3.02898105999998, 0],
              [115.022325802, -3.02550704599997, 0],
              [115.021956984, -3.02328224999997, 0],
              [115.0214454, -3.02086709699995, 0],
              [115.020933817, -3.01828538199993, 0],
              [115.020979005, -3.01818455599994, 0],
              [115.025656676, -3.00774744899996, 0],
              [115.037393865, -3.00307908899993, 0],
              [115.037916412, -3.00334967199996, 0],
              [115.037930877, -3.00335716199993, 0],
              [115.037939077, -3.00337563699998, 0],
              [115.038451221, -3.00452956899994, 0],
              [115.038807367, -3.00519122099996, 0],
              [115.038806957, -3.00523921199994, 0],
              [115.038763015, -3.00573528199993, 0],
              [115.03880191, -3.00583083099997, 0],
              [115.03880122, -3.00591171299993, 0],
              [115.038898149, -3.00606723799996, 0],
              [115.038964403, -3.00622998999995, 0],
              [115.039027351, -3.00627453999994, 0],
              [115.039083771, -3.00636506999996, 0],
              [115.039207538, -3.00640206999998, 0],
              [115.039397057, -3.00653620599996, 0],
              [115.039910255, -3.00661215099996, 0],
              [115.039929976, -3.00661804599997, 0],
              [115.040796698, -3.00736589399998, 0],
              [115.040941755, -3.00771896399994, 0],
              [115.041009142, -3.00811779499998, 0],
              [115.041180462, -3.00867458899995, 0],
              [115.041223293, -3.00906006299994, 0],
              [115.041251845, -3.00955974899995, 0],
              [115.041266124, -3.00997377599992, 0],
              [115.041402778, -3.01029787199997, 0],
              [115.041432095, -3.01058134799996, 0],
              [115.041444182, -3.01057572299993, 0],
              [115.04784997, -3.00759531399996, 0],
              [115.063355248, -3.00258591499994, 0],
              [115.073215015, -3.00020048899995, 0],
              [115.073708576, -3.00002629499994, 0],
              [115.074402518, -2.99978137499994, 0],
              [115.084028954, -2.99638380499994, 0],
              [115.094089604, -2.99084316099993, 0],
              [115.09500192, -2.99034072099994, 0],
              [115.09496941, -2.98917031799994, 0],
              [115.094842892, -2.98461569499995, 0],
              [115.094571254, -2.98347481399998, 0],
              [115.094578079, -2.98338628399995, 0],
              [115.094804169, -2.98309325799994, 0],
              [115.094818447, -2.98295048899996, 0],
              [115.094918384, -2.98283627599994, 0],
              [115.094939798, -2.98270778599994, 0],
              [115.094918384, -2.98251504799993, 0],
              [115.09483986, -2.98233658899994, 0],
              [115.094670927, -2.98218191299998, 0],
              [115.094684014, -2.98201216799993, 0],
              [115.094697187, -2.98184131199997, 0],
              [115.09479703, -2.98153708899997, 0],
              [115.094882691, -2.98143001399996, 0],
              [115.094946935, -2.98138004499998, 0],
              [115.095146812, -2.98133721499994, 0],
              [115.095303857, -2.98120872499993, 0],
              [115.095382377, -2.98108023499998, 0],
              [115.095332408, -2.98093032799994, 0],
              [115.095353825, -2.98076614499996, 0],
              [115.09541807, -2.98064479199996, 0],
              [115.095596529, -2.98050012199997, 0],
              [115.095639359, -2.98040018499995, 0],
              [115.095639359, -2.98022410399994, 0],
              [115.095667915, -2.98004802299994, 0],
              [115.095672672, -2.97988621999997, 0],
              [115.095663155, -2.97963399699995, 0],
              [115.095701227, -2.97950074699998, 0],
              [115.095777369, -2.97940080999996, 0],
              [115.095910617, -2.97931039099996, 0],
              [115.096067662, -2.97917714099998, 0],
              [115.096158081, -2.97900581899995, 0],
              [115.096191395, -2.97880594499998, 0],
              [115.096229467, -2.97859179399995, 0],
              [115.096286574, -2.97842522999997, 0],
              [115.096367476, -2.97825390999998, 0],
              [115.096524519, -2.97807782899997, 0],
              [115.096586384, -2.97802548099998, 0],
              [115.096748188, -2.97795885599993, 0],
              [115.096909993, -2.97793506199997, 0],
              [115.096986136, -2.97784464299997, 0],
              [115.097043243, -2.97775898199996, 0],
              [115.097147938, -2.97774470499996, 0],
              [115.097257395, -2.97762097399993, 0],
              [115.097385883, -2.97763524999994, 0],
              [115.097523892, -2.97771139199995, 0],
              [115.09762859, -2.97766380399997, 0],
              [115.097671421, -2.97753055299995, 0],
              [115.097776115, -2.97752579499996, 0],
              [115.097971231, -2.97755910699993, 0],
              [115.098188232, -2.97751218299993, 0],
              [115.098366223, -2.97737826799994, 0],
              [115.098537543, -2.97735923199997, 0],
              [115.098708863, -2.97744489399997, 0],
              [115.098810085, -2.97752594199994, 0],
              [115.09890874, -2.97765904499994, 0],
              [115.099008677, -2.97770187499998, 0],
              [115.09926566, -2.97749723999993, 0],
              [115.099508363, -2.97730212499994, 0],
              [115.099831969, -2.97714983899994, 0],
              [115.10022696, -2.97685002799994, 0],
              [115.100390432, -2.97671123099997, 0],
              [115.100479182, -2.97663587599993, 0],
              [115.100688575, -2.97642172499997, 0],
              [115.100940798, -2.97639317199997, 0],
              [115.10115495, -2.97651214499996, 0],
              [115.101641036, -2.97669003399994, 0],
              [115.103718216, -2.97665482699995, 0],
              [115.103729442, -2.97662957099993, 0],
              [115.104779644, -2.97537973199997, 0],
              [115.105265054, -2.97517271999993, 0],
              [115.105550589, -2.97501567499995, 0],
              [115.105407823, -2.97470872399993, 0],
              [115.105393544, -2.97452312799993, 0],
              [115.105386406, -2.97437321999996, 0],
              [115.105300746, -2.97410910099995, 0],
              [115.105707633, -2.97410909999996, 0],
              [115.106128798, -2.97396633299996, 0],
              [115.106135936, -2.97353089199993, 0],
              [115.106542824, -2.97208179899997, 0],
              [115.106621346, -2.97193189299998, 0],
              [115.106578517, -2.97179626499997, 0],
              [115.106949712, -2.97145362299995, 0],
              [115.106864052, -2.97124660999998, 0],
              [115.107063927, -2.97073978299994, 0],
              [115.107106756, -2.97067553899996, 0],
              [115.107199555, -2.97051849399998, 0],
              [115.107399431, -2.97036144999993, 0],
              [115.107542199, -2.97029006599996, 0],
              [115.107656413, -2.97021154299995, 0],
              [115.10771352, -2.97009732899994, 0],
              [115.107749211, -2.96992600799996, 0],
              [115.107749211, -2.96986176299993, 0],
              [115.107692104, -2.96974754899998, 0],
              [115.107627859, -2.96969757999995, 0],
              [115.107499368, -2.96965474999996, 0],
              [115.107420845, -2.96963333399998, 0],
              [115.107385154, -2.96959050399994, 0],
              [115.107370876, -2.96952625999995, 0],
              [115.107378015, -2.96945487499994, 0],
              [115.107425604, -2.96930972799993, 0],
              [115.107587408, -2.96900991499996, 0],
              [115.107546086, -2.96872604899994, 0],
              [115.112591103, -2.96845769799995, 0],
              [115.113300017, -2.96841998899993, 0],
              [115.116210961, -2.96839890099994, 0],
              [115.117336461, -2.96839074599996, 0],
              [115.121749144, -2.96835876299997, 0],
              [115.124373206, -2.96896900999997, 0],
              [115.124381844, -2.96897101899998, 0],
              [115.125762805, -2.96922623399996, 0],
              [115.130264746, -2.97011139399996, 0],
              [115.131759047, -2.97047307199995, 0],
              [115.133852973, -2.97104414299997, 0],
              [115.134069032, -2.97106814899996, 0],
              [115.134195614, -2.97108221399998, 0],
              [115.134271489, -2.97109113999994, 0],
              [115.134316843, -2.97217961299998, 0],
              [115.13520644, -2.97625303599995, 0],
              [115.135547132, -2.97781305199993, 0],
              [115.136194655, -2.97878433499994, 0],
              [115.138525734, -2.98001462499997, 0],
              [115.139497015, -2.98020888199994, 0],
              [115.141051068, -2.98124491699997, 0],
              [115.142540368, -2.98338173799994, 0],
              [115.145454214, -2.98422351599993, 0],
              [115.146432449, -2.98478421199997, 0],
              [115.14816098, -2.98577495699993, 0],
              [115.150763892, -2.98726686799995, 0],
              [115.152058936, -2.98856191199997, 0],
              [115.152967813, -2.98887738999997, 0],
              [115.154788672, -2.98950942499994, 0],
              [115.157802517, -2.99055555199993, 0],
              [115.159893947, -2.99128150299993, 0],
              [115.161266986, -2.99040888499997, 0],
              [115.162661087, -2.98952287899994, 0],
              [115.164137573, -2.99209533599998, 0],
              [115.1653113, -2.99413375699993, 0],
              [115.165582806, -2.99462008599994, 0],
              [115.165508742, -2.99475261899994, 0],
              [115.168748177, -2.99527403299993, 0],
              [115.170595284, -2.99699375499995, 0],
              [115.170911107, -2.99740384899997, 0],
              [115.171160951, -2.99782322999994, 0],
              [115.171720916, -2.99870323399995, 0],
              [115.172323346, -2.99959039199996, 0],
              [115.172625113, -3.00003478099995, 0],
              [115.173360364, -3.00126258199992, 0],
              [115.174081343, -3.00235475399995, 0],
              [115.175544711, -3.00396089099996, 0],
              [115.177474161, -3.00588311699994, 0],
              [115.181021681, -3.00825425899996, 0],
              [115.183722745, -3.01005962999994, 0],
              [115.188125893, -3.01193744299997, 0],
              [115.189133991, -3.01253719699997, 0],
              [115.190444858, -3.01331707999998, 0],
              [115.191540203, -3.01396874199998, 0],
              [115.187355113, -3.01785184799996, 0],
              [115.185833191, -3.01772502199998, 0],
              [115.183169827, -3.01696405999996, 0],
              [115.182157871, -3.01731101599995, 0],
              [115.181419305, -3.01756423899997, 0],
              [115.178730886, -3.01848598299995, 0],
              [115.178350406, -3.02026155999994, 0],
              [115.177199901, -3.02245797999996, 0],
              [115.176955311, -3.02292492299995, 0],
              [115.176734699, -3.02341026899995, 0],
              [115.176186971, -3.02461527099996, 0],
              [115.175979177, -3.02507242099995, 0],
              [115.175680225, -3.02573011099997, 0],
              [115.175155794, -3.02578894999994, 0],
              [115.174741769, -3.02598168799995, 0],
              [115.174049346, -3.02636715999995, 0],
              [115.173406891, -3.02665269499994, 0],
              [115.173221293, -3.02692395299994, 0],
              [115.173035696, -3.02735225699996, 0],
              [115.172771575, -3.02771631499996, 0],
              [115.172507454, -3.02810178699997, 0],
              [115.171986352, -3.02826596999995, 0],
              [115.171422421, -3.02835162999998, 0],
              [115.171072639, -3.02843729099993, 0],
              [115.170544399, -3.02871568799998, 0],
              [115.169866253, -3.02922251299998, 0],
              [115.169023923, -3.03000773599996, 0],
              [115.168417161, -3.03072871199993, 0],
              [115.167853228, -3.03007911899994, 0],
              [115.167310712, -3.02860147399997, 0],
              [115.166496935, -3.02740222499995, 0],
              [115.16612574, -3.02708813699996, 0],
              [115.165326241, -3.02704530599993, 0],
              [115.164997875, -3.02731656499998, 0],
              [115.164626679, -3.02768776099993, 0],
              [115.164119379, -3.02799042899994, 0],
              [115.164147931, -3.02864715999994, 0],
              [115.164557199, -3.02926581999998, 0],
              [115.164721042, -3.02949988499995, 0],
              [115.165090199, -3.03002724599998, 0],
              [115.164975984, -3.03111228099994, 0],
              [115.164538163, -3.03122649499994, 0],
              [115.164262145, -3.03110276399997, 0],
              [115.163824326, -3.03106469299996, 0],
              [115.162853506, -3.03141685299994, 0],
              [115.158312542, -3.03573731799997, 0],
              [115.156456561, -3.03735535199996, 0],
              [115.156111539, -3.03767657999993, 0],
              [115.155659442, -3.03825954899997, 0],
              [115.155571706, -3.03840127599995, 0],
              [115.155980459, -3.03862268499995, 0],
              [115.156694297, -3.03864647899997, 0],
              [115.157455725, -3.03870596699994, 0],
              [115.158003001, -3.03869406999996, 0],
              [115.158336127, -3.03881304299995, 0],
              [115.158954785, -3.03900339899997, 0],
              [115.159692418, -3.03903908999996, 0],
              [115.160667998, -3.03902719399997, 0],
              [115.161167684, -3.03895580899996, 0],
              [115.161500808, -3.03880114499998, 0],
              [115.161810138, -3.03853940399995, 0],
              [115.162214648, -3.03863458199993, 0],
              [115.162571566, -3.03874165799994, 0],
              [115.162820222, -3.03896889599997, 0],
              [115.162934436, -3.03903383599993, 0],
              [115.163328314, -3.03946697799995, 0],
              [115.163742342, -3.04005232499998, 0],
              [115.164084982, -3.04053773499993, 0],
              [115.164313411, -3.04092320699994, 0],
              [115.164527562, -3.04135150999997, 0],
              [115.164955864, -3.04175631599998, 0],
              [115.165341339, -3.04200824099996, 0],
              [115.16608373, -3.04247937499997, 0],
              [115.166426374, -3.04287912399997, 0],
              [115.166840398, -3.04303616799996, 0],
              [115.167440023, -3.04313610599996, 0],
              [115.167868326, -3.04317893599995, 0],
              [115.168268076, -3.04333598099993, 0],
              [115.168610717, -3.04352157799997, 0],
              [115.168757056, -3.04378783999994, 0],
              [115.168757056, -3.04428276899995, 0],
              [115.168833199, -3.04489190999993, 0],
              [115.168852235, -3.04542490999995, 0],
              [115.168909342, -3.04609115799997, 0],
              [115.168909342, -3.04690969299998, 0],
              [115.168164172, -3.04722854099992, 0],
              [115.167764424, -3.04745696899994, 0],
              [115.167079138, -3.04768539699995, 0],
              [115.166698426, -3.04795189799995, 0],
              [115.166508067, -3.04814225399997, 0],
              [115.166184461, -3.04835164599996, 0],
              [115.16584182, -3.04850393199996, 0],
              [115.165594354, -3.04894175299995, 0],
              [115.165442068, -3.04922728799994, 0],
              [115.165218082, -3.04944175799994, 0],
              [115.164913513, -3.04986054199998, 0],
              [115.164780263, -3.05010800599996, 0],
              [115.164608941, -3.05029836399996, 0],
              [115.164532797, -3.05048871999998, 0],
              [115.16417112, -3.05083136199994, 0],
              [115.163733299, -3.05113593399994, 0],
              [115.163676192, -3.05142146899993, 0],
              [115.163847514, -3.05176411099995, 0],
              [115.164018835, -3.05204964699993, 0],
              [115.164380511, -3.05224000399994, 0],
              [115.164951584, -3.05231614599995, 0],
              [115.164989655, -3.05265878799997, 0],
              [115.164988217, -3.05268177299996, 0],
              [115.164970619, -3.05296335999998, 0],
              [115.164818334, -3.05328696599997, 0],
              [115.164437619, -3.05380092899998, 0],
              [115.164323404, -3.05408646599994, 0],
              [115.164361476, -3.05425778599994, 0],
              [115.164494726, -3.05458139299998, 0],
              [115.164361476, -3.054905, 0],
              [115.164323404, -3.05534281999996, 0],
              [115.164285333, -3.05553317699997, 0],
              [115.164228226, -3.05560932099996, 0],
              [115.163961728, -3.05559028399995, 0],
              [115.163684057, -3.05572211499998, 0],
              [115.163550507, -3.05587869799996, 0],
              [115.163407741, -3.05604525999996, 0],
              [115.163312561, -3.05623561699997, 0],
              [115.163281132, -3.05631419199995, 0],
              [115.163241177, -3.05641407599995, 0],
              [115.163336356, -3.05652115199996, 0],
              [115.163336356, -3.05659253599993, 0],
              [115.163455329, -3.05671150899997, 0],
              [115.163455329, -3.05685427799995, 0],
              [115.163407741, -3.05699704399996, 0],
              [115.163419637, -3.05712791499997, 0],
              [115.163514815, -3.05715170899993, 0],
              [115.163621891, -3.05729447699997, 0],
              [115.163740864, -3.05742534699994, 0],
              [115.163740864, -3.05760380699996, 0],
              [115.163645686, -3.05772277999995, 0],
              [115.163562405, -3.05781795799993, 0],
              [115.163609995, -3.05791313699996, 0],
              [115.163788453, -3.05804400699998, 0],
              [115.163443432, -3.05827005599997, 0],
              [115.163395843, -3.05829385099997, 0],
              [115.163134102, -3.05848420699994, 0],
              [115.163027026, -3.05863887199996, 0],
              [115.162931847, -3.05884112699994, 0],
              [115.16265821, -3.05899579199996, 0],
              [115.16252734, -3.05912666199993, 0],
              [115.162360777, -3.05934081299995, 0],
              [115.162241805, -3.05945978599993, 0],
              [115.162134728, -3.05966204099997, 0],
              [115.162003859, -3.05980480799997, 0],
              [115.161682631, -3.05978101399995, 0],
              [115.161385199, -3.05979291099993, 0],
              [115.161254328, -3.05993567899998, 0],
              [115.161194841, -3.06024500899997, 0],
              [115.161194841, -3.06057813299998, 0],
              [115.161385199, -3.06081607899995, 0],
              [115.161608867, -3.06101674699994, 0],
              [115.161799224, -3.06132131799996, 0],
              [115.16208476, -3.06154974599997, 0],
              [115.162256081, -3.06170203299996, 0],
              [115.162541616, -3.06213985299996, 0],
              [115.162674866, -3.06248249499993, 0],
              [115.162751008, -3.06280610199997, 0],
              [115.162846187, -3.06316777999996, 0],
              [115.162846187, -3.06351042199998, 0],
              [115.162846187, -3.06408149299995, 0],
              [115.162751008, -3.06453834899997, 0],
              [115.162617759, -3.06507134899994, 0],
              [115.162541616, -3.06529977699995, 0],
              [115.162503544, -3.06556627599997, 0],
              [115.162408366, -3.06583277599998, 0],
              [115.162275117, -3.06621348999994, 0],
              [115.162198974, -3.06647998999995, 0],
              [115.162446437, -3.06665131099993, 0],
              [115.16265583, -3.06672745299994, 0],
              [115.162770044, -3.06693684599998, 0],
              [115.162884258, -3.06708913299997, 0],
              [115.163017509, -3.06731755999994, 0],
              [115.162960402, -3.06764116599993, 0],
              [115.162560652, -3.06760309499992, 0],
              [115.162379812, -3.06762213099995, 0],
              [115.162341741, -3.06782200599997, 0],
              [115.162227527, -3.06799332699995, 0],
              [115.162103796, -3.06806946899997, 0],
              [115.161932474, -3.06810754099996, 0],
              [115.161675493, -3.06816464799994, 0],
              [115.161542242, -3.06833596899998, 0],
              [115.161361404, -3.06853584399994, 0],
              [115.161209119, -3.06865005799995, 0],
              [115.161132976, -3.06875475399994, 0],
              [115.161047314, -3.06891655899995, 0],
              [115.160971172, -3.06907836099992, 0],
              [115.160828404, -3.06918305699998, 0],
              [115.160666602, -3.06920209299994, 0],
              [115.160390584, -3.06917353899996, 0],
              [115.160314441, -3.06932582499996, 0],
              [115.160143119, -3.06944955699993, 0],
              [115.160038424, -3.06956377099994, 0],
              [115.159943245, -3.06974460999993, 0],
              [115.159867103, -3.06991593099997, 0],
              [115.15974337, -3.07007773499993, 0],
              [115.159286513, -3.07039182399996, 0],
              [115.159110434, -3.07049413999994, 0],
              [115.158872488, -3.07073208699995, 0],
              [115.158515568, -3.07111874899994, 0],
              [115.158218135, -3.07138643799993, 0],
              [115.157266351, -3.07195155999995, 0],
              [115.156525767, -3.07228601699995, 0],
              [115.156344311, -3.07236796599995, 0],
              [115.155362783, -3.07269514199993, 0],
              [115.154827404, -3.07290334499993, 0],
              [115.153845876, -3.07293308799996, 0],
              [115.152894091, -3.07296283099993, 0],
              [115.152467135, -3.07322174899997, 0],
              [115.152301605, -3.07332212999995, 0],
              [115.152116007, -3.07347917499993, 0],
              [115.152001793, -3.07365049499992, 0],
              [115.151830472, -3.07387892399993, 0],
              [115.151701982, -3.07397886099994, 0],
              [115.151473554, -3.07410735199994, 0],
              [115.15131651, -3.07432150299997, 0],
              [115.15120472, -3.07445908899996, 0],
              [115.150947338, -3.07449902799993, 0],
              [115.150649906, -3.07439195299997, 0],
              [115.150340576, -3.07434436299997, 0],
              [115.14988821, -3.07396194999996, 0],
              [115.149883148, -3.07396828299994, 0],
              [115.149774024, -3.07406549799993, 0],
              [115.149472754, -3.07433389399995, 0],
              [115.149068245, -3.07483358099995, 0],
              [115.148580455, -3.07484547799993, 0],
              [115.148271126, -3.07466701799996, 0],
              [115.148342508, -3.07438148199998, 0],
              [115.148342508, -3.07420302399993, 0],
              [115.148211639, -3.07392938499993, 0],
              [115.148092667, -3.07373902799998, 0],
              [115.147783336, -3.07331072499994, 0],
              [115.147795232, -3.07328692999994, 0],
              [115.147814405, -3.07322174899997, 0],
              [115.147854721, -3.07308467599995, 0],
              [115.147914205, -3.07295380699998, 0],
              [115.147961796, -3.07269206499996, 0],
              [115.147985591, -3.07235894099995, 0],
              [115.147807129, -3.07218048199997, 0],
              [115.147671914, -3.07211054099997, 0],
              [115.147462108, -3.07200202099995, 0],
              [115.147485902, -3.07174028099996, 0],
              [115.147749981, -3.07167585799994, 0],
              [115.147709209, -3.07145087399994, 0],
              [115.147554704, -3.07142636299994, 0],
              [115.147513969, -3.07141990299994, 0],
              [115.147283648, -3.07138336199995, 0],
              [115.147040786, -3.07133101299996, 0],
              [115.14693371, -3.07124773299995, 0],
              [115.146660071, -3.07111686199994, 0],
              [115.146398331, -3.07096219799996, 0],
              [115.146207975, -3.07079563499997, 0],
              [115.146136589, -3.07060527899995, 0],
              [115.146029513, -3.07040302499996, 0],
              [115.146017617, -3.07015317999998, 0],
              [115.146144741, -3.06993496499996, 0],
              [115.146076996, -3.06966470899994, 0],
              [115.146053308, -3.06957021299996, 0],
              [115.145956827, -3.06948115399996, 0],
              [115.145898645, -3.06942744499997, 0],
              [115.145720183, -3.06923708899996, 0],
              [115.145720183, -3.06901103999996, 0],
              [115.145589315, -3.06884447699997, 0],
              [115.14538706, -3.06878498999993, 0],
              [115.145164721, -3.06887212799995, 0],
              [115.145107802, -3.06881039799993, 0],
              [115.14513781, -3.06858452199998, 0],
              [115.145073565, -3.06850599799998, 0],
              [115.144987906, -3.06849885999998, 0],
              [115.144878645, -3.06856187599993, 0],
              [115.144723786, -3.06870587299994, 0],
              [115.144623849, -3.06882008699995, 0],
              [115.144459666, -3.06887719399998, 0],
              [115.144359728, -3.06880581099995, 0],
              [115.144366865, -3.06872728799993, 0],
              [115.144231238, -3.06849172199998, 0],
              [115.144302621, -3.06836323199997, 0],
              [115.144331892, -3.06829737199996, 0],
              [115.144359728, -3.06823473999998, 0],
              [115.14435259, -3.06814194099997, 0],
              [115.144288345, -3.06809197199993, 0],
              [115.144095607, -3.06810624999997, 0],
              [115.144052776, -3.06804200399995, 0],
              [115.144145576, -3.06788495999996, 0],
              [115.144095607, -3.06787782199996, 0],
              [115.144052776, -3.06782071499993, 0],
              [115.144029056, -3.06764048799994, 0],
              [115.144074193, -3.06747093299993, 0],
              [115.143899008, -3.06749945299993, 0],
              [115.143767242, -3.06752090199996, 0],
              [115.143752966, -3.06747807099993, 0],
              [115.143741778, -3.06732893799995, 0],
              [115.143686891, -3.06726940899995, 0],
              [115.143752966, -3.06708546099998, 0],
              [115.143781518, -3.06694269199994, 0],
              [115.143821298, -3.06679493999997, 0],
              [115.143831486, -3.06675709599995, 0],
              [115.143802935, -3.06667143399994, 0],
              [115.143717273, -3.06671426499997, 0],
              [115.143567366, -3.06676423399995, 0],
              [115.143501567, -3.06679493999997, 0],
              [115.14346029, -3.06681420299998, 0],
              [115.14342188, -3.06698200399995, 0],
              [115.143267556, -3.06704262999995, 0],
              [115.143167619, -3.06707832299998, 0],
              [115.143010574, -3.06705690699994, 0],
              [115.143008149, -3.06705655999997, 0],
              [115.142810697, -3.06702835399995, 0],
              [115.142853529, -3.06693555399994, 0],
              [115.142917773, -3.06680706399993, 0],
              [115.142946329, -3.06671426499997, 0],
              [115.142917773, -3.06665715799994, 0],
              [115.142782146, -3.06661432699997, 0],
              [115.142503747, -3.06664287999996, 0],
              [115.142375257, -3.06655721999994, 0],
              [115.142225198, -3.06633659399995, 0],
              [115.142219878, -3.06632877299995, 0],
              [115.142177049, -3.06612889799993, 0],
              [115.142177049, -3.06588619199994, 0],
              [115.142170221, -3.06562456699993, 0],
              [115.141906078, -3.06533810299993, 0],
              [115.141802904, -3.06522620899995, 0],
              [115.141782575, -3.06520416299998, 0],
              [115.140738953, -3.06414580499995, 0]
            ]
          ]
        ]
      }
    },
    {
      "type": "Feature",
      "properties": {
        "kd_propinsi": "63",
        "kd_dati2": "05",
        "kd_kecamatan": "11",
        "nm_kecamatan": "Tapin Tengah"
      },
      "geometry": {
        "type": "MultiPolygon",
        "coordinates": [
          [
            [
              [114.997422981, -3.07500117499995, 0],
              [114.997938454, -3.07499427999994, 0],
              [114.988885326, -3.08225121499993, 0],
              [114.97122387, -3.10121855799997, 0],
              [114.970562402, -3.10192890699995, 0],
              [114.970264266, -3.10212743799997, 0],
              [114.969921726, -3.10229594799995, 0],
              [114.969338323, -3.10192966399995, 0],
              [114.962194444, -3.09744444399996, 0],
              [114.952861111, -3.09180555599994, 0],
              [114.944361111, -3.08622222199995, 0],
              [114.935388889, -3.08030555599993, 0],
              [114.934004201, -3.07938994799997, 0],
              [114.926861111, -3.07466666699997, 0],
              [114.921027778, -3.071, 0],
              [114.913983595, -3.06636357499997, 0],
              [114.911194444, -3.06452777799996, 0],
              [114.903, -3.05983333299997, 0],
              [114.896773912, -3.05603995499996, 0],
              [114.894611111, -3.05472222199995, 0],
              [114.886972222, -3.04908333299994, 0],
              [114.882898771, -3.04641770399996, 0],
              [114.877166667, -3.04266666699994, 0],
              [114.870822944, -3.03883304999994, 0],
              [114.869444444, -3.038, 0],
              [114.828361111, -3.01533333299994, 0],
              [114.828337066, -3.01531601199997, 0],
              [114.828056508, -3.01511391099996, 0],
              [114.828039596, -3.01510172799993, 0],
              [114.827870346, -3.01497980799996, 0],
              [114.827740199, -3.01488605599997, 0],
              [114.827468638, -3.01469043499998, 0],
              [114.827214265, -3.01450719599995, 0],
              [114.826392535, -3.01320727899997, 0],
              [114.826482108, -3.00539682699997, 0],
              [114.826518043, -3.00226343199995, 0],
              [114.826600746, -2.99505192499993, 0],
              [114.847622367, -2.99539281399996, 0],
              [114.849528169, -2.99542369099993, 0],
              [114.858618898, -2.99557114599998, 0],
              [114.859865171, -2.99559135199996, 0],
              [114.867885597, -2.99572137899997, 0],
              [114.872267639, -2.99579243899996, 0],
              [114.872579426, -2.99579749499998, 0],
              [114.886744379, -2.98986425099997, 0],
              [114.890952779, -2.98810148799993, 0],
              [114.891488262, -2.98787718999995, 0],
              [114.900115332, -2.98426358699993, 0],
              [114.902495833, -2.98326647199997, 0],
              [114.911811423, -2.97936447299998, 0],
              [114.912497065, -2.97907727599994, 0],
              [114.918571986, -2.97653268699997, 0],
              [114.921581671, -2.97527202599997, 0],
              [114.921587951, -2.97521036699993, 0],
              [114.921764969, -2.97521116199994, 0],
              [114.922603963, -2.97484520099994, 0],
              [114.923127278, -2.97461695399994, 0],
              [114.941451444, -2.96662451799995, 0],
              [114.941626436, -2.96654777999993, 0],
              [114.959062931, -2.95894214699996, 0],
              [114.962799891, -2.95730469399996, 0],
              [114.962794714, -2.95731437899997, 0],
              [114.962794549, -2.95731464399995, 0],
              [114.968897601, -2.95465235699993, 0],
              [114.985278117, -2.94741450299995, 0],
              [114.98906974, -2.94573908599995, 0],
              [114.989069747, -2.94573911099997, 0],
              [114.99074332, -2.94499959899997, 0],
              [114.990828002, -2.94496217999995, 0],
              [115.012801869, -2.93533719199996, 0],
              [115.012814147, -2.93533181399994, 0],
              [115.039820991, -2.92358970799995, 0],
              [115.044896323, -2.92025067899994, 0],
              [115.046644, -2.91910088599997, 0],
              [115.04648633, -2.91642051799994, 0],
              [115.045470925, -2.91608204999994, 0],
              [115.039522273, -2.91522544299994, 0],
              [115.034097101, -2.90614779899994, 0],
              [115.049310781, -2.89112237499995, 0],
              [115.049643904, -2.89077973399998, 0],
              [115.049957993, -2.89054178799995, 0],
              [115.052894248, -2.88827130499993, 0],
              [115.055820985, -2.88646291499993, 0],
              [115.059889863, -2.88295320999993, 0],
              [115.072211937, -2.87457797999997, 0],
              [115.080938601, -2.86864652499997, 0],
              [115.081762033, -2.86986675799994, 0],
              [115.083084546, -2.87169002799993, 0],
              [115.085957365, -2.87571134799993, 0],
              [115.088656727, -2.87948985799994, 0],
              [115.092072096, -2.88412368499996, 0],
              [115.092810128, -2.88512501399993, 0],
              [115.094032905, -2.88678402299996, 0],
              [115.094320093, -2.88717366599997, 0],
              [115.096299243, -2.88987026199993, 0],
              [115.099051583, -2.89362032299994, 0],
              [115.099218138, -2.89384725399998, 0],
              [115.099646716, -2.89635750099995, 0],
              [115.098452818, -2.89871468499996, 0],
              [115.09694922, -2.90036246199998, 0],
              [115.09692317, -2.90039100999996, 0],
              [115.095445422, -2.90201046499993, 0],
              [115.093993777, -2.90360130499994, 0],
              [115.093983351, -2.90361272999996, 0],
              [115.093187419, -2.90434743699996, 0],
              [115.09246664, -2.90590912399995, 0],
              [115.091718006, -2.90753116599996, 0],
              [115.089942465, -2.90893935399993, 0],
              [115.088748566, -2.90933731999996, 0],
              [115.088055883, -2.91050622199998, 0],
              [115.087768957, -2.91099040999995, 0],
              [115.086115867, -2.91362310999995, 0],
              [115.086101483, -2.91381371699993, 0],
              [115.085870964, -2.91686806399997, 0],
              [115.086069867, -2.91767271299995, 0],
              [115.087217927, -2.92231713999996, 0],
              [115.088292424, -2.92497510899995, 0],
              [115.088962856, -2.92663354199993, 0],
              [115.091138134, -2.92869581899993, 0],
              [115.093677224, -2.93110300799998, 0],
              [115.093989868, -2.93119920599997, 0],
              [115.098452818, -2.93257242099998, 0],
              [115.098606016, -2.93259540099996, 0],
              [115.100624963, -2.93289824499993, 0],
              [115.101309332, -2.93300089999997, 0],
              [115.101632867, -2.93304942999993, 0],
              [115.102696908, -2.93320903499995, 0],
              [115.103350863, -2.93330712799997, 0],
              [115.106673246, -2.93356107199998, 0],
              [115.10908696, -2.93374555799994, 0],
              [115.11103901, -2.93389475899994, 0],
              [115.111165959, -2.93323656899997, 0],
              [115.111619246, -2.93330249999997, 0],
              [115.111704906, -2.93298841199993, 0],
              [115.113075476, -2.93332153599994, 0],
              [115.113760761, -2.93308358999997, 0],
              [115.114008224, -2.93252203699996, 0],
              [115.114093885, -2.93245541199997, 0],
              [115.114350866, -2.93245541299996, 0],
              [115.11459833, -2.93251251899994, 0],
              [115.114874348, -2.93262673299995, 0],
              [115.115102777, -2.93274094699996, 0],
              [115.115369276, -2.93280757399998, 0],
              [115.115531078, -2.93289323299996, 0],
              [115.115635775, -2.93299792899995, 0],
              [115.115721437, -2.93306455399994, 0],
              [115.1159689, -2.93307407199995, 0],
              [115.116197328, -2.93310262599994, 0],
              [115.116302025, -2.93331201899997, 0],
              [115.116368649, -2.93345478599997, 0],
              [115.116435274, -2.93363562499997, 0],
              [115.116444793, -2.93378790999998, 0],
              [115.116425756, -2.93395923199995, 0],
              [115.116263954, -2.93413055199994, 0],
              [115.116121185, -2.93427332099998, 0],
              [115.115849069, -2.93451671299994, 0],
              [115.117719346, -2.93482447899993, 0],
              [115.117800096, -2.93483776699998, 0],
              [115.120769535, -2.93615411699994, 0],
              [115.121507063, -2.93613567899996, 0],
              [115.123218558, -2.93609289099993, 0],
              [115.125483905, -2.93603166599996, 0],
              [115.127248889, -2.93553526399995, 0],
              [115.127443123, -2.93548063699996, 0],
              [115.127932926, -2.93725617699994, 0],
              [115.128912535, -2.93848068899996, 0],
              [115.129999822, -2.94049993599998, 0],
              [115.130198272, -2.94086848499995, 0],
              [115.131423185, -2.94571195099996, 0],
              [115.132523313, -2.95006199699998, 0],
              [115.13349617, -2.95390879699994, 0],
              [115.133535066, -2.95406259399994, 0],
              [115.1351165, -2.95593688699995, 0],
              [115.136841246, -2.95798102999993, 0],
              [115.136986265, -2.96023541199998, 0],
              [115.137151452, -2.96280331799994, 0],
              [115.137156953, -2.96288884099994, 0],
              [115.137177986, -2.96321581699993, 0],
              [115.138940901, -2.96713906599996, 0],
              [115.138995928, -2.97099097499995, 0],
              [115.139002124, -2.97142485599994, 0],
              [115.138364429, -2.97135823199994, 0],
              [115.134519222, -2.97112028499993, 0],
              [115.134271489, -2.97109113999994, 0],
              [115.134195614, -2.97108221399998, 0],
              [115.134069032, -2.97106814899996, 0],
              [115.133852973, -2.97104414299997, 0],
              [115.131759047, -2.97047307199995, 0],
              [115.130264746, -2.97011139399996, 0],
              [115.125762805, -2.96922623399996, 0],
              [115.124381844, -2.96897101899998, 0],
              [115.124373206, -2.96896900999997, 0],
              [115.121749144, -2.96835876299997, 0],
              [115.117336461, -2.96839074599996, 0],
              [115.116210961, -2.96839890099994, 0],
              [115.113300017, -2.96841998899993, 0],
              [115.112591103, -2.96845769799995, 0],
              [115.107546086, -2.96872604899994, 0],
              [115.107587408, -2.96900991499996, 0],
              [115.107425604, -2.96930972799993, 0],
              [115.107378015, -2.96945487499994, 0],
              [115.107370876, -2.96952625999995, 0],
              [115.107385154, -2.96959050399994, 0],
              [115.107420845, -2.96963333399998, 0],
              [115.107499368, -2.96965474999996, 0],
              [115.107627859, -2.96969757999995, 0],
              [115.107692104, -2.96974754899998, 0],
              [115.107749211, -2.96986176299993, 0],
              [115.107749211, -2.96992600799996, 0],
              [115.10771352, -2.97009732899994, 0],
              [115.107656413, -2.97021154299995, 0],
              [115.107542199, -2.97029006599996, 0],
              [115.107399431, -2.97036144999993, 0],
              [115.107199555, -2.97051849399998, 0],
              [115.107106756, -2.97067553899996, 0],
              [115.107063927, -2.97073978299994, 0],
              [115.106864052, -2.97124660999998, 0],
              [115.106949712, -2.97145362299995, 0],
              [115.106578517, -2.97179626499997, 0],
              [115.106621346, -2.97193189299998, 0],
              [115.106542824, -2.97208179899997, 0],
              [115.106135936, -2.97353089199993, 0],
              [115.106128798, -2.97396633299996, 0],
              [115.105707633, -2.97410909999996, 0],
              [115.105300746, -2.97410910099995, 0],
              [115.105386406, -2.97437321999996, 0],
              [115.105393544, -2.97452312799993, 0],
              [115.105407823, -2.97470872399993, 0],
              [115.105550589, -2.97501567499995, 0],
              [115.105265054, -2.97517271999993, 0],
              [115.104779644, -2.97537973199997, 0],
              [115.103729442, -2.97662957099993, 0],
              [115.103718216, -2.97665482699995, 0],
              [115.101641036, -2.97669003399994, 0],
              [115.10115495, -2.97651214499996, 0],
              [115.100940798, -2.97639317199997, 0],
              [115.100688575, -2.97642172499997, 0],
              [115.100479182, -2.97663587599993, 0],
              [115.100390432, -2.97671123099997, 0],
              [115.10022696, -2.97685002799994, 0],
              [115.099831969, -2.97714983899994, 0],
              [115.099508363, -2.97730212499994, 0],
              [115.09926566, -2.97749723999993, 0],
              [115.099008677, -2.97770187499998, 0],
              [115.09890874, -2.97765904499994, 0],
              [115.098810085, -2.97752594199994, 0],
              [115.098708863, -2.97744489399997, 0],
              [115.098537543, -2.97735923199997, 0],
              [115.098366223, -2.97737826799994, 0],
              [115.098188232, -2.97751218299993, 0],
              [115.097971231, -2.97755910699993, 0],
              [115.097776115, -2.97752579499996, 0],
              [115.097671421, -2.97753055299995, 0],
              [115.09762859, -2.97766380399997, 0],
              [115.097523892, -2.97771139199995, 0],
              [115.097385883, -2.97763524999994, 0],
              [115.097257395, -2.97762097399993, 0],
              [115.097147938, -2.97774470499996, 0],
              [115.097043243, -2.97775898199996, 0],
              [115.096986136, -2.97784464299997, 0],
              [115.096909993, -2.97793506199997, 0],
              [115.096748188, -2.97795885599993, 0],
              [115.096586384, -2.97802548099998, 0],
              [115.096524519, -2.97807782899997, 0],
              [115.096367476, -2.97825390999998, 0],
              [115.096286574, -2.97842522999997, 0],
              [115.096229467, -2.97859179399995, 0],
              [115.096191395, -2.97880594499998, 0],
              [115.096158081, -2.97900581899995, 0],
              [115.096067662, -2.97917714099998, 0],
              [115.095910617, -2.97931039099996, 0],
              [115.095777369, -2.97940080999996, 0],
              [115.095701227, -2.97950074699998, 0],
              [115.095663155, -2.97963399699995, 0],
              [115.095672672, -2.97988621999997, 0],
              [115.095667915, -2.98004802299994, 0],
              [115.095639359, -2.98022410399994, 0],
              [115.095639359, -2.98040018499995, 0],
              [115.095596529, -2.98050012199997, 0],
              [115.09541807, -2.98064479199996, 0],
              [115.095353825, -2.98076614499996, 0],
              [115.095332408, -2.98093032799994, 0],
              [115.095382377, -2.98108023499998, 0],
              [115.095303857, -2.98120872499993, 0],
              [115.095146812, -2.98133721499994, 0],
              [115.094946935, -2.98138004499998, 0],
              [115.094882691, -2.98143001399996, 0],
              [115.09479703, -2.98153708899997, 0],
              [115.094697187, -2.98184131199997, 0],
              [115.094684014, -2.98201216799993, 0],
              [115.094670927, -2.98218191299998, 0],
              [115.09483986, -2.98233658899994, 0],
              [115.094918384, -2.98251504799993, 0],
              [115.094939798, -2.98270778599994, 0],
              [115.094918384, -2.98283627599994, 0],
              [115.094818447, -2.98295048899996, 0],
              [115.094804169, -2.98309325799994, 0],
              [115.094578079, -2.98338628399995, 0],
              [115.094571254, -2.98347481399998, 0],
              [115.094842892, -2.98461569499995, 0],
              [115.09496941, -2.98917031799994, 0],
              [115.09500192, -2.99034072099994, 0],
              [115.094089604, -2.99084316099993, 0],
              [115.084028954, -2.99638380499994, 0],
              [115.074402518, -2.99978137499994, 0],
              [115.073708576, -3.00002629499994, 0],
              [115.073215015, -3.00020048899995, 0],
              [115.063355248, -3.00258591499994, 0],
              [115.04784997, -3.00759531399996, 0],
              [115.041444182, -3.01057572299993, 0],
              [115.041432095, -3.01058134799996, 0],
              [115.041402778, -3.01029787199997, 0],
              [115.041266124, -3.00997377599992, 0],
              [115.041251845, -3.00955974899995, 0],
              [115.041223293, -3.00906006299994, 0],
              [115.041180462, -3.00867458899995, 0],
              [115.041009142, -3.00811779499998, 0],
              [115.040941755, -3.00771896399994, 0],
              [115.040796698, -3.00736589399998, 0],
              [115.039929976, -3.00661804599997, 0],
              [115.039910255, -3.00661215099996, 0],
              [115.039397057, -3.00653620599996, 0],
              [115.039207538, -3.00640206999998, 0],
              [115.039083771, -3.00636506999996, 0],
              [115.039027351, -3.00627453999994, 0],
              [115.038964403, -3.00622998999995, 0],
              [115.038898149, -3.00606723799996, 0],
              [115.03880122, -3.00591171299993, 0],
              [115.03880191, -3.00583083099997, 0],
              [115.038763015, -3.00573528199993, 0],
              [115.038806957, -3.00523921199994, 0],
              [115.038807367, -3.00519122099996, 0],
              [115.038451221, -3.00452956899994, 0],
              [115.037939077, -3.00337563699998, 0],
              [115.037930877, -3.00335716199993, 0],
              [115.037916412, -3.00334967199996, 0],
              [115.037393865, -3.00307908899993, 0],
              [115.025656676, -3.00774744899996, 0],
              [115.020979005, -3.01818455599994, 0],
              [114.993341025, -3.05626060199995, 0],
              [114.97954723, -3.07526193999996, 0],
              [114.987316525, -3.07507645099997, 0],
              [114.988476207, -3.07504876399997, 0],
              [114.997422981, -3.07500117499995, 0]
            ]
          ]
        ]
      }
    },
    {
      "type": "Feature",
      "properties": {
        "kd_propinsi": "63",
        "kd_dati2": "05",
        "kd_kecamatan": "12",
        "nm_kecamatan": "Tapin Utara"
      },
      "geometry": {
        "type": "MultiPolygon",
        "coordinates": [
          [
            [
              [115.14970898, -2.95368859799993, 0],
              [115.143931562, -2.95377945699994, 0],
              [115.142137612, -2.95380169699996, 0],
              [115.141141872, -2.95381404099993, 0],
              [115.140135609, -2.95382651399996, 0],
              [115.139127171, -2.95383900899998, 0],
              [115.137647659, -2.95385733699993, 0],
              [115.137390726, -2.95386052199996, 0],
              [115.137001528, -2.95386534699998, 0],
              [115.136169656, -2.95387565799996, 0],
              [115.135121507, -2.95388864999995, 0],
              [115.135121216, -2.95388865399997, 0],
              [115.134657466, -2.95389440199995, 0],
              [115.13349617, -2.95390879699994, 0],
              [115.132523313, -2.95006199699998, 0],
              [115.131423185, -2.94571195099996, 0],
              [115.130198272, -2.94086848499995, 0],
              [115.129999822, -2.94049993599998, 0],
              [115.128912535, -2.93848068899996, 0],
              [115.127932926, -2.93725617699994, 0],
              [115.127443123, -2.93548063699996, 0],
              [115.127248889, -2.93553526399995, 0],
              [115.127609265, -2.93425392699993, 0],
              [115.12790705, -2.93319514199993, 0],
              [115.128071652, -2.93260988399993, 0],
              [115.129097242, -2.93055870499995, 0],
              [115.129707397, -2.93023698699994, 0],
              [115.130558014, -2.92978848099995, 0],
              [115.131676301, -2.92919883799993, 0],
              [115.132554167, -2.92873596299995, 0],
              [115.133687075, -2.92813861199994, 0],
              [115.135479888, -2.92719331099994, 0],
              [115.137155446, -2.92630983499993, 0],
              [115.137405965, -2.92608715099993, 0],
              [115.137828307, -2.92571173599993, 0],
              [115.138319523, -2.92527509899998, 0],
              [115.13847406, -2.92513773199994, 0],
              [115.139148138, -2.92311549799996, 0],
              [115.139784504, -2.92120639899997, 0],
              [115.139792675, -2.92118188699993, 0],
              [115.139957891, -2.92058710999993, 0],
              [115.140477432, -2.91871676499994, 0],
              [115.14052524, -2.91854465699993, 0],
              [115.14052524, -2.91598389399996, 0],
              [115.14052524, -2.91405090799998, 0],
              [115.14058791, -2.91390448499993, 0],
              [115.14052524, -2.91370973499994, 0],
              [115.140378726, -2.91165855599996, 0],
              [115.140421255, -2.91137502999993, 0],
              [115.140818266, -2.90872829999995, 0],
              [115.140842285, -2.90868025999993, 0],
              [115.140204064, -2.90772916899994, 0],
              [115.140051778, -2.90561620699998, 0],
              [115.140041116, -2.90533899499997, 0],
              [115.140032742, -2.90512127899996, 0],
              [115.139965093, -2.90407390699994, 0],
              [115.139671064, -2.90251338999997, 0],
              [115.13938553, -2.90133317699997, 0],
              [115.139099993, -2.90013392899994, 0],
              [115.140791621, -2.89980228499996, 0],
              [115.141044579, -2.89977996599993, 0],
              [115.140931335, -2.89953020599995, 0],
              [115.140837615, -2.89937116699997, 0],
              [115.140778142, -2.89929149299996, 0],
              [115.14056638, -2.89920215799998, 0],
              [115.140355798, -2.89915218799996, 0],
              [115.140184477, -2.89906652799994, 0],
              [115.140091677, -2.89901298999996, 0],
              [115.139963188, -2.89888449899996, 0],
              [115.139961092, -2.89887572599997, 0],
              [115.139955745, -2.89887085599997, 0],
              [115.139896256, -2.89873106299996, 0],
              [115.139857468, -2.89850560399998, 0],
              [115.139832707, -2.89843441399995, 0],
              [115.139732964, -2.89830920399993, 0],
              [115.139691929, -2.89826702899995, 0],
              [115.139484915, -2.89807429299998, 0],
              [115.139325308, -2.89794033699997, 0],
              [115.139089373, -2.89784524699996, 0],
              [115.139001051, -2.89781758099997, 0],
              [115.138934331, -2.89781317399996, 0],
              [115.138646156, -2.89781017299993, 0],
              [115.13858144, -2.89778986999994, 0],
              [115.138520135, -2.89778582099996, 0],
              [115.138296465, -2.89767636599993, 0],
              [115.138268276, -2.89762290099998, 0],
              [115.138117915, -2.89738900799995, 0],
              [115.138048672, -2.89713797499996, 0],
              [115.138040231, -2.89702612199994, 0],
              [115.137977618, -2.89668175099996, 0],
              [115.137964574, -2.89652360799994, 0],
              [115.137946528, -2.89642108199996, 0],
              [115.137932367, -2.89634709499995, 0],
              [115.137885445, -2.89617536199995, 0],
              [115.137898291, -2.89616905899993, 0],
              [115.138797688, -2.89573722599994, 0],
              [115.139432052, -2.89546358799993, 0],
              [115.141917111, -2.89107350899997, 0],
              [115.14772733, -2.88771590399995, 0],
              [115.150530334, -2.88583137099994, 0],
              [115.150605113, -2.88577880099996, 0],
              [115.151563912, -2.88041211899997, 0],
              [115.151611502, -2.88010278899998, 0],
              [115.15227775, -2.87643841899995, 0],
              [115.152775329, -2.87635171899996, 0],
              [115.152759057, -2.87642223099994, 0],
              [115.155515355, -2.87854373999994, 0],
              [115.159434781, -2.88362447899993, 0],
              [115.160876373, -2.88549320799996, 0],
              [115.160967463, -2.88561128699996, 0],
              [115.161226814, -2.88594748199995, 0],
              [115.162275493, -2.88774521899995, 0],
              [115.163303562, -2.88950762399998, 0],
              [115.16459118, -2.89159683299994, 0],
              [115.165599658, -2.89302993399997, 0],
              [115.166919068, -2.89490488499996, 0],
              [115.168207485, -2.89673579199996, 0],
              [115.170687243, -2.90003435499995, 0],
              [115.17348251, -2.90394482699998, 0],
              [115.173025655, -2.90697150099993, 0],
              [115.172550951, -2.91194576399994, 0],
              [115.171380517, -2.91455848499993, 0],
              [115.171380518, -2.91513937899993, 0],
              [115.172015123, -2.91640859199993, 0],
              [115.172015123, -2.92042776699998, 0],
              [115.172355545, -2.92226307899995, 0],
              [115.172404349, -2.92252619899995, 0],
              [115.172993185, -2.92409642499996, 0],
              [115.173216645, -2.92469232199994, 0],
              [115.175382769, -2.92794150699996, 0],
              [115.176195064, -2.92848303799997, 0],
              [115.17669516, -2.92873308599997, 0],
              [115.176758026, -2.92876451899997, 0],
              [115.177007362, -2.92888918599994, 0],
              [115.177466403, -2.92930649599998, 0],
              [115.177953753, -2.92974954299996, 0],
              [115.178496571, -2.93024301299994, 0],
              [115.180121163, -2.93430449499994, 0],
              [115.180308492, -2.93535353899995, 0],
              [115.180798077, -2.93809521099996, 0],
              [115.180816696, -2.93810666899998, 0],
              [115.184318027, -2.94026133399996, 0],
              [115.183601363, -2.94282084899993, 0],
              [115.183370348, -2.94364590199996, 0],
              [115.1829642, -2.94743661799993, 0],
              [115.182964201, -2.94906505699993, 0],
              [115.1829642, -2.95271654399994, 0],
              [115.183505731, -2.95461190199995, 0],
              [115.18443324, -2.95646691999997, 0],
              [115.184318027, -2.95948567899995, 0],
              [115.182776244, -2.96128442599996, 0],
              [115.182693435, -2.96138103699997, 0],
              [115.180948388, -2.96038386699996, 0],
              [115.178379741, -2.95891606899994, 0],
              [115.176059682, -2.95759032199993, 0],
              [115.171864435, -2.95636670899995, 0],
              [115.169561312, -2.95569496299993, 0],
              [115.167902304, -2.95503135999996, 0],
              [115.164146003, -2.95352883999993, 0],
              [115.162125502, -2.95355388999997, 0],
              [115.161106434, -2.95356652499993, 0],
              [115.16099341, -2.95340007299996, 0],
              [115.160553211, -2.95290038499996, 0],
              [115.160029728, -2.95235310899994, 0],
              [115.159456278, -2.95185421599996, 0],
              [115.158967695, -2.95128711099994, 0],
              [115.156302699, -2.95129662899996, 0],
              [115.154484791, -2.95184866299996, 0],
              [115.151934009, -2.95259105499997, 0],
              [115.149525994, -2.95320971599995, 0],
              [115.14970898, -2.95368859799993, 0]
            ]
          ]
        ]
      }
    },
    {
      "type": "Feature",
      "properties": {
        "kd_propinsi": "63",
        "kd_dati2": "05",
        "kd_kecamatan": "4",
        "nm_kecamatan": "Candi Laras Selatan"
      },
      "geometry": {
        "type": "MultiPolygon",
        "coordinates": [
          [
            [
              [114.959062931, -2.95894214699996, 0],
              [114.941626436, -2.96654777999993, 0],
              [114.941451444, -2.96662451799995, 0],
              [114.923127278, -2.97461695399994, 0],
              [114.923624874, -2.95521155099993, 0],
              [114.923851604, -2.95298540499994, 0],
              [114.924374596, -2.94785063499995, 0],
              [114.927568078, -2.94885568899997, 0],
              [114.929217167, -2.92714298099997, 0],
              [114.929287361, -2.91987729599993, 0],
              [114.929317104, -2.91565375299996, 0],
              [114.929346848, -2.91491017199996, 0],
              [114.92964428, -2.91440453599995, 0],
              [114.93136939, -2.91107329099998, 0],
              [114.932886296, -2.90744461299994, 0],
              [114.933362188, -2.90631436899997, 0],
              [114.934076026, -2.90533284099996, 0],
              [114.934838942, -2.90393689099994, 0],
              [114.937539629, -2.90403206899993, 0],
              [114.941453842, -2.90423432299997, 0],
              [114.939420296, -2.89961668199993, 0],
              [114.937136014, -2.89428668899996, 0],
              [114.93701704, -2.89366802899997, 0],
              [114.936921862, -2.89207378999993, 0],
              [114.936731506, -2.89135995199996, 0],
              [114.936136639, -2.89040816799997, 0],
              [114.935755926, -2.88909946399997, 0],
              [114.934280661, -2.88488781799993, 0],
              [114.933656154, -2.88184029799993, 0],
              [114.935181204, -2.88092526699995, 0],
              [114.935181204, -2.87922532599993, 0],
              [114.935180649, -2.87922508399993, 0],
              [114.930873485, -2.87734563099997, 0],
              [114.929568273, -2.87677611299995, 0],
              [114.926783644, -2.87556098199997, 0],
              [114.923320186, -2.87404964899997, 0],
              [114.922466181, -2.87367698899993, 0],
              [114.921165825, -2.87310955599997, 0],
              [114.918932599, -2.87213506099994, 0],
              [114.917803689, -2.87164244699994, 0],
              [114.885355302, -2.86403535299996, 0],
              [114.888432809, -2.85882602599997, 0],
              [114.883970188, -2.85288737899998, 0],
              [114.879677908, -2.84717538499996, 0],
              [114.879963445, -2.83607519899994, 0],
              [114.883226673, -2.83609747599996, 0],
              [114.884554413, -2.83515521099997, 0],
              [114.88549668, -2.83515521099997, 0],
              [114.887673886, -2.83491845299994, 0],
              [114.888732746, -2.83481137799993, 0],
              [114.89066011, -2.83422841099997, 0],
              [114.895476932, -2.83127232699997, 0],
              [114.899016382, -2.82898209499996, 0],
              [114.902823518, -2.82690006699994, 0],
              [114.905475921, -2.82552860899995, 0],
              [114.907240371, -2.83101249499993, 0],
              [114.907306084, -2.83092412499997, 0],
              [114.909938079, -2.82738454299994, 0],
              [114.914705709, -2.82097291199995, 0],
              [114.915631874, -2.81972736999995, 0],
              [114.915698708, -2.81972319199997, 0],
              [114.921685672, -2.81934900699997, 0],
              [114.929231408, -2.81887739899997, 0],
              [114.93089145, -2.81680234599997, 0],
              [114.932631291, -2.81462754499995, 0],
              [114.938679408, -2.81160348599997, 0],
              [114.946230824, -2.80782777799993, 0],
              [114.947628183, -2.80689620499993, 0],
              [114.94880051, -2.80611465399994, 0],
              [114.956675358, -2.80086475599995, 0],
              [114.957600369, -2.80024808099995, 0],
              [114.95876456, -2.79947195399996, 0],
              [114.961685023, -2.79752497899995, 0],
              [114.963025958, -2.79663102299998, 0],
              [114.972034132, -2.79062557299994, 0],
              [114.97414238, -2.78922007499995, 0],
              [114.974279861, -2.78912841999994, 0],
              [114.974349996, -2.78909846199997, 0],
              [114.99034755, -2.78226508899996, 0],
              [114.990698563, -2.78211515099997, 0],
              [114.995715609, -2.77997218499996, 0],
              [115.01232989, -2.77287534599998, 0],
              [115.012329863, -2.77287532499997, 0],
              [115.014925585, -2.77176654799996, 0],
              [115.015710527, -2.77252487199996, 0],
              [115.016678438, -2.77345995899998, 0],
              [115.02064647, -2.77729341299994, 0],
              [115.020883148, -2.77743079699997, 0],
              [115.0245988, -2.77958761499997, 0],
              [115.025534184, -2.77990250999994, 0],
              [115.032292625, -2.78217772599993, 0],
              [115.032680148, -2.78219878899995, 0],
              [115.035666667, -2.78236111099994, 0],
              [115.039312041, -2.78421469299997, 0],
              [115.041384285, -2.78477093099997, 0],
              [115.043412888, -2.78531545099997, 0],
              [115.048104956, -2.78537752499994, 0],
              [115.05466632, -2.78386939799998, 0],
              [115.059595122, -2.78472750199995, 0],
              [115.05981642, -2.78463744999993, 0],
              [115.060778496, -2.78437215299994, 0],
              [115.06640051, -2.78282185499995, 0],
              [115.069727132, -2.78328847299997, 0],
              [115.072351471, -2.78534531599996, 0],
              [115.072669338, -2.78553821799994, 0],
              [115.074129332, -2.78642423399998, 0],
              [115.075508846, -2.78972854899996, 0],
              [115.075678114, -2.79013399299993, 0],
              [115.075405, -2.792467, 0],
              [115.075472226, -2.79252986499995, 0],
              [115.075491657, -2.79254803499993, 0],
              [115.075482573, -2.79283898899996, 0],
              [115.075453321, -2.79326956599994, 0],
              [115.075388502, -2.79362592199993, 0],
              [115.075279937, -2.79454680199996, 0],
              [115.075248505, -2.79497932099997, 0],
              [115.075219093, -2.79538402899993, 0],
              [115.075052068, -2.79567801499996, 0],
              [115.074979971, -2.79577153599996, 0],
              [115.074622819, -2.79623481899995, 0],
              [115.074487943, -2.79692256199996, 0],
              [115.073976777, -2.79796154599995, 0],
              [115.073951479, -2.79800130299998, 0],
              [115.07352537, -2.79867097299996, 0],
              [115.07329344, -2.79893805299997, 0],
              [115.073237122, -2.80019498699994, 0],
              [115.073140311, -2.80119961799994, 0],
              [115.072947117, -2.80294572099996, 0],
              [115.072871173, -2.80425507999996, 0],
              [115.072850871, -2.80611479099997, 0],
              [115.072846032, -2.80655801599994, 0],
              [115.072825118, -2.80763614599994, 0],
              [115.072820044, -2.80789769399996, 0],
              [115.072556877, -2.80878242999995, 0],
              [115.072331917, -2.80958206199995, 0],
              [115.072169943, -2.80980678799995, 0],
              [115.071773904, -2.81035625999994, 0],
              [115.071243443, -2.81101399499994, 0],
              [115.071023, -2.811516, 0],
              [115.070985, -2.811708, 0],
              [115.070985409, -2.81171054899994, 0],
              [115.070985553, -2.81171144699994, 0],
              [115.070985678, -2.81171222599994, 0],
              [115.071025574, -2.81196100599993, 0],
              [115.070959663, -2.81225396099995, 0],
              [115.07065742, -2.81248282499996, 0],
              [115.070061726, -2.81302011499997, 0],
              [115.069608903, -2.81348587099996, 0],
              [115.069310927, -2.81383226699995, 0],
              [115.068833997, -2.81448936999993, 0],
              [115.068376846, -2.81505439999995, 0],
              [115.068288256, -2.81516448299993, 0],
              [115.068019226, -2.81549878199996, 0],
              [115.067490183, -2.81601464899995, 0],
              [115.066990046, -2.81631525099994, 0],
              [115.066818006, -2.81675994099993, 0],
              [115.066859554, -2.81753513199993, 0],
              [115.066904932, -2.81829578399993, 0],
              [115.066990463, -2.81905953299997, 0],
              [115.067054992, -2.81963574999998, 0],
              [115.067190636, -2.82049862599996, 0],
              [115.06722386, -2.82070997199998, 0],
              [115.067792889, -2.82191666799997, 0],
              [115.06830962, -2.82332720799997, 0],
              [115.068313233, -2.82336641299997, 0],
              [115.068435461, -2.82469286899993, 0],
              [115.068214338, -2.82605694599994, 0],
              [115.068026416, -2.82721621199994, 0],
              [115.067913406, -2.82756325899993, 0],
              [115.067825536, -2.82783310299993, 0],
              [115.067592503, -2.82808415199997, 0],
              [115.067253491, -2.82844937199997, 0],
              [115.066524841, -2.82880700399994, 0],
              [115.065895716, -2.82940882099996, 0],
              [115.065280246, -2.83038386699997, 0],
              [115.064582563, -2.83143572799997, 0],
              [115.064562798, -2.83187588699997, 0],
              [115.064314607, -2.83232523099997, 0],
              [115.064018751, -2.83282234199993, 0],
              [115.063751668, -2.83318552999998, 0],
              [115.062917, -2.833636, 0],
              [115.062897, -2.833652, 0],
              [115.062809, -2.834002, 0],
              [115.062871, -2.834626, 0],
              [115.063113, -2.835704, 0],
              [115.06351, -2.836509, 0],
              [115.063746, -2.837231, 0],
              [115.06359062, -2.83779128699996, 0],
              [115.063543, -2.837963, 0],
              [115.06352162, -2.83799139599995, 0],
              [115.06283, -2.83891, 0],
              [115.062471, -2.839521, 0],
              [115.062519, -2.840191, 0],
              [115.062754132, -2.84044893299995, 0],
              [115.063179, -2.840915, 0],
              [115.064309, -2.841784, 0],
              [115.065424, -2.842509, 0],
              [115.066287, -2.843016, 0],
              [115.066452, -2.843145, 0],
              [115.067168, -2.843918, 0],
              [115.068018, -2.844774, 0],
              [115.06879, -2.845223, 0],
              [115.068817085, -2.84522391299993, 0],
              [115.068816739, -2.84557670999993, 0],
              [115.069020741, -2.84600258799998, 0],
              [115.074137593, -2.85572461899994, 0],
              [115.080285951, -2.86740648999995, 0],
              [115.080938601, -2.86864652499997, 0],
              [115.072211937, -2.87457797999997, 0],
              [115.059889863, -2.88295320999993, 0],
              [115.055820985, -2.88646291499993, 0],
              [115.052894248, -2.88827130499993, 0],
              [115.049957993, -2.89054178799995, 0],
              [115.049643904, -2.89077973399998, 0],
              [115.049310781, -2.89112237499995, 0],
              [115.034097101, -2.90614779899994, 0],
              [115.039522273, -2.91522544299994, 0],
              [115.045470925, -2.91608204999994, 0],
              [115.04648633, -2.91642051799994, 0],
              [115.046644, -2.91910088599997, 0],
              [115.044896323, -2.92025067899994, 0],
              [115.039820991, -2.92358970799995, 0],
              [115.012814147, -2.93533181399994, 0],
              [115.012801869, -2.93533719199996, 0],
              [114.990828002, -2.94496217999995, 0],
              [114.99074332, -2.94499959899997, 0],
              [114.989069747, -2.94573911099997, 0],
              [114.98906974, -2.94573908599995, 0],
              [114.985278117, -2.94741450299995, 0],
              [114.968897601, -2.95465235699993, 0],
              [114.962794549, -2.95731464399995, 0],
              [114.962794714, -2.95731437899997, 0],
              [114.962799891, -2.95730469399996, 0],
              [114.959062931, -2.95894214699996, 0]
            ]
          ]
        ]
      }
    },
    {
      "type": "Feature",
      "properties": {
        "kd_propinsi": "63",
        "kd_dati2": "05",
        "kd_kecamatan": "3",
        "nm_kecamatan": "Bungur"
      },
      "geometry": {
        "type": "MultiPolygon",
        "coordinates": [
          [
            [
              [115.1653113, -2.99413375699993, 0],
              [115.164137573, -2.99209533599998, 0],
              [115.162661087, -2.98952287899994, 0],
              [115.161266986, -2.99040888499997, 0],
              [115.159893947, -2.99128150299993, 0],
              [115.157802517, -2.99055555199993, 0],
              [115.154788672, -2.98950942499994, 0],
              [115.152967813, -2.98887738999997, 0],
              [115.152058936, -2.98856191199997, 0],
              [115.150763892, -2.98726686799995, 0],
              [115.14816098, -2.98577495699993, 0],
              [115.146432449, -2.98478421199997, 0],
              [115.145454214, -2.98422351599993, 0],
              [115.142540368, -2.98338173799994, 0],
              [115.141051068, -2.98124491699997, 0],
              [115.139497015, -2.98020888199994, 0],
              [115.138525734, -2.98001462499997, 0],
              [115.136194655, -2.97878433499994, 0],
              [115.135547132, -2.97781305199993, 0],
              [115.13520644, -2.97625303599995, 0],
              [115.134316843, -2.97217961299998, 0],
              [115.134271489, -2.97109113999994, 0],
              [115.134519222, -2.97112028499993, 0],
              [115.138364429, -2.97135823199994, 0],
              [115.139002124, -2.97142485599994, 0],
              [115.138995928, -2.97099097499995, 0],
              [115.138940901, -2.96713906599996, 0],
              [115.137177986, -2.96321581699993, 0],
              [115.137156953, -2.96288884099994, 0],
              [115.137151452, -2.96280331799994, 0],
              [115.136986265, -2.96023541199998, 0],
              [115.136841246, -2.95798102999993, 0],
              [115.1351165, -2.95593688699995, 0],
              [115.133535066, -2.95406259399994, 0],
              [115.13349617, -2.95390879699994, 0],
              [115.134657466, -2.95389440199995, 0],
              [115.135121216, -2.95388865399997, 0],
              [115.135121507, -2.95388864999995, 0],
              [115.136169656, -2.95387565799996, 0],
              [115.137001528, -2.95386534699998, 0],
              [115.137390726, -2.95386052199996, 0],
              [115.137647659, -2.95385733699993, 0],
              [115.139127171, -2.95383900899998, 0],
              [115.140135609, -2.95382651399996, 0],
              [115.141141872, -2.95381404099993, 0],
              [115.142137612, -2.95380169699996, 0],
              [115.143931562, -2.95377945699994, 0],
              [115.14970898, -2.95368859799993, 0],
              [115.149525994, -2.95320971599995, 0],
              [115.151934009, -2.95259105499997, 0],
              [115.154484791, -2.95184866299996, 0],
              [115.156302699, -2.95129662899996, 0],
              [115.158967695, -2.95128711099994, 0],
              [115.159456278, -2.95185421599996, 0],
              [115.160029728, -2.95235310899994, 0],
              [115.160553211, -2.95290038499996, 0],
              [115.16099341, -2.95340007299996, 0],
              [115.161106434, -2.95356652499993, 0],
              [115.162125502, -2.95355388999997, 0],
              [115.164146003, -2.95352883999993, 0],
              [115.167902304, -2.95503135999996, 0],
              [115.169561312, -2.95569496299993, 0],
              [115.171864435, -2.95636670899995, 0],
              [115.176059682, -2.95759032199993, 0],
              [115.178379741, -2.95891606899994, 0],
              [115.180948388, -2.96038386699996, 0],
              [115.182693435, -2.96138103699997, 0],
              [115.182776244, -2.96128442599996, 0],
              [115.183612157, -2.96242000599995, 0],
              [115.183855775, -2.96244100799993, 0],
              [115.186545825, -2.96267290799995, 0],
              [115.187673082, -2.96495873799995, 0],
              [115.18768785, -2.96498867799994, 0],
              [115.188366723, -2.96636528499994, 0],
              [115.19010083, -2.96645763599997, 0],
              [115.190914318, -2.96650096099995, 0],
              [115.19234942, -2.96657738599993, 0],
              [115.193269337, -2.96662637699996, 0],
              [115.19381939, -2.96665566899998, 0],
              [115.195120682, -2.96672496699995, 0],
              [115.196890724, -2.96681922499994, 0],
              [115.197195958, -2.96706790599995, 0],
              [115.19756081, -2.96738897799997, 0],
              [115.198179337, -2.96793327999995, 0],
              [115.199797913, -2.96838850399996, 0],
              [115.201214167, -2.96793327999995, 0],
              [115.203085643, -2.96813560099997, 0],
              [115.203845771, -2.96799307699996, 0],
              [115.205513506, -2.96768037699997, 0],
              [115.206019313, -2.96722515299996, 0],
              [115.206857485, -2.96675676099994, 0],
              [115.207707333, -2.96628184599996, 0],
              [115.209812847, -2.96884372699998, 0],
              [115.212088969, -2.96934953299996, 0],
              [115.213707547, -2.97051288299997, 0],
              [115.216185989, -2.96960243599995, 0],
              [115.217414942, -2.96951207199993, 0],
              [115.219625464, -2.96934953299996, 0],
              [115.221395781, -2.96692166899993, 0],
              [115.225678687, -2.96826567799997, 0],
              [115.225691519, -2.96826857399998, 0],
              [115.227441114, -2.96881714499995, 0],
              [115.227480059, -2.96882935599996, 0],
              [115.229320905, -2.96908772199993, 0],
              [115.240781994, -2.97065825999994, 0],
              [115.253943256, -2.97195811699993, 0],
              [115.257401156, -2.97229198299993, 0],
              [115.258166291, -2.97237699799996, 0],
              [115.260519895, -2.97263850999997, 0],
              [115.261648581, -2.97330244399996, 0],
              [115.264054466, -2.97471766899997, 0],
              [115.264942277, -2.97638884399993, 0],
              [115.265232656, -2.97693543799994, 0],
              [115.265313231, -2.97698915499996, 0],
              [115.266249395, -2.97761326599994, 0],
              [115.266688067, -2.97790571299993, 0],
              [115.269029724, -2.97866745799996, 0],
              [115.27071017, -2.97921410899994, 0],
              [115.272440407, -2.97977695599997, 0],
              [115.27299485, -2.98088584099997, 0],
              [115.272717629, -2.98234125199997, 0],
              [115.272786935, -2.98414318999994, 0],
              [115.274727482, -2.98518276999994, 0],
              [115.276737336, -2.98518276999994, 0],
              [115.278801537, -2.98636777399997, 0],
              [115.280479823, -2.98733123399995, 0],
              [115.281380791, -2.98864803499993, 0],
              [115.282034449, -2.99099030699995, 0],
              [115.282219479, -2.99165332799993, 0],
              [115.282906207, -2.99411410999994, 0],
              [115.282893288, -2.99449523299995, 0],
              [115.282861111, -2.99544444399993, 0],
              [115.278025688, -2.99778245099998, 0],
              [115.277805556, -2.99788888899997, 0],
              [115.277894686, -2.99799361599997, 0],
              [115.280027778, -3.0005, 0],
              [115.276345652, -3.00279535199996, 0],
              [115.274643008, -3.00385673999995, 0],
              [115.27428529, -3.00407973299997, 0],
              [115.273611111, -3.0045, 0],
              [115.271277778, -3.00477777799995, 0],
              [115.266333333, -3.00930555599996, 0],
              [115.266502343, -3.00950388399997, 0],
              [115.269055556, -3.0125, 0],
              [115.269000703, -3.01260153099997, 0],
              [115.261972222, -3.02561111099993, 0],
              [115.260361111, -3.02855555599996, 0],
              [115.258916667, -3.02802777799997, 0],
              [115.254861111, -3.02991666699995, 0],
              [115.249, -3.03569444399994, 0],
              [115.245583333, -3.03905555599994, 0],
              [115.244277778, -3.04063888899998, 0],
              [115.244277778, -3.04258333299993, 0],
              [115.243611111, -3.04238888899994, 0],
              [115.238555556, -3.04786111099998, 0],
              [115.234888889, -3.04686111099994, 0],
              [115.233707814, -3.04687543999995, 0],
              [115.232495221, -3.04613149899996, 0],
              [115.230129307, -3.04467998099995, 0],
              [115.229361748, -3.04420906899998, 0],
              [115.229351559, -3.04420281799997, 0],
              [115.228350315, -3.04358853799994, 0],
              [115.22737978, -3.04299310999994, 0],
              [115.226584896, -3.04250544299993, 0],
              [115.225472772, -3.04182314799994, 0],
              [115.222630091, -3.04007915299997, 0],
              [115.221962562, -3.03966961099997, 0],
              [115.221959598, -3.03966779299998, 0],
              [115.221066704, -3.03911999699994, 0],
              [115.220898075, -3.03901654099997, 0],
              [115.219910025, -3.03841036599994, 0],
              [115.219899414, -3.03840699099993, 0],
              [115.219877177, -3.03839991799993, 0],
              [115.219951858, -3.03829762199996, 0],
              [115.21995167, -3.03829751399996, 0],
              [115.218899909, -3.03766008399998, 0],
              [115.218061306, -3.03715183999998, 0],
              [115.217911889, -3.03706128399995, 0],
              [115.217020984, -3.03567543099996, 0],
              [115.216746351, -3.03524822299994, 0],
              [115.215645563, -3.03408268399994, 0],
              [115.215434958, -3.03364908699996, 0],
              [115.214544777, -3.03181635899995, 0],
              [115.214244791, -3.03094140099995, 0],
              [115.213767751, -3.02955003299996, 0],
              [115.213710692, -3.02931466099994, 0],
              [115.213249733, -3.02741321099995, 0],
              [115.212343203, -3.02605341499998, 0],
              [115.211639746, -3.02407094699993, 0],
              [115.211274792, -3.02304243999993, 0],
              [115.210651466, -3.02224596799994, 0],
              [115.210634169, -3.02222386699998, 0],
              [115.210109253, -3.02155313999998, 0],
              [115.208814211, -3.02051710499995, 0],
              [115.208425697, -3.02051710499995, 0],
              [115.208086028, -3.02068693999996, 0],
              [115.207260159, -3.02109987499995, 0],
              [115.207083738, -3.02119023699993, 0],
              [115.204605319, -3.02245966999993, 0],
              [115.204357309, -3.02243105399998, 0],
              [115.202921763, -3.02226541499994, 0],
              [115.201879418, -3.02181869399993, 0],
              [115.201108702, -3.02148838799997, 0],
              [115.200849693, -3.02045235299994, 0],
              [115.200906062, -3.01981352199994, 0],
              [115.20104395, -3.01825077899997, 0],
              [115.201367712, -3.01747375299993, 0],
              [115.201373351, -3.01741735599995, 0],
              [115.201432464, -3.01682623199997, 0],
              [115.200354382, -3.01567859799997, 0],
              [115.200149046, -3.01546001299994, 0],
              [115.199425146, -3.01468940999996, 0],
              [115.194989622, -3.01575782099997, 0],
              [115.194888962, -3.01571308399997, 0],
              [115.194008095, -3.01532158699996, 0],
              [115.193241314, -3.01498079499993, 0],
              [115.191540203, -3.01396874199998, 0],
              [115.190444858, -3.01331707999998, 0],
              [115.189133991, -3.01253719699997, 0],
              [115.188125893, -3.01193744299997, 0],
              [115.183722745, -3.01005962999994, 0],
              [115.181021681, -3.00825425899996, 0],
              [115.177474161, -3.00588311699994, 0],
              [115.175544711, -3.00396089099996, 0],
              [115.174081343, -3.00235475399995, 0],
              [115.173360364, -3.00126258199992, 0],
              [115.172625113, -3.00003478099995, 0],
              [115.172323346, -2.99959039199996, 0],
              [115.171720916, -2.99870323399995, 0],
              [115.171160951, -2.99782322999994, 0],
              [115.170911107, -2.99740384899997, 0],
              [115.170595284, -2.99699375499995, 0],
              [115.168748177, -2.99527403299993, 0],
              [115.165508742, -2.99475261899994, 0],
              [115.165582806, -2.99462008599994, 0],
              [115.1653113, -2.99413375699993, 0]
            ]
          ]
        ]
      }
    },
    {
      "type": "Feature",
      "properties": {
        "kd_propinsi": "63",
        "kd_dati2": "05",
        "kd_kecamatan": "7",
        "nm_kecamatan": "Lokpaikat"
      },
      "geometry": {
        "type": "MultiPolygon",
        "coordinates": [
          [
            [
              [115.234427308, -2.96061589399994, 0],
              [115.231436006, -2.96350748599997, 0],
              [115.227580069, -2.96869481699997, 0],
              [115.227480059, -2.96882935599996, 0],
              [115.227441114, -2.96881714499995, 0],
              [115.225691519, -2.96826857399998, 0],
              [115.225678687, -2.96826567799997, 0],
              [115.221395781, -2.96692166899993, 0],
              [115.219625464, -2.96934953299996, 0],
              [115.217414942, -2.96951207199993, 0],
              [115.216185989, -2.96960243599995, 0],
              [115.213707547, -2.97051288299997, 0],
              [115.212088969, -2.96934953299996, 0],
              [115.209812847, -2.96884372699998, 0],
              [115.207707333, -2.96628184599996, 0],
              [115.206857485, -2.96675676099994, 0],
              [115.206019313, -2.96722515299996, 0],
              [115.205513506, -2.96768037699997, 0],
              [115.203845771, -2.96799307699996, 0],
              [115.203085643, -2.96813560099997, 0],
              [115.201214167, -2.96793327999995, 0],
              [115.199797913, -2.96838850399996, 0],
              [115.198179337, -2.96793327999995, 0],
              [115.19756081, -2.96738897799997, 0],
              [115.197195958, -2.96706790599995, 0],
              [115.196890724, -2.96681922499994, 0],
              [115.195120682, -2.96672496699995, 0],
              [115.19381939, -2.96665566899998, 0],
              [115.193269337, -2.96662637699996, 0],
              [115.19234942, -2.96657738599993, 0],
              [115.190914318, -2.96650096099995, 0],
              [115.19010083, -2.96645763599997, 0],
              [115.188366723, -2.96636528499994, 0],
              [115.18768785, -2.96498867799994, 0],
              [115.187673082, -2.96495873799995, 0],
              [115.186545825, -2.96267290799995, 0],
              [115.183855775, -2.96244100799993, 0],
              [115.183612157, -2.96242000599995, 0],
              [115.182776244, -2.96128442599996, 0],
              [115.184318027, -2.95948567899995, 0],
              [115.18443324, -2.95646691999997, 0],
              [115.183505731, -2.95461190199995, 0],
              [115.1829642, -2.95271654399994, 0],
              [115.182964201, -2.94906505699993, 0],
              [115.1829642, -2.94743661799993, 0],
              [115.183370348, -2.94364590199996, 0],
              [115.183601363, -2.94282084899993, 0],
              [115.184318027, -2.94026133399996, 0],
              [115.180816696, -2.93810666899998, 0],
              [115.180798077, -2.93809521099996, 0],
              [115.180308492, -2.93535353899995, 0],
              [115.180121163, -2.93430449499994, 0],
              [115.178496571, -2.93024301299994, 0],
              [115.177953753, -2.92974954299996, 0],
              [115.177466403, -2.92930649599998, 0],
              [115.177007362, -2.92888918599994, 0],
              [115.176758026, -2.92876451899997, 0],
              [115.17669516, -2.92873308599997, 0],
              [115.176195064, -2.92848303799997, 0],
              [115.175382769, -2.92794150699996, 0],
              [115.173216645, -2.92469232199994, 0],
              [115.172993185, -2.92409642499996, 0],
              [115.172404349, -2.92252619899995, 0],
              [115.172355545, -2.92226307899995, 0],
              [115.172015123, -2.92042776699998, 0],
              [115.172015123, -2.91640859199993, 0],
              [115.171380518, -2.91513937899993, 0],
              [115.171380517, -2.91455848499993, 0],
              [115.172550951, -2.91194576399994, 0],
              [115.173025655, -2.90697150099993, 0],
              [115.17348251, -2.90394482699998, 0],
              [115.170687243, -2.90003435499995, 0],
              [115.168207485, -2.89673579199996, 0],
              [115.166919068, -2.89490488499996, 0],
              [115.165599658, -2.89302993399997, 0],
              [115.16459118, -2.89159683299994, 0],
              [115.163303562, -2.88950762399998, 0],
              [115.162275493, -2.88774521899995, 0],
              [115.161226814, -2.88594748199995, 0],
              [115.160967463, -2.88561128699996, 0],
              [115.160876373, -2.88549320799996, 0],
              [115.159434781, -2.88362447899993, 0],
              [115.155515355, -2.87854373999994, 0],
              [115.152759057, -2.87642223099994, 0],
              [115.152775329, -2.87635171899996, 0],
              [115.153196337, -2.87452735599993, 0],
              [115.153638135, -2.87261289799994, 0],
              [115.154114587, -2.86975421199998, 0],
              [115.154593049, -2.86688342399998, 0],
              [115.154999484, -2.86444479799997, 0],
              [115.155103262, -2.86382213099995, 0],
              [115.155103261, -2.85942674699993, 0],
              [115.154949157, -2.85877180399996, 0],
              [115.153931159, -2.85444531299993, 0],
              [115.153992763, -2.84951480199993, 0],
              [115.153997, -2.84917559799993, 0],
              [115.154560982, -2.84937955999993, 0],
              [115.155497674, -2.84965071599993, 0],
              [115.155988124, -2.84979269199994, 0],
              [115.157238873, -2.85015720599995, 0],
              [115.158726185, -2.85064328399994, 0],
              [115.158815989, -2.85067263299993, 0],
              [115.160608094, -2.85116294999995, 0],
              [115.160641684, -2.85117213999996, 0],
              [115.162823341, -2.85189645199995, 0],
              [115.162861519, -2.85190912699994, 0],
              [115.164498327, -2.85243446299995, 0],
              [115.164645551, -2.85248031299994, 0],
              [115.166027661, -2.85291074399993, 0],
              [115.166511601, -2.85307587899996, 0],
              [115.166789535, -2.85317071799994, 0],
              [115.167033773, -2.85324716899993, 0],
              [115.167354121, -2.85334744399995, 0],
              [115.167731212, -2.85346548099994, 0],
              [115.167859948, -2.85350748999997, 0],
              [115.168634325, -2.85376018199997, 0],
              [115.169601993, -2.85407462199993, 0],
              [115.169704078, -2.85410668199995, 0],
              [115.170876333, -2.85447483599995, 0],
              [115.170889987, -2.85447918499995, 0],
              [115.172605617, -2.85502567499998, 0],
              [115.174043815, -2.85546120699996, 0],
              [115.174636015, -2.85564899899993, 0],
              [115.175732828, -2.85599684299996, 0],
              [115.175883129, -2.85605663499996, 0],
              [115.176009134, -2.85610676199997, 0],
              [115.176149291, -2.85617218399995, 0],
              [115.176301455, -2.85630153399995, 0],
              [115.17647258, -2.85648351399993, 0],
              [115.176691488, -2.85673014499997, 0],
              [115.176836369, -2.85692765199997, 0],
              [115.176981239, -2.85713373499993, 0],
              [115.17716881, -2.85733988699997, 0],
              [115.177305124, -2.85755453399997, 0],
              [115.177698729, -2.85801837099996, 0],
              [115.178106271, -2.85849379399997, 0],
              [115.178667664, -2.85914233699998, 0],
              [115.179095155, -2.85959836299998, 0],
              [115.179255103, -2.85975200799993, 0],
              [115.179675503, -2.86015584299997, 0],
              [115.180215493, -2.86059108799998, 0],
              [115.180583415, -2.86089974999993, 0],
              [115.18077454, -2.86107090799993, 0],
              [115.180870054, -2.86118852199996, 0],
              [115.181213127, -2.86153860199994, 0],
              [115.181563119, -2.86186119599995, 0],
              [115.181924757, -2.86224812899997, 0],
              [115.182200715, -2.86249966799994, 0],
              [115.182397829, -2.86267839399994, 0],
              [115.182562065, -2.86284385299996, 0],
              [115.182706675, -2.86293659299997, 0],
              [115.182844717, -2.86302271499994, 0],
              [115.182962987, -2.86312862899996, 0],
              [115.183061519, -2.86323451299995, 0],
              [115.183153469, -2.86334038499996, 0],
              [115.183479193, -2.86375623599997, 0],
              [115.183928231, -2.86442166099994, 0],
              [115.184161447, -2.86474432999995, 0],
              [115.184463774, -2.86523018099996, 0],
              [115.184668075, -2.86554311599997, 0],
              [115.184710809, -2.86562264699995, 0],
              [115.184747479, -2.86569089199998, 0],
              [115.184774255, -2.86574072399998, 0],
              [115.1848144, -2.86583053599998, 0],
              [115.18486267, -2.86588321799997, 0],
              [115.18489887, -2.86592374199995, 0],
              [115.184959237, -2.86597239599996, 0],
              [115.184999448, -2.86602506599996, 0],
              [115.185015522, -2.86605341799998, 0],
              [115.185047673, -2.86610607499995, 0],
              [115.185075816, -2.86614658499997, 0],
              [115.18512809, -2.86621545999998, 0],
              [115.185164252, -2.86628026299997, 0],
              [115.185278713, -2.86641107399993, 0],
              [115.185397876, -2.86655971999994, 0],
              [115.185419408, -2.86660586599993, 0],
              [115.185423266, -2.86664723799993, 0],
              [115.185413379, -2.86669843799996, 0],
              [115.185401551, -2.86673584499994, 0],
              [115.185395607, -2.86677326299997, 0],
              [115.185399465, -2.86681463499997, 0],
              [115.185417075, -2.86684223999993, 0],
              [115.185466025, -2.86689747299994, 0],
              [115.185515011, -2.86692906799993, 0],
              [115.18568988, -2.86704143499998, 0],
              [115.185778112, -2.86711762899995, 0],
              [115.185872645, -2.86720016999993, 0],
              [115.185935645, -2.86726998599994, 0],
              [115.185979691, -2.86735244699997, 0],
              [115.186011147, -2.86741587499995, 0],
              [115.186048913, -2.86747931299993, 0],
              [115.18610759, -2.86762512199994, 0],
              [115.186164969, -2.86772744899997, 0],
              [115.186191435, -2.86778527499996, 0],
              [115.18624887, -2.86785204199992, 0],
              [115.186306319, -2.86790991799995, 0],
              [115.186368201, -2.86796335599996, 0],
              [115.186403554, -2.86799897199995, 0],
              [115.186443307, -2.86805237599998, 0],
              [115.186474219, -2.86809687499994, 0],
              [115.186496293, -2.86813246999998, 0],
              [115.186531619, -2.86818586499993, 0],
              [115.186580244, -2.86822594799997, 0],
              [115.186642168, -2.86825271699996, 0],
              [115.186690791, -2.86829279899996, 0],
              [115.186751527, -2.86834361799993, 0],
              [115.186795968, -2.86841079099997, 0],
              [115.186806998, -2.86847791099996, 0],
              [115.186806901, -2.86853942199997, 0],
              [115.186812565, -2.86856617199993, 0],
              [115.186823484, -2.86861773499993, 0],
              [115.186840081, -2.86868486399993, 0],
              [115.186865827, -2.86874198599998, 0],
              [115.186867826, -2.86874641999998, 0],
              [115.186895579, -2.86880238199996, 0],
              [115.186917791, -2.86884156099995, 0],
              [115.186934415, -2.86889191499995, 0],
              [115.186956556, -2.86897582899997, 0],
              [115.186973198, -2.86901499899994, 0],
              [115.187012098, -2.86906538799997, 0],
              [115.18707326, -2.86912140399994, 0],
              [115.187123285, -2.86917740199993, 0],
              [115.187222961, -2.86936092999997, 0],
              [115.187294353, -2.86951599199995, 0],
              [115.187365848, -2.86960464699996, 0],
              [115.18745943, -2.86966566899997, 0],
              [115.18758058, -2.86971566599993, 0],
              [115.18775681, -2.86978235299995, 0],
              [115.187872416, -2.86985447699993, 0],
              [115.187993496, -2.86994874599998, 0],
              [115.188076029, -2.87002635099998, 0],
              [115.188202612, -2.87012616199996, 0],
              [115.188301678, -2.87020379299997, 0],
              [115.188340217, -2.87022599099993, 0],
              [115.188444835, -2.87027596199994, 0],
              [115.18858251, -2.87033151899993, 0],
              [115.18866513, -2.87035378599995, 0],
              [115.188723279, -2.87036117899993, 0],
              [115.18875328, -2.87036499399994, 0],
              [115.188841456, -2.87035960099996, 0],
              [115.188924137, -2.87034313099997, 0],
              [115.18917215, -2.87021817899995, 0],
              [115.189348971, -2.87018108899997, 0],
              [115.189435664, -2.87016290399993, 0],
              [115.189712988, -2.87014246099994, 0],
              [115.189941751, -2.87014282499996, 0],
              [115.190121914, -2.87019184399998, 0],
              [115.190179396, -2.87019946599997, 0],
              [115.190281324, -2.87021298199994, 0],
              [115.190447643, -2.87024805599998, 0],
              [115.190697203, -2.87024845299993, 0],
              [115.190842847, -2.87020691399994, 0],
              [115.191021827, -2.87014924699997, 0],
              [115.191039682, -2.87014349399993, 0],
              [115.191057856, -2.87013763799996, 0],
              [115.191228517, -2.87009786599998, 0],
              [115.191524947, -2.87015088599998, 0],
              [115.191856193, -2.87024774999998, 0],
              [115.192108934, -2.87035324899995, 0],
              [115.192265816, -2.87041480499994, 0],
              [115.192518518, -2.87054657699997, 0],
              [115.192588148, -2.87063426799995, 0],
              [115.192701329, -2.87075705999996, 0],
              [115.192858154, -2.87085364799998, 0],
              [115.193049112, -2.87094944799998, 0],
              [115.19320015, -2.87099304399993, 0],
              [115.193351255, -2.87099328399995, 0],
              [115.193458327, -2.87099345399997, 0],
              [115.193474984, -2.87099347999993, 0],
              [115.19357, -2.87098, 0],
              [115.19365498, -2.87098717499993, 0],
              [115.193754216, -2.87098850499996, 0],
              [115.19397186, -2.87099968999996, 0],
              [115.194112139, -2.87102159099993, 0],
              [115.194327952, -2.87105445099996, 0],
              [115.194430479, -2.87106003299994, 0],
              [115.194543835, -2.87104395399996, 0],
              [115.194560799, -2.87103830499996, 0],
              [115.194624826, -2.87101698499993, 0],
              [115.194791764, -2.87093882099993, 0],
              [115.194939461, -2.87088167499996, 0],
              [115.195125197, -2.87085806099998, 0],
              [115.195272844, -2.87083438599996, 0],
              [115.195382426, -2.87079152399997, 0],
              [115.19548253, -2.87071995599996, 0],
              [115.195577852, -2.87066272599998, 0],
              [115.195760418, -2.87052893399994, 0],
              [115.195921703, -2.87033148299997, 0],
              [115.196069029, -2.87015029899993, 0],
              [115.196165854, -2.87002388099995, 0],
              [115.196287888, -2.86989750399994, 0],
              [115.196388834, -2.86982172099994, 0],
              [115.196540208, -2.86973757999994, 0],
              [115.196657922, -2.86968713799996, 0],
              [115.196851234, -2.86964947299992, 0],
              [115.196968704, -2.86960637799996, 0],
              [115.197131946, -2.86951357399994, 0],
              [115.197147377, -2.86950495699995, 0],
              [115.197291478, -2.86942448599996, 0],
              [115.197380497, -2.86938740199997, 0],
              [115.197488017, -2.86937268199995, 0],
              [115.19755102, -2.86938022699997, 0],
              [115.197606579, -2.86940637199996, 0],
              [115.197695508, -2.86942884899997, 0],
              [115.197751092, -2.86944010399998, 0],
              [115.197836323, -2.86945512899996, 0],
              [115.19791044, -2.86946641399993, 0],
              [115.198014172, -2.86950380299993, 0],
              [115.198084542, -2.86954113999997, 0],
              [115.198177117, -2.86960084699996, 0],
              [115.198225241, -2.86964187099994, 0],
              [115.198363108, -2.86971866399995, 0],
              [115.19845996, -2.86975589299993, 0],
              [115.198556834, -2.86977921799996, 0],
              [115.198667553, -2.86980256599998, 0],
              [115.198792087, -2.86984447299994, 0],
              [115.198925837, -2.86989566299997, 0],
              [115.19902269, -2.86993289199995, 0],
              [115.199082593, -2.86998859999994, 0],
              [115.199137905, -2.87003039699994, 0],
              [115.199183952, -2.87009535199996, 0],
              [115.199257695, -2.87015571599994, 0],
              [115.199359125, -2.87021612399997, 0],
              [115.199465187, -2.87026726899995, 0],
              [115.199557438, -2.87029522199993, 0],
              [115.199774238, -2.87035581299995, 0],
              [115.199837063, -2.87035591199998, 0],
              [115.19988038, -2.87035598099993, 0],
              [115.200069636, -2.87032383899998, 0],
              [115.200180406, -2.87031474499997, 0],
              [115.200291103, -2.87035199599995, 0],
              [115.200447895, -2.87042175999994, 0],
              [115.200530889, -2.87046823599997, 0],
              [115.200663905, -2.87057582299997, 0],
              [115.200775873, -2.87066284799994, 0],
              [115.200884694, -2.87071448599994, 0],
              [115.201006296, -2.87078544299993, 0],
              [115.20110235, -2.87080811199996, 0],
              [115.201230429, -2.87083404699996, 0],
              [115.20133925, -2.87088568399997, 0],
              [115.201432036, -2.87095016299998, 0],
              [115.201492842, -2.87098242499997, 0],
              [115.201585211, -2.87102697999995, 0],
              [115.201628958, -2.87105040799997, 0],
              [115.201686559, -2.87108125499998, 0],
              [115.201690176, -2.87108329699993, 0],
              [115.201765732, -2.87112594499996, 0],
              [115.201854878, -2.87118839899995, 0],
              [115.201908135, -2.87123258599996, 0],
              [115.201964539, -2.87127047599995, 0],
              [115.202030396, -2.87128003099997, 0],
              [115.202115092, -2.87128016499997, 0],
              [115.202152778, -2.87125187299995, 0],
              [115.202181083, -2.87120466599993, 0],
              [115.202206242, -2.87116375299996, 0],
              [115.202231372, -2.87114174099997, 0],
              [115.202360006, -2.87112619399994, 0],
              [115.202460349, -2.87114840299995, 0],
              [115.202513638, -2.87117368899993, 0],
              [115.202563772, -2.87120842099995, 0],
              [115.202617014, -2.87126205799996, 0],
              [115.202667114, -2.87131883999996, 0],
              [115.202757966, -2.87139458699994, 0],
              [115.202839478, -2.87142306699997, 0],
              [115.202917884, -2.87143264199995, 0],
              [115.203030796, -2.87144227099998, 0],
              [115.203146859, -2.87144245399998, 0],
              [115.203291175, -2.87141025199998, 0],
              [115.203421619, -2.87136993199994, 0],
              [115.203465127, -2.87133882499995, 0],
              [115.203490034, -2.87129210299997, 0],
              [115.203508717, -2.87125472299994, 0],
              [115.203527373, -2.87123604699997, 0],
              [115.203580155, -2.87122989599993, 0],
              [115.203626708, -2.87123620399996, 0],
              [115.203695983, -2.87125661399995, 0],
              [115.203701179, -2.87125814499996, 0],
              [115.203753917, -2.87128004999994, 0],
              [115.203834569, -2.87131758699997, 0],
              [115.203905917, -2.87134887399998, 0],
              [115.203986021, -2.87140233999998, 0],
              [115.204095561, -2.87141351499997, 0],
              [115.204169509, -2.87141638199995, 0],
              [115.204246203, -2.87141375299996, 0],
              [115.204325679, -2.87138362199994, 0],
              [115.204391458, -2.87135621999994, 0],
              [115.204468157, -2.87135083899995, 0],
              [115.204520189, -2.87135642299995, 0],
              [115.204580407, -2.87138127299994, 0],
              [115.204635138, -2.87141161599993, 0],
              [115.204687105, -2.87145845799995, 0],
              [115.204752779, -2.87149706999998, 0],
              [115.204844754, -2.87152464199994, 0],
              [115.204982945, -2.87155480299998, 0],
              [115.205096773, -2.87156314799995, 0],
              [115.205210614, -2.87156332799998, 0],
              [115.205319036, -2.87156349899993, 0],
              [115.205446421, -2.87156914499997, 0],
              [115.205552109, -2.87158292099997, 0],
              [115.205762769, -2.871618, 0],
              [115.205845152, -2.87163171799995, 0],
              [115.206112248, -2.87170333199993, 0],
              [115.206390241, -2.87178043999995, 0],
              [115.206591917, -2.87184099899997, 0],
              [115.206793626, -2.87187965199996, 0],
              [115.207029704, -2.87192820399997, 0],
              [115.20714823, -2.87195143599996, 0],
              [115.207308871, -2.87194784899998, 0],
              [115.207503943, -2.87193663399995, 0],
              [115.207790777, -2.87194476799994, 0],
              [115.207829608, -2.87194817199998, 0],
              [115.20792462, -2.87195650099994, 0],
              [115.208127258, -2.87199906999996, 0],
              [115.208249556, -2.87205687499994, 0],
              [115.208511034, -2.87214857999993, 0],
              [115.208726773, -2.87223021299997, 0],
              [115.208883148, -2.87231175299996, 0],
              [115.209001771, -2.87237697399996, 0],
              [115.209114957, -2.87246928499997, 0],
              [115.209249736, -2.87255620999997, 0],
              [115.209341337, -2.87264848699994, 0],
              [115.209405993, -2.87271362399997, 0],
              [115.209459859, -2.87277874299997, 0],
              [115.209529847, -2.87288724399997, 0],
              [115.209583702, -2.87295778299995, 0],
              [115.209626782, -2.87301746599997, 0],
              [115.209729125, -2.87314227799993, 0],
              [115.20978836, -2.87322366399997, 0],
              [115.209894857, -2.87330030999993, 0],
              [115.209901563, -2.87330513599994, 0],
              [115.210025592, -2.87336494599998, 0],
              [115.210295263, -2.87346834299996, 0],
              [115.210413946, -2.87349562699995, 0],
              [115.210689091, -2.87355025599993, 0],
              [115.210845576, -2.87356134199996, 0],
              [115.211159016, -2.87358892999993, 0],
              [115.211355824, -2.87363696599994, 0],
              [115.211520836, -2.87365794299996, 0],
              [115.211573033, -2.87366457899998, 0],
              [115.211681586, -2.87371247599998, 0],
              [115.211803662, -2.87379448299993, 0],
              [115.211918939, -2.87388329799995, 0],
              [115.212268273, -2.87416252199995, 0],
              [115.212387672, -2.87427421299998, 0],
              [115.21244534, -2.87433914399998, 0],
              [115.212461707, -2.87435757199995, 0],
              [115.212532612, -2.87443740699996, 0],
              [115.212677621, -2.87455771599997, 0],
              [115.212848211, -2.87470379599995, 0],
              [115.212984744, -2.87478120499998, 0],
              [115.213155455, -2.87485009099993, 0],
              [115.213334721, -2.87491041299995, 0],
              [115.213479888, -2.87492779499996, 0],
              [115.213607988, -2.87493657399995, 0],
              [115.213941029, -2.87497140599993, 0],
              [115.214123994, -2.87497951699993, 0],
              [115.214287818, -2.87499038999994, 0],
              [115.214406996, -2.87499940399994, 0],
              [115.214514451, -2.87502563099997, 0],
              [115.214603408, -2.87502949399993, 0],
              [115.214703485, -2.87503337299995, 0],
              [115.214811016, -2.87501120699994, 0],
              [115.214925948, -2.87499649799997, 0],
              [115.215059415, -2.87498181699993, 0],
              [115.215297645, -2.87499650599995, 0],
              [115.215479443, -2.87503893799993, 0],
              [115.215595965, -2.87507658599998, 0],
              [115.215735767, -2.87513768399998, 0],
              [115.21581964, -2.87517996299994, 0],
              [115.215912824, -2.87523162299993, 0],
              [115.216071278, -2.87529275099996, 0],
              [115.216127236, -2.87529283899994, 0],
              [115.216201863, -2.87528358999998, 0],
              [115.216276655, -2.87525044999995, 0],
              [115.216303733, -2.87523134499998, 0],
              [115.216327803, -2.87521486099996, 0],
              [115.216379699, -2.87520858699998, 0],
              [115.216422705, -2.87522263499994, 0],
              [115.216463175, -2.87523921999997, 0],
              [115.216508727, -2.87524437499997, 0],
              [115.216547959, -2.87524316599996, 0],
              [115.216593544, -2.87522544499996, 0],
              [115.21664419, -2.87521027399993, 0],
              [115.216701139, -2.87520909199998, 0],
              [115.216760598, -2.87522189499993, 0],
              [115.216872748, -2.87527347799994, 0],
              [115.216997032, -2.87531340599998, 0],
              [115.217095887, -2.87535045499993, 0],
              [115.217160841, -2.87537893799993, 0],
              [115.217254097, -2.87538192199997, 0],
              [115.21734736, -2.87537922999997, 0],
              [115.217409573, -2.87535378599995, 0],
              [115.217454851, -2.87531412399994, 0],
              [115.217500173, -2.87524608299998, 0],
              [115.217523401, -2.87505734399997, 0],
              [115.217554085, -2.87488430999997, 0],
              [115.217605014, -2.87473166999996, 0],
              [115.217711685, -2.87458929899998, 0],
              [115.217813257, -2.87446728299994, 0],
              [115.217940112, -2.87438603099997, 0],
              [115.218041558, -2.87434546499998, 0],
              [115.218122123, -2.87432248499994, 0],
              [115.218183557, -2.87430496199994, 0],
              [115.218408506, -2.87421746099994, 0],
              [115.218537408, -2.87411710099997, 0],
              [115.21863056, -2.87400950099993, 0],
              [115.218723746, -2.87388035299995, 0],
              [115.21880258, -2.87377991299996, 0],
              [115.218910014, -2.87368670199993, 0],
              [115.219017471, -2.87357912499994, 0],
              [115.219132013, -2.87351465799998, 0],
              [115.219246523, -2.87347173899997, 0],
              [115.219389587, -2.87346477999995, 0],
              [115.21953264, -2.87346500399997, 0],
              [115.219825942, -2.87343673099997, 0],
              [115.219926112, -2.87341533899996, 0],
              [115.220062125, -2.87334372199996, 0],
              [115.220169537, -2.87326487699994, 0],
              [115.220455875, -2.87311448099996, 0],
              [115.220835145, -2.87300014699997, 0],
              [115.220999688, -2.87297885399994, 0],
              [115.221142752, -2.87297189499998, 0],
              [115.221329966, -2.87299924799993, 0],
              [115.221327563, -2.87290894699993, 0],
              [115.221334832, -2.87282296399997, 0],
              [115.221367049, -2.87275493499993, 0],
              [115.221420678, -2.87268335599993, 0],
              [115.22146007, -2.87259025599997, 0],
              [115.221474481, -2.87250070099998, 0],
              [115.221474509, -2.87248291899994, 0],
              [115.221474614, -2.87241470599997, 0],
              [115.221435494, -2.87233223299995, 0],
              [115.221392762, -2.87227841999993, 0],
              [115.221335797, -2.87219950099996, 0],
              [115.221335914, -2.87212425599995, 0],
              [115.221361005, -2.87204904999993, 0],
              [115.221406627, -2.87196743399994, 0],
              [115.221411201, -2.87190449599996, 0],
              [115.221402351, -2.87183704099994, 0],
              [115.221380035, -2.87179204499995, 0],
              [115.221366708, -2.87172458299995, 0],
              [115.221380257, -2.87164817099995, 0],
              [115.221425126, -2.87158529599998, 0],
              [115.221538749, -2.87143958099995, 0],
              [115.221550151, -2.87133240699995, 0],
              [115.221522211, -2.87123645499997, 0],
              [115.221511132, -2.87113488699993, 0],
              [115.221584372, -2.87099960199993, 0],
              [115.221674413, -2.87089819299996, 0],
              [115.221775576, -2.87087014199994, 0],
              [115.221910402, -2.87087035299993, 0],
              [115.22240604, -2.87091713199993, 0],
              [115.222610466, -2.87091745199996, 0],
              [115.222829119, -2.87083284399995, 0],
              [115.223026636, -2.87074112399995, 0],
              [115.223139598, -2.87062803399994, 0],
              [115.223203182, -2.87053610399994, 0],
              [115.22327376, -2.87047958099993, 0],
              [115.223457049, -2.87047278799997, 0],
              [115.223682576, -2.87050145699993, 0],
              [115.223795319, -2.87052994899995, 0],
              [115.223922137, -2.87057262299993, 0],
              [115.224034814, -2.87064358999993, 0],
              [115.224182769, -2.87069337499997, 0],
              [115.224302549, -2.87072895799997, 0],
              [115.224464624, -2.87076460599997, 0],
              [115.224718359, -2.87078623999997, 0],
              [115.224852304, -2.87077936999998, 0],
              [115.225007451, -2.87073713699994, 0],
              [115.22509215, -2.87066647799998, 0],
              [115.225134586, -2.87057451499993, 0],
              [115.22513475, -2.87046832799996, 0],
              [115.22507623, -2.87032824899995, 0],
              [115.225095043, -2.87018512499998, 0],
              [115.225163496, -2.87000473399996, 0],
              [115.225269153, -2.86981195299995, 0],
              [115.225460804, -2.86957353999998, 0],
              [115.225491446, -2.86949389899996, 0],
              [115.225497721, -2.86938357099996, 0],
              [115.225473474, -2.86927319499995, 0],
              [115.225430974, -2.86912601099994, 0],
              [115.225406804, -2.86896659599995, 0],
              [115.225407022, -2.86882560799995, 0],
              [115.225419391, -2.86872141999993, 0],
              [115.225480571, -2.86862956599993, 0],
              [115.225553884, -2.86858677099997, 0],
              [115.22567759, -2.86856834599996, 0],
              [115.225731833, -2.86847787299996, 0],
              [115.225719913, -2.86841144599993, 0],
              [115.225689938, -2.86835706499994, 0],
              [115.225666032, -2.86826646999998, 0],
              [115.225690236, -2.86816387599993, 0],
              [115.225804577, -2.86808557099994, 0],
              [115.225942888, -2.86805560099998, 0],
              [115.22611726, -2.86803172399993, 0],
              [115.226225561, -2.86797152099996, 0],
              [115.226425467, -2.86790896499997, 0],
              [115.226718009, -2.86800273099993, 0],
              [115.226910842, -2.86794560999994, 0],
              [115.227146341, -2.86799621999995, 0],
              [115.227388847, -2.86813297399993, 0],
              [115.227759948, -2.86820532899998, 0],
              [115.228059895, -2.86812684099994, 0],
              [115.228295538, -2.86808414199993, 0],
              [115.228616658, -2.86816359599993, 0],
              [115.229093655, -2.86807820599995, 0],
              [115.229759816, -2.86815580399997, 0],
              [115.230730739, -2.86811903199993, 0],
              [115.23168, -2.86832, 0],
              [115.231527997, -2.86960127199995, 0],
              [115.23152, -2.87197, 0],
              [115.231782256, -2.87277808099998, 0],
              [115.23216989, -2.87344431799994, 0],
              [115.236257136, -2.88046918399994, 0],
              [115.237397055, -2.88242839399993, 0],
              [115.23823, -2.88386, 0],
              [115.24264, -2.88966, 0],
              [115.243723041, -2.88980946399994, 0],
              [115.244499996, -2.88991668599994, 0],
              [115.244500024, -2.88897225799997, 0],
              [115.246527776, -2.88897224399995, 0],
              [115.246527772, -2.89002780099997, 0],
              [115.247111128, -2.89002780599998, 0],
              [115.247111089, -2.89127780199993, 0],
              [115.247638848, -2.89127780899997, 0],
              [115.247638846, -2.89189847899996, 0],
              [115.247638844, -2.89233338399993, 0],
              [115.248027743, -2.89233335199998, 0],
              [115.24802775, -2.89240593799997, 0],
              [115.248027806, -2.89294446799994, 0],
              [115.248388898, -2.89294448099997, 0],
              [115.248388879, -2.89366663699997, 0],
              [115.248927794, -2.89366666099994, 0],
              [115.248927768, -2.89766388399994, 0],
              [115.250663881, -2.89765998699994, 0],
              [115.250655018, -2.90027871199993, 0],
              [115.253525961, -2.90498255699993, 0],
              [115.255638889, -2.90844444399994, 0],
              [115.256186134, -2.90938031299993, 0],
              [115.257555556, -2.91172222199998, 0],
              [115.259611111, -2.91516666699994, 0],
              [115.261278835, -2.91796134899994, 0],
              [115.2617244, -2.91870800199996, 0],
              [115.263619282, -2.92059187099994, 0],
              [115.265996857, -2.93028053699993, 0],
              [115.280877335, -2.92771643999993, 0],
              [115.281636379, -2.92758564699994, 0],
              [115.282495027, -2.92972004399996, 0],
              [115.282508489, -2.92975350699993, 0],
              [115.281137612, -2.93155729299997, 0],
              [115.279766608, -2.93232189299994, 0],
              [115.277632993, -2.93351179199993, 0],
              [115.276454027, -2.93463030099997, 0],
              [115.275244687, -2.93577762199993, 0],
              [115.275244645, -2.93577765999993, 0],
              [115.275004526, -2.93600546499994, 0],
              [115.273935321, -2.93705285199997, 0],
              [115.271702096, -2.93924049899994, 0],
              [115.269169049, -2.94256716499996, 0],
              [115.263111864, -2.94270912999997, 0],
              [115.262694746, -2.94271890599993, 0],
              [115.262138361, -2.94221310299997, 0],
              [115.260873849, -2.94150497499993, 0],
              [115.260260731, -2.94143530199995, 0],
              [115.259545583, -2.94135403499996, 0],
              [115.258648307, -2.94125207199994, 0],
              [115.256722432, -2.94125207199994, 0],
              [115.255967542, -2.94125207199994, 0],
              [115.255418593, -2.94128519799995, 0],
              [115.253888356, -2.94137753999996, 0],
              [115.250100205, -2.94160613599996, 0],
              [115.248178147, -2.94226368199998, 0],
              [115.245814644, -2.94541501999993, 0],
              [115.245295059, -2.94610779899995, 0],
              [115.245309635, -2.94612723299997, 0],
              [115.245446802, -2.94631012199994, 0],
              [115.245472092, -2.95124171899994, 0],
              [115.242987929, -2.95332368799996, 0],
              [115.242986564, -2.95332483699997, 0],
              [115.240161141, -2.95569280099994, 0],
              [115.238258407, -2.95732492799994, 0],
              [115.235086492, -2.96004964599996, 0],
              [115.234427308, -2.96061589399994, 0]
            ]
          ]
        ]
      }
    },
    {
      "type": "Feature",
      "properties": {
        "kd_propinsi": "63",
        "kd_dati2": "05",
        "kd_kecamatan": "5",
        "nm_kecamatan": "Candi Laras Utara"
      },
      "geometry": {
        "type": "MultiPolygon",
        "coordinates": [
          [
            [
              [114.849528169, -2.99542369099993, 0],
              [114.847622367, -2.99539281399996, 0],
              [114.826600746, -2.99505192499993, 0],
              [114.826626208, -2.99283171999997, 0],
              [114.815063106, -2.99221592899994, 0],
              [114.814933, -2.992209, 0],
              [114.815122856, -2.99166176699993, 0],
              [114.815200017, -2.99078246199997, 0],
              [114.815162611, -2.99045381099995, 0],
              [114.815070338, -2.98964310199995, 0],
              [114.814834366, -2.98937519599997, 0],
              [114.814654208, -2.98917065799998, 0],
              [114.813846058, -2.98751428399993, 0],
              [114.813513684, -2.98683305599997, 0],
              [114.813277405, -2.98634878199994, 0],
              [114.812605999, -2.98503657199996, 0],
              [114.811545459, -2.98397671699996, 0],
              [114.810412532, -2.98249689399995, 0],
              [114.810295682, -2.98234426599993, 0],
              [114.810016574, -2.98197969599994, 0],
              [114.809119319, -2.98080770599995, 0],
              [114.80720435, -2.97784765199998, 0],
              [114.806945795, -2.97770973299993, 0],
              [114.806427761, -2.97743340099993, 0],
              [114.806326137, -2.97737919199994, 0],
              [114.805724147, -2.97705807599994, 0],
              [114.808142828, -2.97525853299993, 0],
              [114.809060038, -2.97465910499994, 0],
              [114.8091322, -2.97461194499994, 0],
              [114.809286404, -2.97451116799994, 0],
              [114.80938, -2.97445, 0],
              [114.809376405, -2.97444715299997, 0],
              [114.808692904, -2.97390587799993, 0],
              [114.80868579, -2.97389862299997, 0],
              [114.808678675, -2.97389136599998, 0],
              [114.808127537, -2.97332927699995, 0],
              [114.80805507, -2.97325055199997, 0],
              [114.807860178, -2.97303882399996, 0],
              [114.807251099, -2.97237713199996, 0],
              [114.806868662, -2.97196165799994, 0],
              [114.806744281, -2.97186044999995, 0],
              [114.806621774, -2.97176076599993, 0],
              [114.80643437, -2.97160827599993, 0],
              [114.806298923, -2.97149806299996, 0],
              [114.806097974, -2.97133454999994, 0],
              [114.805992022, -2.97124833699996, 0],
              [114.805743001, -2.97104570899995, 0],
              [114.805416123, -2.97069309799997, 0],
              [114.804884934, -2.96981511599995, 0],
              [114.804862353, -2.96970798599995, 0],
              [114.8048319, -2.96956351099993, 0],
              [114.804640919, -2.96865745499997, 0],
              [114.80437527, -2.96812382499996, 0],
              [114.803132175, -2.96562671999993, 0],
              [114.801038537, -2.96142106099995, 0],
              [114.800669554, -2.96067985399998, 0],
              [114.799881944, -2.95909771299995, 0],
              [114.799870844, -2.95906024499993, 0],
              [114.799598522, -2.958141, 0],
              [114.799459871, -2.95767297299994, 0],
              [114.799315148, -2.95718445099993, 0],
              [114.799158164, -2.95675838699998, 0],
              [114.799918479, -2.95567532099994, 0],
              [114.801601178, -2.95272532099995, 0],
              [114.801604804, -2.95271896399993, 0],
              [114.801714886, -2.95252597499996, 0],
              [114.801729954, -2.95249955799994, 0],
              [114.802285099, -2.95152630599995, 0],
              [114.802997456, -2.95027743399993, 0],
              [114.803412777, -2.94954930899996, 0],
              [114.803537204, -2.94933116699997, 0],
              [114.803727834, -2.94899695999993, 0],
              [114.803804939, -2.94886178099995, 0],
              [114.80459531, -2.94747612399993, 0],
              [114.80693584, -2.94321320499995, 0],
              [114.809865574, -2.93585305999994, 0],
              [114.809998284, -2.93551004699998, 0],
              [114.810798668, -2.93344130399993, 0],
              [114.811110595, -2.93263506699998, 0],
              [114.813305728, -2.93213311399995, 0],
              [114.815708861, -2.92708093099998, 0],
              [114.818493227, -2.92115218199996, 0],
              [114.818874124, -2.92034113899996, 0],
              [114.81889546, -2.92029512599993, 0],
              [114.820284452, -2.91729966199995, 0],
              [114.820561322, -2.91670257099997, 0],
              [114.821872336, -2.91376218399995, 0],
              [114.822592, -2.914422, 0],
              [114.823084536, -2.91373074899997, 0],
              [114.823519, -2.913121, 0],
              [114.822801399, -2.91301819999995, 0],
              [114.8228, -2.913018, 0],
              [114.822033, -2.913069, 0],
              [114.822423, -2.912294, 0],
              [114.822538343, -2.91195364599997, 0],
              [114.822690489, -2.91161128999994, 0],
              [114.823054, -2.91082, 0],
              [114.823657, -2.909481, 0],
              [114.823901735, -2.90883359999998, 0],
              [114.824093, -2.908459, 0],
              [114.824168297, -2.90823045999997, 0],
              [114.824362461, -2.90776934299993, 0],
              [114.824611, -2.907189, 0],
              [114.82523, -2.905727, 0],
              [114.825805139, -2.90438914799995, 0],
              [114.826068, -2.904437, 0],
              [114.826567404, -2.90448498299998, 0],
              [114.826611015, -2.90448917299995, 0],
              [114.826867954, -2.90448966999998, 0],
              [114.827068, -2.904368, 0],
              [114.82715, -2.903702, 0],
              [114.827155492, -2.90315246199998, 0],
              [114.827168, -2.901901, 0],
              [114.827271835, -2.90146338999995, 0],
              [114.827608, -2.900621, 0],
              [114.827900745, -2.89990889999996, 0],
              [114.82827, -2.899079, 0],
              [114.829062, -2.897533, 0],
              [114.82945397, -2.89663463999995, 0],
              [114.829463941, -2.89645665999996, 0],
              [114.829712, -2.895963, 0],
              [114.830625, -2.894229, 0],
              [114.831246, -2.891831, 0],
              [114.831665, -2.890143, 0],
              [114.832308, -2.888688, 0],
              [114.833066, -2.886937, 0],
              [114.833923, -2.884638, 0],
              [114.834835, -2.882082, 0],
              [114.835401, -2.880616, 0],
              [114.835991, -2.87912, 0],
              [114.836209, -2.878587, 0],
              [114.836541, -2.877737, 0],
              [114.83685, -2.876928, 0],
              [114.83712, -2.876095, 0],
              [114.83743, -2.875189, 0],
              [114.837749, -2.874278, 0],
              [114.838018, -2.873552, 0],
              [114.838278, -2.8729, 0],
              [114.838456, -2.872418, 0],
              [114.838533, -2.872103, 0],
              [114.838586, -2.871925, 0],
              [114.838863, -2.871513, 0],
              [114.839388, -2.870051, 0],
              [114.839419455, -2.86996860699998, 0],
              [114.837175217, -2.86501167499995, 0],
              [114.832795711, -2.85533849799998, 0],
              [114.831606174, -2.85271112299995, 0],
              [114.827808018, -2.84383165399993, 0],
              [114.824534024, -2.83617759199996, 0],
              [114.822761061, -2.83203269499995, 0],
              [114.822630033, -2.83172637199994, 0],
              [114.820111694, -2.82583890699993, 0],
              [114.816179172, -2.81717497299997, 0],
              [114.816178942, -2.81717446399995, 0],
              [114.816178711, -2.81717395399994, 0],
              [114.811458329, -2.80677424999993, 0],
              [114.80965861, -2.79759478099993, 0],
              [114.809318089, -2.79451947399997, 0],
              [114.808281678, -2.78515945599997, 0],
              [114.807923468, -2.78192439599997, 0],
              [114.807644538, -2.77937911499993, 0],
              [114.806051297, -2.76484051099993, 0],
              [114.804784239, -2.75327838599998, 0],
              [114.804725871, -2.75241503799998, 0],
              [114.804566015, -2.75005054099995, 0],
              [114.804537305, -2.74845310899997, 0],
              [114.804535886, -2.74837413599994, 0],
              [114.804510933, -2.74698572699998, 0],
              [114.804489195, -2.74637996199994, 0],
              [114.804482812, -2.74620210499995, 0],
              [114.804438905, -2.74497854499998, 0],
              [114.804429977, -2.74472974499997, 0],
              [114.804399326, -2.74387558999996, 0],
              [114.804391001, -2.74364358099996, 0],
              [114.804384403, -2.74345971799994, 0],
              [114.804377867, -2.74327758499993, 0],
              [114.804373047, -2.74314326899997, 0],
              [114.804352812, -2.74257939299997, 0],
              [114.804342225, -2.74228438099993, 0],
              [114.804386328, -2.74210242099997, 0],
              [114.804540473, -2.74146644299998, 0],
              [114.804614857, -2.74115954499996, 0],
              [114.805241207, -2.73857532899996, 0],
              [114.805729948, -2.73655886499995, 0],
              [114.80672223, -2.73246487399996, 0],
              [114.807376374, -2.72976598399993, 0],
              [114.80792159, -2.72751651099998, 0],
              [114.808175992, -2.72646688999993, 0],
              [114.808348587, -2.72575479299997, 0],
              [114.809370484, -2.72153861299995, 0],
              [114.810363117, -2.71744317299994, 0],
              [114.810490681, -2.71695078699997, 0],
              [114.811289075, -2.71386905699995, 0],
              [114.813595983, -2.70496460099997, 0],
              [114.81475328, -2.70049754099995, 0],
              [114.815320115, -2.69830960799993, 0],
              [114.815320393, -2.69830853699995, 0],
              [114.815330128, -2.69827095899996, 0],
              [114.815958638, -2.69584496899995, 0],
              [114.817025557, -2.69172675899995, 0],
              [114.817456715, -2.69006252899993, 0],
              [114.817660054, -2.68927765699993, 0],
              [114.818529013, -2.68592355399994, 0],
              [114.818589669, -2.68568942899998, 0],
              [114.819209418, -2.68329725399997, 0],
              [114.819483627, -2.68223883099995, 0],
              [114.819554729, -2.68196438299998, 0],
              [114.819906282, -2.68060742099993, 0],
              [114.820146526, -2.67968009999993, 0],
              [114.820440205, -2.67854652799997, 0],
              [114.820529333, -2.67820250299997, 0],
              [114.820564175, -2.67806801599994, 0],
              [114.820587955, -2.67797622599994, 0],
              [114.821093419, -2.67602517999995, 0],
              [114.82123457, -2.67548035099998, 0],
              [114.821436962, -2.67469913499997, 0],
              [114.821589031, -2.67411216099993, 0],
              [114.821714788, -2.67362675099997, 0],
              [114.821950312, -2.67271765099997, 0],
              [114.822188226, -2.67179932499994, 0],
              [114.822321418, -2.67128521599994, 0],
              [114.82241004, -2.67094314399998, 0],
              [114.822974822, -2.66876313299997, 0],
              [114.823160573, -2.66804615099994, 0],
              [114.82320154, -2.66788802299993, 0],
              [114.823556764, -2.66651517599996, 0],
              [114.823606947, -2.66632123199997, 0],
              [114.823854295, -2.66536529599995, 0],
              [114.824027454, -2.66469608199998, 0],
              [114.824475061, -2.66296619799994, 0],
              [114.825091437, -2.66058406799994, 0],
              [114.825855266, -2.65763206999998, 0],
              [114.827139692, -2.65266810299994, 0],
              [114.827209989, -2.65239642499995, 0],
              [114.827468715, -2.65139651399994, 0],
              [114.828947211, -2.64547881699997, 0],
              [114.831649724, -2.63466197299994, 0],
              [114.833284669, -2.62811808399994, 0],
              [114.835152821, -2.62073658199995, 0],
              [114.835152849, -2.62073647199998, 0],
              [114.835153026, -2.62073577399997, 0],
              [114.836712893, -2.61457237899998, 0],
              [114.837010895, -2.61339490299997, 0],
              [114.839757146, -2.60254382599993, 0],
              [114.840411707, -2.59995750499996, 0],
              [114.841357992, -2.59621851299994, 0],
              [114.843803369, -2.58645636699993, 0],
              [114.845643156, -2.57911178699993, 0],
              [114.849744516, -2.56256961499997, 0],
              [114.849821799, -2.56225790699995, 0],
              [114.850954615, -2.55782129599993, 0],
              [114.85111295, -2.55720118599993, 0],
              [114.851312762, -2.55641863299996, 0],
              [114.852032018, -2.55360170499995, 0],
              [114.852046147, -2.55354636799996, 0],
              [114.853105931, -2.54965370399998, 0],
              [114.853510467, -2.54816781499994, 0],
              [114.854275124, -2.54535917199996, 0],
              [114.854643866, -2.54430465599995, 0],
              [114.858726704, -2.53262869399993, 0],
              [114.859818385, -2.52950674099998, 0],
              [114.85983124, -2.52946997599997, 0],
              [114.860808719, -2.52667461799996, 0],
              [114.860821967, -2.52663673199993, 0],
              [114.86086272, -2.52652018499992, 0],
              [114.860862756, -2.52652008299998, 0],
              [114.861098672, -2.52663024499998, 0],
              [114.862105306, -2.52710029699995, 0],
              [114.864554483, -2.52824394999993, 0],
              [114.864600392, -2.52832359999997, 0],
              [114.865575506, -2.53001537999995, 0],
              [114.865589942, -2.53004042499993, 0],
              [114.878380605, -2.55223164199992, 0],
              [114.879854008, -2.55478792899993, 0],
              [114.879919839, -2.55490214299994, 0],
              [114.882161181, -2.55879076899993, 0],
              [114.895886376, -2.58260335599994, 0],
              [114.906777305, -2.60149862199995, 0],
              [114.910333853, -2.60766906999993, 0],
              [114.919254884, -2.62314665199995, 0],
              [114.926105617, -2.63503236199995, 0],
              [114.926968729, -2.63652982299993, 0],
              [114.928787906, -2.63968601199997, 0],
              [114.928807484, -2.63971997999994, 0],
              [114.928966057, -2.63999509599995, 0],
              [114.928978674, -2.64001698699997, 0],
              [114.929467471, -2.64086502699996, 0],
              [114.929666156, -2.64120973599995, 0],
              [114.929860264, -2.64154650399996, 0],
              [114.930754014, -2.64309711999994, 0],
              [114.930795616, -2.64316929699993, 0],
              [114.931623996, -2.64460649799997, 0],
              [114.931843429, -2.64498720499995, 0],
              [114.932115384, -2.64545903399994, 0],
              [114.932275464, -2.64573676599997, 0],
              [114.932324243, -2.64582139599997, 0],
              [114.93255669, -2.64622468099998, 0],
              [114.932596785, -2.64629424299994, 0],
              [114.932670433, -2.64642201999993, 0],
              [114.932829042, -2.64669719999995, 0],
              [114.932885125, -2.64679450099993, 0],
              [114.933087486, -2.64714558699996, 0],
              [114.933170394, -2.64728942899995, 0],
              [114.933388036, -2.64766702899993, 0],
              [114.933417919, -2.64771887399996, 0],
              [114.933677812, -2.64816977599998, 0],
              [114.933721181, -2.64824501999993, 0],
              [114.933824461, -2.64842420599996, 0],
              [114.93382598, -2.64842684099995, 0],
              [114.933826001, -2.64842687699996, 0],
              [114.93382948, -2.64843291299997, 0],
              [114.933829997, -2.64843375199996, 0],
              [114.933836857, -2.64844568399997, 0],
              [114.934794695, -2.65011180199997, 0],
              [114.954686393, -2.68471253999996, 0],
              [114.9608192, -2.69538028899996, 0],
              [114.963666667, -2.70033333299995, 0],
              [114.965960856, -2.70427512299995, 0],
              [114.976972222, -2.72319444399994, 0],
              [114.977124828, -2.72363692499994, 0],
              [114.97712484, -2.72363695899998, 0],
              [114.980606216, -2.73373122999993, 0],
              [114.981900573, -2.73414823099995, 0],
              [114.981934, -2.734159, 0],
              [114.983779261, -2.73801228099995, 0],
              [114.983782, -2.738018, 0],
              [114.985875, -2.739146, 0],
              [114.986054796, -2.73929817899995, 0],
              [114.986266091, -2.73947701899994, 0],
              [114.98670735, -2.74020115699994, 0],
              [114.987500534, -2.74150282899996, 0],
              [114.992631063, -2.74992237399994, 0],
              [114.992639442, -2.74992828499995, 0],
              [114.993209209, -2.75033022099996, 0],
              [114.993729833, -2.75102730099997, 0],
              [114.995003923, -2.75298242999998, 0],
              [114.996216934, -2.75466620999993, 0],
              [114.997147895, -2.75597881099998, 0],
              [114.998093992, -2.75714677299993, 0],
              [114.999535842, -2.75826132399993, 0],
              [114.999947917, -2.75867793299994, 0],
              [114.999978288, -2.75883169099996, 0],
              [115.003632933, -2.76263533499997, 0],
              [115.004406895, -2.76323935999994, 0],
              [115.004495099, -2.76330819699996, 0],
              [115.004544786, -2.76334697499993, 0],
              [115.004654717, -2.76343276899996, 0],
              [115.004656643, -2.76343427199993, 0],
              [115.004745799, -2.76350385199993, 0],
              [115.004748, -2.763501, 0],
              [115.004748042, -2.76350103299996, 0],
              [115.00588138, -2.76440291999995, 0],
              [115.008099925, -2.76616549499994, 0],
              [115.011593392, -2.76894094599993, 0],
              [115.013886789, -2.77076297799994, 0],
              [115.014925585, -2.77176654799996, 0],
              [115.012329863, -2.77287532499997, 0],
              [115.01232989, -2.77287534599998, 0],
              [114.995715609, -2.77997218499996, 0],
              [114.990698563, -2.78211515099997, 0],
              [114.99034755, -2.78226508899996, 0],
              [114.974349996, -2.78909846199997, 0],
              [114.974279861, -2.78912841999994, 0],
              [114.97414238, -2.78922007499995, 0],
              [114.972034132, -2.79062557299994, 0],
              [114.963025958, -2.79663102299998, 0],
              [114.961685023, -2.79752497899995, 0],
              [114.95876456, -2.79947195399996, 0],
              [114.957600369, -2.80024808099995, 0],
              [114.956675358, -2.80086475599995, 0],
              [114.94880051, -2.80611465399994, 0],
              [114.947628183, -2.80689620499993, 0],
              [114.946230824, -2.80782777799993, 0],
              [114.938679408, -2.81160348599997, 0],
              [114.932631291, -2.81462754499995, 0],
              [114.93089145, -2.81680234599997, 0],
              [114.929231408, -2.81887739899997, 0],
              [114.921685672, -2.81934900699997, 0],
              [114.915698708, -2.81972319199997, 0],
              [114.915631874, -2.81972736999995, 0],
              [114.914705709, -2.82097291199995, 0],
              [114.909938079, -2.82738454299994, 0],
              [114.907306084, -2.83092412499997, 0],
              [114.907240371, -2.83101249499993, 0],
              [114.905475921, -2.82552860899995, 0],
              [114.902823518, -2.82690006699994, 0],
              [114.899016382, -2.82898209499996, 0],
              [114.895476932, -2.83127232699997, 0],
              [114.89066011, -2.83422841099997, 0],
              [114.888732746, -2.83481137799993, 0],
              [114.887673886, -2.83491845299994, 0],
              [114.88549668, -2.83515521099997, 0],
              [114.884554413, -2.83515521099997, 0],
              [114.883226673, -2.83609747599996, 0],
              [114.879963445, -2.83607519899994, 0],
              [114.879677908, -2.84717538499996, 0],
              [114.883970188, -2.85288737899998, 0],
              [114.888432809, -2.85882602599997, 0],
              [114.885355302, -2.86403535299996, 0],
              [114.917803689, -2.87164244699994, 0],
              [114.918932599, -2.87213506099994, 0],
              [114.921165825, -2.87310955599997, 0],
              [114.922466181, -2.87367698899993, 0],
              [114.923320186, -2.87404964899997, 0],
              [114.926783644, -2.87556098199997, 0],
              [114.929568273, -2.87677611299995, 0],
              [114.930873485, -2.87734563099997, 0],
              [114.935180649, -2.87922508399993, 0],
              [114.935181204, -2.87922532599993, 0],
              [114.935181204, -2.88092526699995, 0],
              [114.933656154, -2.88184029799993, 0],
              [114.934280661, -2.88488781799993, 0],
              [114.935755926, -2.88909946399997, 0],
              [114.936136639, -2.89040816799997, 0],
              [114.936731506, -2.89135995199996, 0],
              [114.936921862, -2.89207378999993, 0],
              [114.93701704, -2.89366802899997, 0],
              [114.937136014, -2.89428668899996, 0],
              [114.939420296, -2.89961668199993, 0],
              [114.941453842, -2.90423432299997, 0],
              [114.937539629, -2.90403206899993, 0],
              [114.934838942, -2.90393689099994, 0],
              [114.934076026, -2.90533284099996, 0],
              [114.933362188, -2.90631436899997, 0],
              [114.932886296, -2.90744461299994, 0],
              [114.93136939, -2.91107329099998, 0],
              [114.92964428, -2.91440453599995, 0],
              [114.929346848, -2.91491017199996, 0],
              [114.929317104, -2.91565375299996, 0],
              [114.929287361, -2.91987729599993, 0],
              [114.929217167, -2.92714298099997, 0],
              [114.927568078, -2.94885568899997, 0],
              [114.924374596, -2.94785063499995, 0],
              [114.923851604, -2.95298540499994, 0],
              [114.923624874, -2.95521155099993, 0],
              [114.923127278, -2.97461695399994, 0],
              [114.922603963, -2.97484520099994, 0],
              [114.921764969, -2.97521116199994, 0],
              [114.921587951, -2.97521036699993, 0],
              [114.921581671, -2.97527202599997, 0],
              [114.918571986, -2.97653268699997, 0],
              [114.912497065, -2.97907727599994, 0],
              [114.911811423, -2.97936447299998, 0],
              [114.902495833, -2.98326647199997, 0],
              [114.900115332, -2.98426358699993, 0],
              [114.891488262, -2.98787718999995, 0],
              [114.890952779, -2.98810148799993, 0],
              [114.886744379, -2.98986425099997, 0],
              [114.872579426, -2.99579749499998, 0],
              [114.872267639, -2.99579243899996, 0],
              [114.867885597, -2.99572137899997, 0],
              [114.859865171, -2.99559135199996, 0],
              [114.858618898, -2.99557114599998, 0],
              [114.849528169, -2.99542369099993, 0]
            ]
          ]
        ]
      }
    },
    {
      "type": "Feature",
      "properties": {
        "kd_propinsi": "63",
        "kd_dati2": "05",
        "kd_kecamatan": "1",
        "nm_kecamatan": "Bakarangan"
      },
      "geometry": {
        "type": "MultiPolygon",
        "coordinates": [
          [
            [
              [115.115849069, -2.93451671299994, 0],
              [115.116121185, -2.93427332099998, 0],
              [115.116263954, -2.93413055199994, 0],
              [115.116425756, -2.93395923199995, 0],
              [115.116444793, -2.93378790999998, 0],
              [115.116435274, -2.93363562499997, 0],
              [115.116368649, -2.93345478599997, 0],
              [115.116302025, -2.93331201899997, 0],
              [115.116197328, -2.93310262599994, 0],
              [115.1159689, -2.93307407199995, 0],
              [115.115721437, -2.93306455399994, 0],
              [115.115635775, -2.93299792899995, 0],
              [115.115531078, -2.93289323299996, 0],
              [115.115369276, -2.93280757399998, 0],
              [115.115102777, -2.93274094699996, 0],
              [115.114874348, -2.93262673299995, 0],
              [115.11459833, -2.93251251899994, 0],
              [115.114350866, -2.93245541299996, 0],
              [115.114093885, -2.93245541199997, 0],
              [115.114008224, -2.93252203699996, 0],
              [115.113760761, -2.93308358999997, 0],
              [115.113075476, -2.93332153599994, 0],
              [115.111704906, -2.93298841199993, 0],
              [115.111619246, -2.93330249999997, 0],
              [115.111165959, -2.93323656899997, 0],
              [115.11103901, -2.93389475899994, 0],
              [115.10908696, -2.93374555799994, 0],
              [115.106673246, -2.93356107199998, 0],
              [115.103350863, -2.93330712799997, 0],
              [115.102696908, -2.93320903499995, 0],
              [115.101632867, -2.93304942999993, 0],
              [115.101309332, -2.93300089999997, 0],
              [115.100624963, -2.93289824499993, 0],
              [115.098606016, -2.93259540099996, 0],
              [115.098452818, -2.93257242099998, 0],
              [115.093989868, -2.93119920599997, 0],
              [115.093677224, -2.93110300799998, 0],
              [115.091138134, -2.92869581899993, 0],
              [115.088962856, -2.92663354199993, 0],
              [115.088292424, -2.92497510899995, 0],
              [115.087217927, -2.92231713999996, 0],
              [115.086069867, -2.91767271299995, 0],
              [115.085870964, -2.91686806399997, 0],
              [115.086101483, -2.91381371699993, 0],
              [115.086115867, -2.91362310999995, 0],
              [115.087768957, -2.91099040999995, 0],
              [115.088055883, -2.91050622199998, 0],
              [115.088748566, -2.90933731999996, 0],
              [115.089942465, -2.90893935399993, 0],
              [115.091718006, -2.90753116599996, 0],
              [115.09246664, -2.90590912399995, 0],
              [115.093187419, -2.90434743699996, 0],
              [115.093983351, -2.90361272999996, 0],
              [115.093993777, -2.90360130499994, 0],
              [115.095445422, -2.90201046499993, 0],
              [115.09692317, -2.90039100999996, 0],
              [115.09694922, -2.90036246199998, 0],
              [115.098452818, -2.89871468499996, 0],
              [115.099646716, -2.89635750099995, 0],
              [115.099218138, -2.89384725399998, 0],
              [115.099051583, -2.89362032299994, 0],
              [115.096299243, -2.88987026199993, 0],
              [115.094320093, -2.88717366599997, 0],
              [115.094032905, -2.88678402299996, 0],
              [115.092810128, -2.88512501399993, 0],
              [115.092072096, -2.88412368499996, 0],
              [115.088656727, -2.87948985799994, 0],
              [115.085957365, -2.87571134799993, 0],
              [115.083084546, -2.87169002799993, 0],
              [115.081762033, -2.86986675799994, 0],
              [115.080938601, -2.86864652499997, 0],
              [115.080285951, -2.86740648999995, 0],
              [115.074137593, -2.85572461899994, 0],
              [115.069020741, -2.84600258799998, 0],
              [115.068816739, -2.84557670999993, 0],
              [115.068817085, -2.84522391299993, 0],
              [115.069413, -2.845244, 0],
              [115.070633, -2.84466, 0],
              [115.071665, -2.844168, 0],
              [115.072806, -2.84358, 0],
              [115.073475, -2.843259, 0],
              [115.073623, -2.843191, 0],
              [115.074714, -2.842613, 0],
              [115.075468, -2.842207, 0],
              [115.076333, -2.841691, 0],
              [115.077477, -2.840998, 0],
              [115.078577, -2.840393, 0],
              [115.079577, -2.839724, 0],
              [115.080413, -2.839375, 0],
              [115.08131, -2.83945, 0],
              [115.082281, -2.839808, 0],
              [115.083132, -2.840412, 0],
              [115.083862, -2.840889, 0],
              [115.084699, -2.841096, 0],
              [115.085504, -2.840958, 0],
              [115.086172, -2.840422, 0],
              [115.086222217, -2.84032130599996, 0],
              [115.086559, -2.839646, 0],
              [115.086757823, -2.83895803099995, 0],
              [115.086848, -2.838646, 0],
              [115.087332, -2.837401, 0],
              [115.087857, -2.836377, 0],
              [115.088169835, -2.83557542299997, 0],
              [115.08817, -2.835575, 0],
              [115.088234, -2.834666, 0],
              [115.088012, -2.833594, 0],
              [115.088008351, -2.83358274299997, 0],
              [115.087625, -2.8324, 0],
              [115.087711, -2.831835, 0],
              [115.088205, -2.831207, 0],
              [115.088889, -2.830547, 0],
              [115.089295, -2.830076, 0],
              [115.089723, -2.829708, 0],
              [115.090411, -2.829529, 0],
              [115.0916, -2.82946, 0],
              [115.092604, -2.829321, 0],
              [115.093473, -2.829057, 0],
              [115.094396, -2.828867, 0],
              [115.094999, -2.829062, 0],
              [115.095428, -2.829456, 0],
              [115.096112, -2.830215, 0],
              [115.096699, -2.830975, 0],
              [115.09734, -2.831586, 0],
              [115.097915, -2.831881, 0],
              [115.098447, -2.831881, 0],
              [115.099041, -2.83178, 0],
              [115.099658888, -2.83175220899994, 0],
              [115.099708, -2.83175, 0],
              [115.100092, -2.831997, 0],
              [115.100136, -2.832037, 0],
              [115.100143, -2.832041, 0],
              [115.100166, -2.832166, 0],
              [115.100152, -2.832338, 0],
              [115.10003, -2.83266, 0],
              [115.099658888, -2.83317940099994, 0],
              [115.099601033, -2.83326037399996, 0],
              [115.099552, -2.833329, 0],
              [115.099225, -2.834098, 0],
              [115.099152, -2.834865, 0],
              [115.099345, -2.835635, 0],
              [115.099658888, -2.83586020199994, 0],
              [115.09966, -2.835861, 0],
              [115.099995, -2.835905, 0],
              [115.100027168, -2.83590376699993, 0],
              [115.100621, -2.835881, 0],
              [115.101254, -2.835857, 0],
              [115.101793, -2.835937, 0],
              [115.102169, -2.83605, 0],
              [115.102406, -2.836099, 0],
              [115.102664801, -2.83608861599993, 0],
              [115.10273, -2.836086, 0],
              [115.103275, -2.835927, 0],
              [115.103461892, -2.83584960699994, 0],
              [115.104154, -2.835563, 0],
              [115.104477, -2.835465, 0],
              [115.104742, -2.835566, 0],
              [115.10507, -2.835799, 0],
              [115.105403, -2.836136, 0],
              [115.105719, -2.836421, 0],
              [115.105792, -2.836482, 0],
              [115.105906907, -2.83658394699995, 0],
              [115.10609276, -2.83674855099997, 0],
              [115.106124695, -2.83677800599998, 0],
              [115.106133607, -2.83678572699995, 0],
              [115.106413, -2.837036, 0],
              [115.106590068, -2.83711461199994, 0],
              [115.106635865, -2.83711827599996, 0],
              [115.106666794, -2.83711952399995, 0],
              [115.106706055, -2.83711839199998, 0],
              [115.106723197, -2.83711658999994, 0],
              [115.106737973, -2.83711503599994, 0],
              [115.106797902, -2.83708533899994, 0],
              [115.106884703, -2.83704232499997, 0],
              [115.106952608, -2.83700867599993, 0],
              [115.107195371, -2.83688354799995, 0],
              [115.107385893, -2.83677620299994, 0],
              [115.107527779, -2.83669124899996, 0],
              [115.107644899, -2.83662112299993, 0],
              [115.10793339, -2.83644096999996, 0],
              [115.108210181, -2.83632202499996, 0],
              [115.108311317, -2.83634971099997, 0],
              [115.108482922, -2.83639668899997, 0],
              [115.108829524, -2.83649431099997, 0],
              [115.10923863, -2.83660916199995, 0],
              [115.109568188, -2.83670104599997, 0],
              [115.109867614, -2.83675883299998, 0],
              [115.110045547, -2.83679317299993, 0],
              [115.110449044, -2.83686234299995, 0],
              [115.111251256, -2.83707063699995, 0],
              [115.112266792, -2.83728141799998, 0],
              [115.112844374, -2.83741131299996, 0],
              [115.113231838, -2.83749845199998, 0],
              [115.114026574, -2.83768352199996, 0],
              [115.115086933, -2.83794771899994, 0],
              [115.116404194, -2.83821294799998, 0],
              [115.117586606, -2.83842215299995, 0],
              [115.118381232, -2.83860609099997, 0],
              [115.118802595, -2.83869221699996, 0],
              [115.11881419, -2.83869458799995, 0],
              [115.11946936, -2.83882850399994, 0],
              [115.120188147, -2.83896005399993, 0],
              [115.121018146, -2.83908654199996, 0],
              [115.121839476, -2.83925789899996, 0],
              [115.123417825, -2.83961007299996, 0],
              [115.124859458, -2.83993704999995, 0],
              [115.125013705, -2.83997947099994, 0],
              [115.12605159, -2.84026490599996, 0],
              [115.127301576, -2.84058641399997, 0],
              [115.128661293, -2.84088606699993, 0],
              [115.129741199, -2.84117566699996, 0],
              [115.12989071, -2.84122071399997, 0],
              [115.130844007, -2.84150793499993, 0],
              [115.131212656, -2.84163676199995, 0],
              [115.131289527, -2.84166362499997, 0],
              [115.131849999, -2.84185948499993, 0],
              [115.132842577, -2.84223331099997, 0],
              [115.133585053, -2.84251752399996, 0],
              [115.134276333, -2.84277592599995, 0],
              [115.134626353, -2.84283652599993, 0],
              [115.135420286, -2.84298360699995, 0],
              [115.136265513, -2.84309646599996, 0],
              [115.137362154, -2.84333423699997, 0],
              [115.137411564, -2.84334433999993, 0],
              [115.138479048, -2.84356261299996, 0],
              [115.139220046, -2.84372564599994, 0],
              [115.139674731, -2.84388339699996, 0],
              [115.140036085, -2.84400302899996, 0],
              [115.140198869, -2.84405494399994, 0],
              [115.140261196, -2.84407482099994, 0],
              [115.140792169, -2.84421970999995, 0],
              [115.14112719, -2.84431544099994, 0],
              [115.14201627, -2.84471819099997, 0],
              [115.142535282, -2.84497847399996, 0],
              [115.142623526, -2.84502272799995, 0],
              [115.14343982, -2.84539694999995, 0],
              [115.144182, -2.84567782599993, 0],
              [115.144775731, -2.84591184999994, 0],
              [115.145704278, -2.84636758599993, 0],
              [115.146343913, -2.84669367699996, 0],
              [115.146742785, -2.84689702499998, 0],
              [115.147606552, -2.84715643599998, 0],
              [115.14885551, -2.84753374899998, 0],
              [115.149258885, -2.84767273799997, 0],
              [115.150409256, -2.84804903599996, 0],
              [115.150472382, -2.84806895899993, 0],
              [115.151964721, -2.84853994799994, 0],
              [115.152269204, -2.84863973599994, 0],
              [115.152888261, -2.84884261999997, 0],
              [115.153325812, -2.84893286499994, 0],
              [115.153997, -2.84917559799993, 0],
              [115.153992763, -2.84951480199993, 0],
              [115.153931159, -2.85444531299993, 0],
              [115.154949157, -2.85877180399996, 0],
              [115.155103261, -2.85942674699993, 0],
              [115.155103262, -2.86382213099995, 0],
              [115.154999484, -2.86444479799997, 0],
              [115.154593049, -2.86688342399998, 0],
              [115.154114587, -2.86975421199998, 0],
              [115.153638135, -2.87261289799994, 0],
              [115.153196337, -2.87452735599993, 0],
              [115.152775329, -2.87635171899996, 0],
              [115.15227775, -2.87643841899995, 0],
              [115.151611502, -2.88010278899998, 0],
              [115.151563912, -2.88041211899997, 0],
              [115.150605113, -2.88577880099996, 0],
              [115.150530334, -2.88583137099994, 0],
              [115.14772733, -2.88771590399995, 0],
              [115.141917111, -2.89107350899997, 0],
              [115.139432052, -2.89546358799993, 0],
              [115.138797688, -2.89573722599994, 0],
              [115.137898291, -2.89616905899993, 0],
              [115.137885445, -2.89617536199995, 0],
              [115.137932367, -2.89634709499995, 0],
              [115.137946528, -2.89642108199996, 0],
              [115.137964574, -2.89652360799994, 0],
              [115.137977618, -2.89668175099996, 0],
              [115.138040231, -2.89702612199994, 0],
              [115.138048672, -2.89713797499996, 0],
              [115.138117915, -2.89738900799995, 0],
              [115.138268276, -2.89762290099998, 0],
              [115.138296465, -2.89767636599993, 0],
              [115.138520135, -2.89778582099996, 0],
              [115.13858144, -2.89778986999994, 0],
              [115.138646156, -2.89781017299993, 0],
              [115.138934331, -2.89781317399996, 0],
              [115.139001051, -2.89781758099997, 0],
              [115.139089373, -2.89784524699996, 0],
              [115.139325308, -2.89794033699997, 0],
              [115.139484915, -2.89807429299998, 0],
              [115.139691929, -2.89826702899995, 0],
              [115.139732964, -2.89830920399993, 0],
              [115.139832707, -2.89843441399995, 0],
              [115.139857468, -2.89850560399998, 0],
              [115.139896256, -2.89873106299996, 0],
              [115.139955745, -2.89887085599997, 0],
              [115.139961092, -2.89887572599997, 0],
              [115.139963188, -2.89888449899996, 0],
              [115.140091677, -2.89901298999996, 0],
              [115.140184477, -2.89906652799994, 0],
              [115.140355798, -2.89915218799996, 0],
              [115.14056638, -2.89920215799998, 0],
              [115.140778142, -2.89929149299996, 0],
              [115.140837615, -2.89937116699997, 0],
              [115.140931335, -2.89953020599995, 0],
              [115.141044579, -2.89977996599993, 0],
              [115.140791621, -2.89980228499996, 0],
              [115.139099993, -2.90013392899994, 0],
              [115.13938553, -2.90133317699997, 0],
              [115.139671064, -2.90251338999997, 0],
              [115.139965093, -2.90407390699994, 0],
              [115.140032742, -2.90512127899996, 0],
              [115.140041116, -2.90533899499997, 0],
              [115.140051778, -2.90561620699998, 0],
              [115.140204064, -2.90772916899994, 0],
              [115.140842285, -2.90868025999993, 0],
              [115.140818266, -2.90872829999995, 0],
              [115.140421255, -2.91137502999993, 0],
              [115.140378726, -2.91165855599996, 0],
              [115.14052524, -2.91370973499994, 0],
              [115.14058791, -2.91390448499993, 0],
              [115.14052524, -2.91405090799998, 0],
              [115.14052524, -2.91598389399996, 0],
              [115.14052524, -2.91854465699993, 0],
              [115.140477432, -2.91871676499994, 0],
              [115.139957891, -2.92058710999993, 0],
              [115.139792675, -2.92118188699993, 0],
              [115.139784504, -2.92120639899997, 0],
              [115.139148138, -2.92311549799996, 0],
              [115.13847406, -2.92513773199994, 0],
              [115.138319523, -2.92527509899998, 0],
              [115.137828307, -2.92571173599993, 0],
              [115.137405965, -2.92608715099993, 0],
              [115.137155446, -2.92630983499993, 0],
              [115.135479888, -2.92719331099994, 0],
              [115.133687075, -2.92813861199994, 0],
              [115.132554167, -2.92873596299995, 0],
              [115.131676301, -2.92919883799993, 0],
              [115.130558014, -2.92978848099995, 0],
              [115.129707397, -2.93023698699994, 0],
              [115.129097242, -2.93055870499995, 0],
              [115.128071652, -2.93260988399993, 0],
              [115.12790705, -2.93319514199993, 0],
              [115.127609265, -2.93425392699993, 0],
              [115.127248889, -2.93553526399995, 0],
              [115.125483905, -2.93603166599996, 0],
              [115.123218558, -2.93609289099993, 0],
              [115.121507063, -2.93613567899996, 0],
              [115.120769535, -2.93615411699994, 0],
              [115.117800096, -2.93483776699998, 0],
              [115.117719346, -2.93482447899993, 0],
              [115.115849069, -2.93451671299994, 0]
            ]
          ]
        ]
      }
    },
    {
      "type": "Feature",
      "properties": {
        "kd_propinsi": "63",
        "kd_dati2": "05",
        "kd_kecamatan": "8",
        "nm_kecamatan": "Piani"
      },
      "geometry": {
        "type": "MultiPolygon",
        "coordinates": [
          [
            [
              [115.315277778, -2.97227777799998, 0],
              [115.313138889, -2.97369444399993, 0],
              [115.313101872, -2.97467706899994, 0],
              [115.312833333, -2.98180555599993, 0],
              [115.302833333, -2.98741666699993, 0],
              [115.297222222, -2.99169444399996, 0],
              [115.296490909, -2.99139843599994, 0],
              [115.296055556, -2.99122222199998, 0],
              [115.294224209, -2.99123991599993, 0],
              [115.291287884, -2.99126828699997, 0],
              [115.290305556, -2.99127777799993, 0],
              [115.282916667, -2.99380555599993, 0],
              [115.282906207, -2.99411410999994, 0],
              [115.282219479, -2.99165332799993, 0],
              [115.282034449, -2.99099030699995, 0],
              [115.281380791, -2.98864803499993, 0],
              [115.280479823, -2.98733123399995, 0],
              [115.278801537, -2.98636777399997, 0],
              [115.276737336, -2.98518276999994, 0],
              [115.274727482, -2.98518276999994, 0],
              [115.272786935, -2.98414318999994, 0],
              [115.272717629, -2.98234125199997, 0],
              [115.27299485, -2.98088584099997, 0],
              [115.272440407, -2.97977695599997, 0],
              [115.27071017, -2.97921410899994, 0],
              [115.269029724, -2.97866745799996, 0],
              [115.266688067, -2.97790571299993, 0],
              [115.266249395, -2.97761326599994, 0],
              [115.265313231, -2.97698915499996, 0],
              [115.265232656, -2.97693543799994, 0],
              [115.264942277, -2.97638884399993, 0],
              [115.264054466, -2.97471766899997, 0],
              [115.261648581, -2.97330244399996, 0],
              [115.260519895, -2.97263850999997, 0],
              [115.258166291, -2.97237699799996, 0],
              [115.257401156, -2.97229198299993, 0],
              [115.253943256, -2.97195811699993, 0],
              [115.240781994, -2.97065825999994, 0],
              [115.229320905, -2.96908772199993, 0],
              [115.227480059, -2.96882935599996, 0],
              [115.227580069, -2.96869481699997, 0],
              [115.231436006, -2.96350748599997, 0],
              [115.234427308, -2.96061589399994, 0],
              [115.235086492, -2.96004964599996, 0],
              [115.238258407, -2.95732492799994, 0],
              [115.240161141, -2.95569280099994, 0],
              [115.242986564, -2.95332483699997, 0],
              [115.242987929, -2.95332368799996, 0],
              [115.245472092, -2.95124171899994, 0],
              [115.245446802, -2.94631012199994, 0],
              [115.245309635, -2.94612723299997, 0],
              [115.245295059, -2.94610779899995, 0],
              [115.245814644, -2.94541501999993, 0],
              [115.248178147, -2.94226368199998, 0],
              [115.250100205, -2.94160613599996, 0],
              [115.253888356, -2.94137753999996, 0],
              [115.255418593, -2.94128519799995, 0],
              [115.255967542, -2.94125207199994, 0],
              [115.256722432, -2.94125207199994, 0],
              [115.258648307, -2.94125207199994, 0],
              [115.259545583, -2.94135403499996, 0],
              [115.260260731, -2.94143530199995, 0],
              [115.260873849, -2.94150497499993, 0],
              [115.262138361, -2.94221310299997, 0],
              [115.262694746, -2.94271890599993, 0],
              [115.263111864, -2.94270912999997, 0],
              [115.269169049, -2.94256716499996, 0],
              [115.271702096, -2.93924049899994, 0],
              [115.273935321, -2.93705285199997, 0],
              [115.275004526, -2.93600546499994, 0],
              [115.275244645, -2.93577765999993, 0],
              [115.275244687, -2.93577762199993, 0],
              [115.276454027, -2.93463030099997, 0],
              [115.277632993, -2.93351179199993, 0],
              [115.279766608, -2.93232189299994, 0],
              [115.281137612, -2.93155729299997, 0],
              [115.282508489, -2.92975350699993, 0],
              [115.282495027, -2.92972004399996, 0],
              [115.281636379, -2.92758564699994, 0],
              [115.282172538, -2.92749325999995, 0],
              [115.28312, -2.92733, 0],
              [115.283213, -2.927346, 0],
              [115.283250803, -2.92734856699997, 0],
              [115.283375, -2.927357, 0],
              [115.283557, -2.927324, 0],
              [115.283794, -2.927314, 0],
              [115.283986, -2.927411, 0],
              [115.284297, -2.927509, 0],
              [115.28436, -2.927487, 0],
              [115.284374, -2.927485, 0],
              [115.284508, -2.927435, 0],
              [115.284704, -2.927386, 0],
              [115.284748, -2.927399, 0],
              [115.285195, -2.927387, 0],
              [115.285436, -2.927358, 0],
              [115.285662, -2.927417, 0],
              [115.285802, -2.92749, 0],
              [115.286017, -2.927556, 0],
              [115.286382, -2.927673, 0],
              [115.286712, -2.927827, 0],
              [115.286771005, -2.92787513499997, 0],
              [115.287016, -2.928075, 0],
              [115.287209, -2.928262, 0],
              [115.287407886, -2.92853757699993, 0],
              [115.287598, -2.928801, 0],
              [115.287814, -2.928992, 0],
              [115.287922, -2.929087, 0],
              [115.287907, -2.929088, 0],
              [115.288075, -2.929233, 0],
              [115.28845, -2.929508, 0],
              [115.288636, -2.929667, 0],
              [115.289006, -2.929918, 0],
              [115.289276, -2.930149, 0],
              [115.289314, -2.930196, 0],
              [115.289343, -2.930211, 0],
              [115.289406, -2.930239, 0],
              [115.289489, -2.930277, 0],
              [115.289622, -2.930292, 0],
              [115.289651, -2.930302, 0],
              [115.289668, -2.930312, 0],
              [115.289706, -2.930319, 0],
              [115.289706, -2.930325, 0],
              [115.28972, -2.93034, 0],
              [115.289751, -2.930367, 0],
              [115.290124, -2.930663, 0],
              [115.290263267, -2.93080141199994, 0],
              [115.290287, -2.930825, 0],
              [115.290347, -2.930879, 0],
              [115.290476, -2.931023, 0],
              [115.290506, -2.931052, 0],
              [115.290551654, -2.93108074499997, 0],
              [115.290641, -2.931137, 0],
              [115.290715, -2.931189, 0],
              [115.290802, -2.931481, 0],
              [115.290722, -2.931672, 0],
              [115.290653, -2.931971, 0],
              [115.290658, -2.932045, 0],
              [115.290727, -2.93223, 0],
              [115.290812, -2.932382, 0],
              [115.290964, -2.932537, 0],
              [115.29108, -2.932586, 0],
              [115.291326, -2.932541, 0],
              [115.291662, -2.932329, 0],
              [115.291708, -2.932308, 0],
              [115.291998, -2.932043, 0],
              [115.29219, -2.931893, 0],
              [115.292376, -2.931797, 0],
              [115.292579989, -2.93174082899998, 0],
              [115.292583, -2.93174, 0],
              [115.292652, -2.931714, 0],
              [115.292784, -2.931693, 0],
              [115.292969, -2.931682, 0],
              [115.293079, -2.931683, 0],
              [115.293191, -2.931698, 0],
              [115.293344, -2.931717, 0],
              [115.293507, -2.931794, 0],
              [115.293645, -2.931904, 0],
              [115.293776, -2.931976, 0],
              [115.293792, -2.931992, 0],
              [115.293919, -2.932064, 0],
              [115.294131, -2.932232, 0],
              [115.294161, -2.932258, 0],
              [115.294713, -2.932515, 0],
              [115.295288, -2.932731, 0],
              [115.295373, -2.932829, 0],
              [115.295488, -2.932927, 0],
              [115.295696, -2.93291, 0],
              [115.29569954, -2.93290850599993, 0],
              [115.295741, -2.932891, 0],
              [115.295758, -2.932887, 0],
              [115.295769, -2.932879, 0],
              [115.295769957, -2.93287823199995, 0],
              [115.295829439, -2.93283050799994, 0],
              [115.295891909, -2.93278038699998, 0],
              [115.29603, -2.932602, 0],
              [115.296039804, -2.93259944499994, 0],
              [115.296218, -2.932553, 0],
              [115.296244, -2.932548, 0],
              [115.296394, -2.932514, 0],
              [115.296659, -2.932475, 0],
              [115.296683, -2.932465, 0],
              [115.296762, -2.932454, 0],
              [115.296931357, -2.93216558799998, 0],
              [115.297218, -2.931555, 0],
              [115.297356, -2.931262, 0],
              [115.297379, -2.93122, 0],
              [115.297528, -2.930913, 0],
              [115.297829, -2.930507, 0],
              [115.297915, -2.930413, 0],
              [115.29814, -2.930186, 0],
              [115.298364405, -2.92992137899995, 0],
              [115.298419, -2.929857, 0],
              [115.298468, -2.929559, 0],
              [115.298497, -2.92939, 0],
              [115.298562, -2.929114, 0],
              [115.29859, -2.929034, 0],
              [115.298622573, -2.92883403999997, 0],
              [115.298626, -2.928813, 0],
              [115.298632065, -2.92880021299993, 0],
              [115.298875, -2.928288, 0],
              [115.298981, -2.927968, 0],
              [115.299128, -2.92774, 0],
              [115.299158, -2.927684, 0],
              [115.299204, -2.927445, 0],
              [115.299238345, -2.92722843799993, 0],
              [115.299282, -2.927027, 0],
              [115.299296, -2.926794, 0],
              [115.299293, -2.92674, 0],
              [115.299276, -2.926514, 0],
              [115.299276119, -2.92650500899993, 0],
              [115.299279, -2.926288, 0],
              [115.299299, -2.926048, 0],
              [115.299302, -2.92602, 0],
              [115.299308, -2.925867, 0],
              [115.299317, -2.92578, 0],
              [115.29933, -2.92563, 0],
              [115.299336, -2.925559, 0],
              [115.299367, -2.925401, 0],
              [115.299383, -2.925371, 0],
              [115.300691, -2.922765, 0],
              [115.301441, -2.922236, 0],
              [115.301568, -2.922176, 0],
              [115.301749, -2.922158, 0],
              [115.301783, -2.922176, 0],
              [115.301874, -2.92212, 0],
              [115.301961, -2.922104, 0],
              [115.302112, -2.922135, 0],
              [115.302158, -2.922113, 0],
              [115.302333, -2.922149, 0],
              [115.302384, -2.92217, 0],
              [115.302572, -2.922266, 0],
              [115.302815, -2.922421, 0],
              [115.303339, -2.922819, 0],
              [115.303596, -2.923007, 0],
              [115.303793, -2.92314, 0],
              [115.304148, -2.92329, 0],
              [115.304234, -2.923303, 0],
              [115.30458, -2.923282, 0],
              [115.304908, -2.923264, 0],
              [115.305146, -2.923243, 0],
              [115.305197, -2.923246, 0],
              [115.30542, -2.92331, 0],
              [115.305826, -2.923438, 0],
              [115.305898, -2.923466, 0],
              [115.306099, -2.923547, 0],
              [115.306288, -2.923621, 0],
              [115.306477928, -2.92370121199997, 0],
              [115.3067, -2.923795, 0],
              [115.306754, -2.923827, 0],
              [115.307173, -2.924035, 0],
              [115.307259, -2.924103, 0],
              [115.30728, -2.924103, 0],
              [115.307386, -2.924133, 0],
              [115.307572, -2.924256, 0],
              [115.307902, -2.924432, 0],
              [115.308051, -2.924501, 0],
              [115.308202, -2.924551, 0],
              [115.308227, -2.92456, 0],
              [115.308288, -2.924575, 0],
              [115.308329, -2.924576, 0],
              [115.308416, -2.92458, 0],
              [115.308614, -2.924567, 0],
              [115.30871, -2.924529, 0],
              [115.308812637, -2.92446115499996, 0],
              [115.308887, -2.924412, 0],
              [115.309042, -2.92434, 0],
              [115.309077, -2.924312, 0],
              [115.309347, -2.924029, 0],
              [115.309363, -2.924023, 0],
              [115.3094, -2.924015, 0],
              [115.309485, -2.924, 0],
              [115.309676, -2.923979, 0],
              [115.309959, -2.923929, 0],
              [115.310071, -2.923899, 0],
              [115.310119, -2.923873, 0],
              [115.310192, -2.923888, 0],
              [115.310296, -2.923889, 0],
              [115.310479134, -2.92377183399998, 0],
              [115.310668, -2.923651, 0],
              [115.310713, -2.923649, 0],
              [115.310872, -2.923657, 0],
              [115.311444, -2.923752, 0],
              [115.311534, -2.923777, 0],
              [115.311709, -2.9238, 0],
              [115.311959, -2.923816, 0],
              [115.312092, -2.923802, 0],
              [115.312235, -2.923788, 0],
              [115.312394, -2.923762, 0],
              [115.312459, -2.923761, 0],
              [115.312489, -2.923775, 0],
              [115.312685, -2.923744, 0],
              [115.312821, -2.923731, 0],
              [115.313045, -2.923723, 0],
              [115.313454, -2.923697, 0],
              [115.313786, -2.923676, 0],
              [115.313877, -2.923748, 0],
              [115.313972, -2.923753, 0],
              [115.314039, -2.923779, 0],
              [115.314104, -2.923802, 0],
              [115.314446, -2.923986, 0],
              [115.31471, -2.924062, 0],
              [115.314978, -2.924075, 0],
              [115.315295, -2.924096, 0],
              [115.3157, -2.924257, 0],
              [115.315825, -2.924326, 0],
              [115.316284, -2.92454, 0],
              [115.316683, -2.924443, 0],
              [115.316932, -2.924373, 0],
              [115.31733, -2.924361, 0],
              [115.317676, -2.924463, 0],
              [115.317799, -2.924709, 0],
              [115.317785, -2.924781, 0],
              [115.317822, -2.92484, 0],
              [115.317865, -2.924961, 0],
              [115.318003, -2.925247, 0],
              [115.318155, -2.925765, 0],
              [115.318312, -2.926181, 0],
              [115.318362, -2.926291, 0],
              [115.318421, -2.926349, 0],
              [115.318695, -2.926497, 0],
              [115.318708, -2.926522, 0],
              [115.31877, -2.926559, 0],
              [115.31902, -2.926573, 0],
              [115.319351, -2.926612, 0],
              [115.319725, -2.926727, 0],
              [115.319779, -2.926774, 0],
              [115.32016, -2.926936, 0],
              [115.320339, -2.927014, 0],
              [115.320504, -2.927104, 0],
              [115.320569, -2.927173, 0],
              [115.32059, -2.927219, 0],
              [115.320638, -2.927264, 0],
              [115.320753, -2.927359, 0],
              [115.32085, -2.927435, 0],
              [115.320955, -2.92756, 0],
              [115.320995, -2.927654, 0],
              [115.321018, -2.927678, 0],
              [115.321139, -2.927766, 0],
              [115.32132, -2.92782, 0],
              [115.321384, -2.927836, 0],
              [115.321523, -2.927861, 0],
              [115.321551, -2.927867, 0],
              [115.321631, -2.927877, 0],
              [115.32177, -2.927882, 0],
              [115.321845, -2.927915, 0],
              [115.321879, -2.927912, 0],
              [115.321906, -2.927926, 0],
              [115.322217, -2.927964, 0],
              [115.322451, -2.92797, 0],
              [115.322577, -2.927964, 0],
              [115.322693, -2.927951, 0],
              [115.322915, -2.927866, 0],
              [115.323279, -2.927652, 0],
              [115.323459, -2.927544, 0],
              [115.323569, -2.927599, 0],
              [115.323628, -2.927555, 0],
              [115.323835, -2.927634, 0],
              [115.32405, -2.927747, 0],
              [115.324351, -2.927895, 0],
              [115.324517, -2.928022, 0],
              [115.324673, -2.928145, 0],
              [115.324876, -2.928294, 0],
              [115.325023, -2.928416, 0],
              [115.32509, -2.928538, 0],
              [115.325114, -2.928601, 0],
              [115.325135, -2.928577, 0],
              [115.32513, -2.92859, 0],
              [115.325126, -2.928634, 0],
              [115.325186, -2.928705, 0],
              [115.325211, -2.928676, 0],
              [115.32523, -2.928698, 0],
              [115.325243, -2.928752, 0],
              [115.325442, -2.928957, 0],
              [115.325441, -2.929005, 0],
              [115.325592, -2.929269, 0],
              [115.325685, -2.929401, 0],
              [115.325848, -2.929727, 0],
              [115.326026, -2.930216, 0],
              [115.326134, -2.93059, 0],
              [115.326136877, -2.93060039099993, 0],
              [115.326151446, -2.930653, 0],
              [115.326151593, -2.93065353199995, 0],
              [115.326162349, -2.93068578299994, 0],
              [115.326177, -2.930712, 0],
              [115.326302, -2.930805, 0],
              [115.326345, -2.930869, 0],
              [115.326398, -2.931013, 0],
              [115.326552, -2.931169, 0],
              [115.326642, -2.931245, 0],
              [115.326677, -2.931281, 0],
              [115.326709, -2.931275, 0],
              [115.326775, -2.931338, 0],
              [115.326825, -2.931396, 0],
              [115.326841, -2.931416, 0],
              [115.32693, -2.931522, 0],
              [115.32698, -2.931603, 0],
              [115.326985, -2.931617, 0],
              [115.327023, -2.931695, 0],
              [115.327088, -2.931818, 0],
              [115.327096, -2.931836, 0],
              [115.327138, -2.93196, 0],
              [115.327148, -2.932005, 0],
              [115.327183, -2.932157, 0],
              [115.327204, -2.932262, 0],
              [115.327252, -2.932487, 0],
              [115.327323, -2.932649, 0],
              [115.327424, -2.932856, 0],
              [115.327461965, -2.93293841199994, 0],
              [115.327469, -2.932952, 0],
              [115.327470301, -2.93296397099994, 0],
              [115.32747041, -2.93296497199998, 0],
              [115.327470427, -2.93296513099995, 0],
              [115.327470497, -2.93296576799997, 0],
              [115.327470667, -2.93296733299997, 0],
              [115.32747073, -2.93296792999996, 0],
              [115.327474, -2.932998, 0],
              [115.327505, -2.933013, 0],
              [115.327627, -2.933197, 0],
              [115.327655, -2.933237, 0],
              [115.327864, -2.933458, 0],
              [115.32812, -2.933617, 0],
              [115.328221, -2.933673, 0],
              [115.328411, -2.933887, 0],
              [115.328424, -2.93391, 0],
              [115.32844203, -2.93393275199998, 0],
              [115.328621, -2.933963, 0],
              [115.328656571, -2.93396712799995, 0],
              [115.329190415, -2.93337037999993, 0],
              [115.331280915, -2.93255058099993, 0],
              [115.333096449, -2.93272512199997, 0],
              [115.334691027, -2.93367704899993, 0],
              [115.336255079, -2.93550612499996, 0],
              [115.338292212, -2.93656723199996, 0],
              [115.342602838, -2.93719765199995, 0],
              [115.344434063, -2.93722750999996, 0],
              [115.346623534, -2.93658869299998, 0],
              [115.348591985, -2.93658257499993, 0],
              [115.351033431, -2.93605264199994, 0],
              [115.351311329, -2.93592644699993, 0],
              [115.35302488, -2.93512412899997, 0],
              [115.355099863, -2.93415956099994, 0],
              [115.356755655, -2.93267889799995, 0],
              [115.358312113, -2.93184920399995, 0],
              [115.360150704, -2.93010654299997, 0],
              [115.361874854, -2.92858074899993, 0],
              [115.363182815, -2.92755396999996, 0],
              [115.364347008, -2.92664004999995, 0],
              [115.36490748, -2.92632115299995, 0],
              [115.369229828, -2.92386182699994, 0],
              [115.369648161, -2.92375082599995, 0],
              [115.370140805, -2.92362010799997, 0],
              [115.37014097, -2.92362006399998, 0],
              [115.371602536, -2.92323224999996, 0],
              [115.374156518, -2.92164432599998, 0],
              [115.37441788, -2.92148192399998, 0],
              [115.376356977, -2.91989292999995, 0],
              [115.376363582, -2.91988751799994, 0],
              [115.377934958, -2.91864739099998, 0],
              [115.379689945, -2.91754663199993, 0],
              [115.381246162, -2.91588488699995, 0],
              [115.381346315, -2.91565789899994, 0],
              [115.382039705, -2.91408638399997, 0],
              [115.382177106, -2.91369285499997, 0],
              [115.382734012, -2.91209782299995, 0],
              [115.383573189, -2.91002807699994, 0],
              [115.383855481, -2.90819265799996, 0],
              [115.384420043, -2.90631242699993, 0],
              [115.384479385, -2.90550946799993, 0],
              [115.38456506, -2.90435020099994, 0],
              [115.384438468, -2.90420339799994, 0],
              [115.383229871, -2.90280184799997, 0],
              [115.382837104, -2.90250468699998, 0],
              [115.381337697, -2.90137025899998, 0],
              [115.379392337, -2.90018276699993, 0],
              [115.377996424, -2.89931346099996, 0],
              [115.37734002, -2.89890468499993, 0],
              [115.376679052, -2.89817119599996, 0],
              [115.376164996, -2.89760073699995, 0],
              [115.376127513, -2.89752006099997, 0],
              [115.376073088, -2.89740292299996, 0],
              [115.375218973, -2.89556459899995, 0],
              [115.375356315, -2.89366567499997, 0],
              [115.37668868, -2.89140758799994, 0],
              [115.381386165, -2.88344617799993, 0],
              [115.382405821, -2.88172033199993, 0],
              [115.382622004, -2.88180002299993, 0],
              [115.383809633, -2.88223781299996, 0],
              [115.385221295, -2.88456400199993, 0],
              [115.386380895, -2.88545191699996, 0],
              [115.390857037, -2.88538039399998, 0],
              [115.391057867, -2.88537718399994, 0],
              [115.39262934, -2.88560550499994, 0],
              [115.394651076, -2.88705533899997, 0],
              [115.395550974, -2.88814183999995, 0],
              [115.39587956, -2.88854022099997, 0],
              [115.396810605, -2.88899545599998, 0],
              [115.397771621, -2.88946534599995, 0],
              [115.399450251, -2.88985659699995, 0],
              [115.403745666, -2.88990788999996, 0],
              [115.405561253, -2.89025410999994, 0],
              [115.407796815, -2.89117970799993, 0],
              [115.409810949, -2.89186081499997, 0],
              [115.410172027, -2.89194271499997, 0],
              [115.411855721, -2.89234300299995, 0],
              [115.412847562, -2.89241674699997, 0],
              [115.413862159, -2.89249956499998, 0],
              [115.415609326, -2.89213122999996, 0],
              [115.416250236, -2.89169803499993, 0],
              [115.417242069, -2.88995400599993, 0],
              [115.418002546, -2.88977291899994, 0],
              [115.41871459, -2.88960336599996, 0],
              [115.421987632, -2.89014151599997, 0],
              [115.42391796, -2.89005377399997, 0],
              [115.424384365, -2.88999111899994, 0],
              [115.42514624, -2.88989270099995, 0],
              [115.427041136, -2.88899545599998, 0],
              [115.427602836, -2.88872948799997, 0],
              [115.429266109, -2.88825248599994, 0],
              [115.43096753, -2.88803779899996, 0],
              [115.432661349, -2.88721717299995, 0],
              [115.436529256, -2.88453635399998, 0],
              [115.437414505, -2.88392279399994, 0],
              [115.43878001, -2.88413268299996, 0],
              [115.439134086, -2.88473859899995, 0],
              [115.440107571, -2.88640448799993, 0],
              [115.440235534, -2.88656075899996, 0],
              [115.441679317, -2.88832392499995, 0],
              [115.442968662, -2.88914868099994, 0],
              [115.44514303, -2.88861809299993, 0],
              [115.446615482, -2.88729068599997, 0],
              [115.448271163, -2.88578265099994, 0],
              [115.449789438, -2.88403024099995, 0],
              [115.451483167, -2.88264886099995, 0],
              [115.453566044, -2.87888044799996, 0],
              [115.455755086, -2.87556445999996, 0],
              [115.456655852, -2.87419996899996, 0],
              [115.457861414, -2.87316156899993, 0],
              [115.459417969, -2.87260296399995, 0],
              [115.460502676, -2.87240399399997, 0],
              [115.462011898, -2.87212715399994, 0],
              [115.464361738, -2.87257347699995, 0],
              [115.466902242, -2.87295674799998, 0],
              [115.468740992, -2.87346568199996, 0],
              [115.470549279, -2.87405596799994, 0],
              [115.47072687, -2.87411921399996, 0],
              [115.472623788, -2.87479477299996, 0],
              [115.472715996, -2.87482761099994, 0],
              [115.473141788, -2.87480138399997, 0],
              [115.474378401, -2.87472521499996, 0],
              [115.474440327, -2.87472140099993, 0],
              [115.476439107, -2.87347602799997, 0],
              [115.478392478, -2.87298123099993, 0],
              [115.47988764, -2.87378813899994, 0],
              [115.479954419, -2.87384192999997, 0],
              [115.481833228, -2.87535533499994, 0],
              [115.483824477, -2.87640708899994, 0],
              [115.485754759, -2.87744067199998, 0],
              [115.487257739, -2.87808479499995, 0],
              [115.488752789, -2.87865298199995, 0],
              [115.489096554, -2.87878362799995, 0],
              [115.491438659, -2.87916659099994, 0],
              [115.49345298, -2.87957624599994, 0],
              [115.495466984, -2.87958796399994, 0],
              [115.497817029, -2.87992570599994, 0],
              [115.49953372, -2.88030782599998, 0],
              [115.49998378, -2.88049834499998, 0],
              [115.500113393, -2.88090549599997, 0],
              [115.500251222, -2.88095892499996, 0],
              [115.502852377, -2.88196726299998, 0],
              [115.504566476, -2.88330994599994, 0],
              [115.504814776, -2.88350444399993, 0],
              [115.505988423, -2.88637113199997, 0],
              [115.506108163, -2.88666360199994, 0],
              [115.506108702, -2.88666484199996, 0],
              [115.506108889, -2.88666527799995, 0],
              [115.506108872, -2.88666533499998, 0],
              [115.506108703, -2.88666588699994, 0],
              [115.505461165, -2.88878104399993, 0],
              [115.505170166, -2.88973151899995, 0],
              [115.504305556, -2.89255555599993, 0],
              [115.504118069, -2.89300838499997, 0],
              [115.503882546, -2.89357723399996, 0],
              [115.50354291, -2.89439754299997, 0],
              [115.500627771, -2.90143835199996, 0],
              [115.49725, -2.90422222199993, 0],
              [115.49675362, -2.90562111199995, 0],
              [115.495365319, -2.90953359799994, 0],
              [115.494805556, -2.91111111099997, 0],
              [115.489588122, -2.91284195999998, 0],
              [115.488236217, -2.91329044599996, 0],
              [115.487720257, -2.91401298499994, 0],
              [115.485388889, -2.91727777799997, 0],
              [115.484305556, -2.92561111099997, 0],
              [115.479498998, -2.93402706399996, 0],
              [115.479086111, -2.93475, 0],
              [115.478783592, -2.93597902399995, 0],
              [115.477727945, -2.94026773699994, 0],
              [115.477198542, -2.94030375899996, 0],
              [115.465333333, -2.94111111099994, 0],
              [115.456833151, -2.95173003399998, 0],
              [115.455972222, -2.95280555599993, 0],
              [115.454633966, -2.95340670999997, 0],
              [115.447642417, -2.95654736299997, 0],
              [115.446478991, -2.95706998199995, 0],
              [115.445915326, -2.95791774199995, 0],
              [115.442222222, -2.96347222199995, 0],
              [115.438919673, -2.96859856699996, 0],
              [115.4385, -2.96925, 0],
              [115.437790739, -2.97080924899996, 0],
              [115.435, -2.97694444399997, 0],
              [115.430423259, -2.97749676699993, 0],
              [115.428464565, -2.97773314299997, 0],
              [115.424774613, -2.97995177599995, 0],
              [115.421794736, -2.98174346699994, 0],
              [115.4125, -2.98225, 0],
              [115.407122979, -2.98918770999995, 0],
              [115.403689357, -2.99358540799994, 0],
              [115.398611111, -2.99586111099995, 0],
              [115.397949521, -2.99517278999997, 0],
              [115.39483937, -2.99193697699997, 0],
              [115.393111111, -2.99013888899998, 0],
              [115.39056438, -2.98476075899993, 0],
              [115.39052727, -2.98469133099997, 0],
              [115.3875, -2.97902777799993, 0],
              [115.378230366, -2.97757854299994, 0],
              [115.378083333, -2.97755555599997, 0],
              [115.377885926, -2.97760580199997, 0],
              [115.37107756, -2.97933873199997, 0],
              [115.370199198, -2.97956230099993, 0],
              [115.369958143, -2.97962417799994, 0],
              [115.366361284, -2.98054746399993, 0],
              [115.363083333, -2.98138888899996, 0],
              [115.359486888, -2.98313540899994, 0],
              [115.35781683, -2.98394642999995, 0],
              [115.353611111, -2.98336111099997, 0],
              [115.350013966, -2.98163768899997, 0],
              [115.352117438, -2.97551549999997, 0],
              [115.35198485, -2.97535672599997, 0],
              [115.350197265, -2.97321609499994, 0],
              [115.34907652, -2.97187400499996, 0],
              [115.345651127, -2.97072035299993, 0],
              [115.345055556, -2.96530555599998, 0],
              [115.339605174, -2.96496875299994, 0],
              [115.331604393, -2.96782789499997, 0],
              [115.324762226, -2.96862769699993, 0],
              [115.322527778, -2.96888888899997, 0],
              [115.322147855, -2.96906647799995, 0],
              [115.317861823, -2.97106990999993, 0],
              [115.315277778, -2.97227777799998, 0]
            ]
          ]
        ]
      }
    },
    {
      "type": "Feature",
      "properties": {
        "kd_propinsi": "63",
        "kd_dati2": "05",
        "kd_kecamatan": "9",
        "nm_kecamatan": "Salam Babaris"
      },
      "geometry": {
        "type": "MultiPolygon",
        "coordinates": [
          [
            [
              [115.1805, -3.10236111099994, 0],
              [115.177611111, -3.10558333299997, 0],
              [115.174583333, -3.10827777799995, 0],
              [115.17125, -3.11172222199997, 0],
              [115.167972222, -3.11466666699994, 0],
              [115.167489804, -3.11485883299997, 0],
              [115.167142203, -3.11496494799997, 0],
              [115.166844772, -3.11516720199995, 0],
              [115.165512273, -3.11591673199996, 0],
              [115.162990044, -3.11680903099995, 0],
              [115.162169131, -3.11703507899995, 0],
              [115.161871683, -3.11686804999994, 0],
              [115.161911621, -3.11279442599994, 0],
              [115.161911176, -3.11279175899995, 0],
              [115.161647663, -3.11265969799996, 0],
              [115.156582221, -3.11033075899996, 0],
              [115.147079308, -3.10751275099995, 0],
              [115.146337659, -3.10813002199996, 0],
              [115.145695204, -3.10879627099996, 0],
              [115.144600651, -3.10981943799993, 0],
              [115.141435969, -3.11243684599998, 0],
              [115.138723382, -3.11426903099994, 0],
              [115.136067072, -3.11619619899994, 0],
              [115.136066242, -3.11646228499996, 0],
              [115.130408237, -3.11422696799997, 0],
              [115.129741904, -3.11396371899997, 0],
              [115.129156557, -3.11359252299997, 0],
              [115.128085799, -3.11292151499993, 0],
              [115.127815011, -3.10905432699997, 0],
              [115.127781228, -3.10857185999993, 0],
              [115.128093185, -3.10825359699993, 0],
              [115.123358595, -3.10672123999996, 0],
              [115.117317202, -3.10476590199994, 0],
              [115.11509257, -3.10209766099996, 0],
              [115.111424176, -3.09769776499996, 0],
              [115.11083822, -3.09699496099995, 0],
              [115.110838198, -3.09698691799997, 0],
              [115.114842723, -3.09528607199997, 0],
              [115.11543652, -3.09503386599994, 0],
              [115.122430275, -3.09206333799995, 0],
              [115.122499023, -3.09209312799993, 0],
              [115.123519498, -3.09033049699997, 0],
              [115.123950055, -3.08958680199993, 0],
              [115.124873665, -3.08799147399998, 0],
              [115.126161147, -3.08576763899993, 0],
              [115.127772962, -3.08339732299993, 0],
              [115.128143892, -3.08285183899994, 0],
              [115.128317204, -3.08259696599993, 0],
              [115.129536689, -3.08183478899997, 0],
              [115.129540124, -3.08183264199994, 0],
              [115.12953863, -3.08182709699997, 0],
              [115.129661079, -3.08175704499996, 0],
              [115.130346435, -3.08132869799994, 0],
              [115.130674851, -3.08070835499996, 0],
              [115.131103558, -3.07987751499996, 0],
              [115.131186965, -3.07971586899993, 0],
              [115.131406772, -3.07932583499996, 0],
              [115.131409584, -3.07932052699994, 0],
              [115.131487877, -3.07917264099996, 0],
              [115.132594922, -3.07746949699993, 0],
              [115.133074149, -3.07673222699998, 0],
              [115.13389165, -3.07547452899996, 0],
              [115.134785374, -3.07409956599997, 0],
              [115.135494285, -3.07358621699996, 0],
              [115.138381002, -3.07149583699993, 0],
              [115.138463354, -3.07143620299996, 0],
              [115.138978517, -3.07037153099998, 0],
              [115.139951393, -3.06836092099996, 0],
              [115.140041251, -3.06817521899995, 0],
              [115.140163313, -3.06792295499997, 0],
              [115.140365756, -3.06750456899994, 0],
              [115.140401539, -3.06718253999998, 0],
              [115.140466133, -3.06660119599997, 0],
              [115.14056485, -3.06571272799994, 0],
              [115.140645984, -3.06498252499995, 0],
              [115.140738953, -3.06414580499995, 0],
              [115.141782575, -3.06520416299998, 0],
              [115.141802904, -3.06522620899995, 0],
              [115.141906078, -3.06533810299993, 0],
              [115.142170221, -3.06562456699993, 0],
              [115.142177049, -3.06588619199994, 0],
              [115.142177049, -3.06612889799993, 0],
              [115.142219878, -3.06632877299995, 0],
              [115.142225198, -3.06633659399995, 0],
              [115.142375257, -3.06655721999994, 0],
              [115.142503747, -3.06664287999996, 0],
              [115.142782146, -3.06661432699997, 0],
              [115.142917773, -3.06665715799994, 0],
              [115.142946329, -3.06671426499997, 0],
              [115.142917773, -3.06680706399993, 0],
              [115.142853529, -3.06693555399994, 0],
              [115.142810697, -3.06702835399995, 0],
              [115.143008149, -3.06705655999997, 0],
              [115.143010574, -3.06705690699994, 0],
              [115.143167619, -3.06707832299998, 0],
              [115.143267556, -3.06704262999995, 0],
              [115.14342188, -3.06698200399995, 0],
              [115.14346029, -3.06681420299998, 0],
              [115.143501567, -3.06679493999997, 0],
              [115.143567366, -3.06676423399995, 0],
              [115.143717273, -3.06671426499997, 0],
              [115.143802935, -3.06667143399994, 0],
              [115.143831486, -3.06675709599995, 0],
              [115.143821298, -3.06679493999997, 0],
              [115.143781518, -3.06694269199994, 0],
              [115.143752966, -3.06708546099998, 0],
              [115.143686891, -3.06726940899995, 0],
              [115.143741778, -3.06732893799995, 0],
              [115.143752966, -3.06747807099993, 0],
              [115.143767242, -3.06752090199996, 0],
              [115.143899008, -3.06749945299993, 0],
              [115.144074193, -3.06747093299993, 0],
              [115.144029056, -3.06764048799994, 0],
              [115.144052776, -3.06782071499993, 0],
              [115.144095607, -3.06787782199996, 0],
              [115.144145576, -3.06788495999996, 0],
              [115.144052776, -3.06804200399995, 0],
              [115.144095607, -3.06810624999997, 0],
              [115.144288345, -3.06809197199993, 0],
              [115.14435259, -3.06814194099997, 0],
              [115.144359728, -3.06823473999998, 0],
              [115.144331892, -3.06829737199996, 0],
              [115.144302621, -3.06836323199997, 0],
              [115.144231238, -3.06849172199998, 0],
              [115.144366865, -3.06872728799993, 0],
              [115.144359728, -3.06880581099995, 0],
              [115.144459666, -3.06887719399998, 0],
              [115.144623849, -3.06882008699995, 0],
              [115.144723786, -3.06870587299994, 0],
              [115.144878645, -3.06856187599993, 0],
              [115.144987906, -3.06849885999998, 0],
              [115.145073565, -3.06850599799998, 0],
              [115.14513781, -3.06858452199998, 0],
              [115.145107802, -3.06881039799993, 0],
              [115.145164721, -3.06887212799995, 0],
              [115.14538706, -3.06878498999993, 0],
              [115.145589315, -3.06884447699997, 0],
              [115.145720183, -3.06901103999996, 0],
              [115.145720183, -3.06923708899996, 0],
              [115.145898645, -3.06942744499997, 0],
              [115.145956827, -3.06948115399996, 0],
              [115.146053308, -3.06957021299996, 0],
              [115.146076996, -3.06966470899994, 0],
              [115.146144741, -3.06993496499996, 0],
              [115.146017617, -3.07015317999998, 0],
              [115.146029513, -3.07040302499996, 0],
              [115.146136589, -3.07060527899995, 0],
              [115.146207975, -3.07079563499997, 0],
              [115.146398331, -3.07096219799996, 0],
              [115.146660071, -3.07111686199994, 0],
              [115.14693371, -3.07124773299995, 0],
              [115.147040786, -3.07133101299996, 0],
              [115.147283648, -3.07138336199995, 0],
              [115.147513969, -3.07141990299994, 0],
              [115.147554704, -3.07142636299994, 0],
              [115.147709209, -3.07145087399994, 0],
              [115.147749981, -3.07167585799994, 0],
              [115.147485902, -3.07174028099996, 0],
              [115.147462108, -3.07200202099995, 0],
              [115.147671914, -3.07211054099997, 0],
              [115.147807129, -3.07218048199997, 0],
              [115.147985591, -3.07235894099995, 0],
              [115.147961796, -3.07269206499996, 0],
              [115.147914205, -3.07295380699998, 0],
              [115.147854721, -3.07308467599995, 0],
              [115.147814405, -3.07322174899997, 0],
              [115.147795232, -3.07328692999994, 0],
              [115.147783336, -3.07331072499994, 0],
              [115.148092667, -3.07373902799998, 0],
              [115.148211639, -3.07392938499993, 0],
              [115.148342508, -3.07420302399993, 0],
              [115.148342508, -3.07438148199998, 0],
              [115.148271126, -3.07466701799996, 0],
              [115.148580455, -3.07484547799993, 0],
              [115.149068245, -3.07483358099995, 0],
              [115.149472754, -3.07433389399995, 0],
              [115.149774024, -3.07406549799993, 0],
              [115.149883148, -3.07396828299994, 0],
              [115.14988821, -3.07396194999996, 0],
              [115.150340576, -3.07434436299997, 0],
              [115.150649906, -3.07439195299997, 0],
              [115.150947338, -3.07449902799993, 0],
              [115.15120472, -3.07445908899996, 0],
              [115.15131651, -3.07432150299997, 0],
              [115.151473554, -3.07410735199994, 0],
              [115.151701982, -3.07397886099994, 0],
              [115.151830472, -3.07387892399993, 0],
              [115.152001793, -3.07365049499992, 0],
              [115.152116007, -3.07347917499993, 0],
              [115.152301605, -3.07332212999995, 0],
              [115.152467135, -3.07322174899997, 0],
              [115.152894091, -3.07296283099993, 0],
              [115.153845876, -3.07293308799996, 0],
              [115.154827404, -3.07290334499993, 0],
              [115.155362783, -3.07269514199993, 0],
              [115.156344311, -3.07236796599995, 0],
              [115.156525767, -3.07228601699995, 0],
              [115.157266351, -3.07195155999995, 0],
              [115.158218135, -3.07138643799993, 0],
              [115.158515568, -3.07111874899994, 0],
              [115.158872488, -3.07073208699995, 0],
              [115.159110434, -3.07049413999994, 0],
              [115.159286513, -3.07039182399996, 0],
              [115.15974337, -3.07007773499993, 0],
              [115.159867103, -3.06991593099997, 0],
              [115.159943245, -3.06974460999993, 0],
              [115.160038424, -3.06956377099994, 0],
              [115.160143119, -3.06944955699993, 0],
              [115.160314441, -3.06932582499996, 0],
              [115.160390584, -3.06917353899996, 0],
              [115.160666602, -3.06920209299994, 0],
              [115.160828404, -3.06918305699998, 0],
              [115.160971172, -3.06907836099992, 0],
              [115.161047314, -3.06891655899995, 0],
              [115.161132976, -3.06875475399994, 0],
              [115.161209119, -3.06865005799995, 0],
              [115.161361404, -3.06853584399994, 0],
              [115.161542242, -3.06833596899998, 0],
              [115.161675493, -3.06816464799994, 0],
              [115.161932474, -3.06810754099996, 0],
              [115.162103796, -3.06806946899997, 0],
              [115.162227527, -3.06799332699995, 0],
              [115.162341741, -3.06782200599997, 0],
              [115.162379812, -3.06762213099995, 0],
              [115.162560652, -3.06760309499992, 0],
              [115.162960402, -3.06764116599993, 0],
              [115.163017509, -3.06731755999994, 0],
              [115.162884258, -3.06708913299997, 0],
              [115.162770044, -3.06693684599998, 0],
              [115.16265583, -3.06672745299994, 0],
              [115.162446437, -3.06665131099993, 0],
              [115.162198974, -3.06647998999995, 0],
              [115.162275117, -3.06621348999994, 0],
              [115.162408366, -3.06583277599998, 0],
              [115.162503544, -3.06556627599997, 0],
              [115.162541616, -3.06529977699995, 0],
              [115.162617759, -3.06507134899994, 0],
              [115.162751008, -3.06453834899997, 0],
              [115.162846187, -3.06408149299995, 0],
              [115.162846187, -3.06351042199998, 0],
              [115.162846187, -3.06316777999996, 0],
              [115.162751008, -3.06280610199997, 0],
              [115.162674866, -3.06248249499993, 0],
              [115.162541616, -3.06213985299996, 0],
              [115.162256081, -3.06170203299996, 0],
              [115.16208476, -3.06154974599997, 0],
              [115.161799224, -3.06132131799996, 0],
              [115.161608867, -3.06101674699994, 0],
              [115.161385199, -3.06081607899995, 0],
              [115.161194841, -3.06057813299998, 0],
              [115.161194841, -3.06024500899997, 0],
              [115.161254328, -3.05993567899998, 0],
              [115.161385199, -3.05979291099993, 0],
              [115.161682631, -3.05978101399995, 0],
              [115.162003859, -3.05980480799997, 0],
              [115.162134728, -3.05966204099997, 0],
              [115.162241805, -3.05945978599993, 0],
              [115.162360777, -3.05934081299995, 0],
              [115.16252734, -3.05912666199993, 0],
              [115.16265821, -3.05899579199996, 0],
              [115.162931847, -3.05884112699994, 0],
              [115.163027026, -3.05863887199996, 0],
              [115.163134102, -3.05848420699994, 0],
              [115.163395843, -3.05829385099997, 0],
              [115.163443432, -3.05827005599997, 0],
              [115.163788453, -3.05804400699998, 0],
              [115.163609995, -3.05791313699996, 0],
              [115.163562405, -3.05781795799993, 0],
              [115.163645686, -3.05772277999995, 0],
              [115.163740864, -3.05760380699996, 0],
              [115.163740864, -3.05742534699994, 0],
              [115.163621891, -3.05729447699997, 0],
              [115.163514815, -3.05715170899993, 0],
              [115.163419637, -3.05712791499997, 0],
              [115.163407741, -3.05699704399996, 0],
              [115.163455329, -3.05685427799995, 0],
              [115.163455329, -3.05671150899997, 0],
              [115.163336356, -3.05659253599993, 0],
              [115.163336356, -3.05652115199996, 0],
              [115.163241177, -3.05641407599995, 0],
              [115.163281132, -3.05631419199995, 0],
              [115.163312561, -3.05623561699997, 0],
              [115.163407741, -3.05604525999996, 0],
              [115.163550507, -3.05587869799996, 0],
              [115.163684057, -3.05572211499998, 0],
              [115.163961728, -3.05559028399995, 0],
              [115.164228226, -3.05560932099996, 0],
              [115.164285333, -3.05553317699997, 0],
              [115.164323404, -3.05534281999996, 0],
              [115.164361476, -3.054905, 0],
              [115.164494726, -3.05458139299998, 0],
              [115.164361476, -3.05425778599994, 0],
              [115.164323404, -3.05408646599994, 0],
              [115.164437619, -3.05380092899998, 0],
              [115.164818334, -3.05328696599997, 0],
              [115.164970619, -3.05296335999998, 0],
              [115.164988217, -3.05268177299996, 0],
              [115.164989655, -3.05265878799997, 0],
              [115.164951584, -3.05231614599995, 0],
              [115.164380511, -3.05224000399994, 0],
              [115.164018835, -3.05204964699993, 0],
              [115.163847514, -3.05176411099995, 0],
              [115.163676192, -3.05142146899993, 0],
              [115.163733299, -3.05113593399994, 0],
              [115.16417112, -3.05083136199994, 0],
              [115.164532797, -3.05048871999998, 0],
              [115.164608941, -3.05029836399996, 0],
              [115.164780263, -3.05010800599996, 0],
              [115.164913513, -3.04986054199998, 0],
              [115.165218082, -3.04944175799994, 0],
              [115.165442068, -3.04922728799994, 0],
              [115.165594354, -3.04894175299995, 0],
              [115.16584182, -3.04850393199996, 0],
              [115.166184461, -3.04835164599996, 0],
              [115.166508067, -3.04814225399997, 0],
              [115.166698426, -3.04795189799995, 0],
              [115.167079138, -3.04768539699995, 0],
              [115.167764424, -3.04745696899994, 0],
              [115.168164172, -3.04722854099992, 0],
              [115.168909342, -3.04690969299998, 0],
              [115.168909342, -3.04609115799997, 0],
              [115.168852235, -3.04542490999995, 0],
              [115.168833199, -3.04489190999993, 0],
              [115.168757056, -3.04428276899995, 0],
              [115.168757056, -3.04378783999994, 0],
              [115.168610717, -3.04352157799997, 0],
              [115.168268076, -3.04333598099993, 0],
              [115.167868326, -3.04317893599995, 0],
              [115.167440023, -3.04313610599996, 0],
              [115.166840398, -3.04303616799996, 0],
              [115.166426374, -3.04287912399997, 0],
              [115.16608373, -3.04247937499997, 0],
              [115.165341339, -3.04200824099996, 0],
              [115.164955864, -3.04175631599998, 0],
              [115.164527562, -3.04135150999997, 0],
              [115.164313411, -3.04092320699994, 0],
              [115.164084982, -3.04053773499993, 0],
              [115.163742342, -3.04005232499998, 0],
              [115.163328314, -3.03946697799995, 0],
              [115.162934436, -3.03903383599993, 0],
              [115.162820222, -3.03896889599997, 0],
              [115.162571566, -3.03874165799994, 0],
              [115.162214648, -3.03863458199993, 0],
              [115.161810138, -3.03853940399995, 0],
              [115.161500808, -3.03880114499998, 0],
              [115.161167684, -3.03895580899996, 0],
              [115.160667998, -3.03902719399997, 0],
              [115.159692418, -3.03903908999996, 0],
              [115.158954785, -3.03900339899997, 0],
              [115.158336127, -3.03881304299995, 0],
              [115.158003001, -3.03869406999996, 0],
              [115.157455725, -3.03870596699994, 0],
              [115.156694297, -3.03864647899997, 0],
              [115.155980459, -3.03862268499995, 0],
              [115.155571706, -3.03840127599995, 0],
              [115.155659442, -3.03825954899997, 0],
              [115.156111539, -3.03767657999993, 0],
              [115.156456561, -3.03735535199996, 0],
              [115.158312542, -3.03573731799997, 0],
              [115.162853506, -3.03141685299994, 0],
              [115.163824326, -3.03106469299996, 0],
              [115.164262145, -3.03110276399997, 0],
              [115.164538163, -3.03122649499994, 0],
              [115.164975984, -3.03111228099994, 0],
              [115.165090199, -3.03002724599998, 0],
              [115.164721042, -3.02949988499995, 0],
              [115.164557199, -3.02926581999998, 0],
              [115.164147931, -3.02864715999994, 0],
              [115.164119379, -3.02799042899994, 0],
              [115.164626679, -3.02768776099993, 0],
              [115.164997875, -3.02731656499998, 0],
              [115.165326241, -3.02704530599993, 0],
              [115.16612574, -3.02708813699996, 0],
              [115.166496935, -3.02740222499995, 0],
              [115.167310712, -3.02860147399997, 0],
              [115.167853228, -3.03007911899994, 0],
              [115.168417161, -3.03072871199993, 0],
              [115.169023923, -3.03000773599996, 0],
              [115.169866253, -3.02922251299998, 0],
              [115.170544399, -3.02871568799998, 0],
              [115.171072639, -3.02843729099993, 0],
              [115.171422421, -3.02835162999998, 0],
              [115.171986352, -3.02826596999995, 0],
              [115.172507454, -3.02810178699997, 0],
              [115.172771575, -3.02771631499996, 0],
              [115.173035696, -3.02735225699996, 0],
              [115.173221293, -3.02692395299994, 0],
              [115.173406891, -3.02665269499994, 0],
              [115.174049346, -3.02636715999995, 0],
              [115.174741769, -3.02598168799995, 0],
              [115.175155794, -3.02578894999994, 0],
              [115.175680225, -3.02573011099997, 0],
              [115.175979177, -3.02507242099995, 0],
              [115.176186971, -3.02461527099996, 0],
              [115.176734699, -3.02341026899995, 0],
              [115.176955311, -3.02292492299995, 0],
              [115.177199901, -3.02245797999996, 0],
              [115.178350406, -3.02026155999994, 0],
              [115.178730886, -3.01848598299995, 0],
              [115.181419305, -3.01756423899997, 0],
              [115.182157871, -3.01731101599995, 0],
              [115.183169827, -3.01696405999996, 0],
              [115.185833191, -3.01772502199998, 0],
              [115.187355113, -3.01785184799996, 0],
              [115.191540203, -3.01396874199998, 0],
              [115.193241314, -3.01498079499993, 0],
              [115.194008095, -3.01532158699996, 0],
              [115.194888962, -3.01571308399997, 0],
              [115.194989622, -3.01575782099997, 0],
              [115.199425146, -3.01468940999996, 0],
              [115.200149046, -3.01546001299994, 0],
              [115.200354382, -3.01567859799997, 0],
              [115.201432464, -3.01682623199997, 0],
              [115.201373351, -3.01741735599995, 0],
              [115.201367712, -3.01747375299993, 0],
              [115.20104395, -3.01825077899997, 0],
              [115.200906062, -3.01981352199994, 0],
              [115.200849693, -3.02045235299994, 0],
              [115.201108702, -3.02148838799997, 0],
              [115.201879418, -3.02181869399993, 0],
              [115.202921763, -3.02226541499994, 0],
              [115.204357309, -3.02243105399998, 0],
              [115.204605319, -3.02245966999993, 0],
              [115.207083738, -3.02119023699993, 0],
              [115.207260159, -3.02109987499995, 0],
              [115.208086028, -3.02068693999996, 0],
              [115.208425697, -3.02051710499995, 0],
              [115.208814211, -3.02051710499995, 0],
              [115.210109253, -3.02155313999998, 0],
              [115.210634169, -3.02222386699998, 0],
              [115.210651466, -3.02224596799994, 0],
              [115.211274792, -3.02304243999993, 0],
              [115.211639746, -3.02407094699993, 0],
              [115.212343203, -3.02605341499998, 0],
              [115.213249733, -3.02741321099995, 0],
              [115.213710692, -3.02931466099994, 0],
              [115.213767751, -3.02955003299996, 0],
              [115.214244791, -3.03094140099995, 0],
              [115.214544777, -3.03181635899995, 0],
              [115.215434958, -3.03364908699996, 0],
              [115.215645563, -3.03408268399994, 0],
              [115.216746351, -3.03524822299994, 0],
              [115.217020984, -3.03567543099996, 0],
              [115.217911889, -3.03706128399995, 0],
              [115.218061306, -3.03715183999998, 0],
              [115.218899909, -3.03766008399998, 0],
              [115.21995167, -3.03829751399996, 0],
              [115.219951858, -3.03829762199996, 0],
              [115.219877177, -3.03839991799993, 0],
              [115.219899414, -3.03840699099993, 0],
              [115.219910025, -3.03841036599994, 0],
              [115.220898075, -3.03901654099997, 0],
              [115.221066704, -3.03911999699994, 0],
              [115.221959598, -3.03966779299998, 0],
              [115.221962562, -3.03966961099997, 0],
              [115.222630091, -3.04007915299997, 0],
              [115.225472772, -3.04182314799994, 0],
              [115.226584896, -3.04250544299993, 0],
              [115.22737978, -3.04299310999994, 0],
              [115.228350315, -3.04358853799994, 0],
              [115.229351559, -3.04420281799997, 0],
              [115.229361748, -3.04420906899998, 0],
              [115.230129307, -3.04467998099995, 0],
              [115.232495221, -3.04613149899996, 0],
              [115.233707814, -3.04687543999995, 0],
              [115.218861111, -3.04705555599998, 0],
              [115.216333333, -3.04730555599997, 0],
              [115.211472222, -3.05355555599994, 0],
              [115.210411801, -3.05475969699995, 0],
              [115.203888889, -3.06216666699993, 0],
              [115.203737655, -3.06501490999995, 0],
              [115.203722222, -3.06530555599994, 0],
              [115.204043262, -3.06907776299994, 0],
              [115.204055556, -3.06922222199995, 0],
              [115.204300459, -3.07138312999996, 0],
              [115.204527778, -3.07338888899994, 0],
              [115.202713089, -3.07586165099997, 0],
              [115.202, -3.07683333299997, 0],
              [115.199194444, -3.0805, 0],
              [115.196916667, -3.08552777799997, 0],
              [115.194472222, -3.08686111099996, 0],
              [115.191666667, -3.09022222199997, 0],
              [115.190305556, -3.09244444399997, 0],
              [115.187194444, -3.09536111099993, 0],
              [115.186902748, -3.09556415499998, 0],
              [115.184361111, -3.09733333299994, 0],
              [115.183355545, -3.09864273899996, 0],
              [115.182053983, -3.10033757899993, 0],
              [115.1805, -3.10236111099994, 0]
            ]
          ]
        ]
      }
    },
    {
      "type": "Feature",
      "properties": {
        "kd_propinsi": "63",
        "kd_dati2": "05",
        "kd_kecamatan": "6",
        "nm_kecamatan": "Hatungun"
      },
      "geometry": {
        "type": "MultiPolygon",
        "coordinates": [
          [
            [
              [115.1490775, -3.18552548599996, 0],
              [115.148555556, -3.18544444399993, 0],
              [115.146111111, -3.18747222199994, 0],
              [115.145807448, -3.18915249099996, 0],
              [115.145694444, -3.18977777799995, 0],
              [115.145257133, -3.18990011799997, 0],
              [115.144327, -3.19016032699994, 0],
              [115.136579349, -3.19232776699994, 0],
              [115.131774675, -3.19367189699995, 0],
              [115.12408866, -3.19582209499993, 0],
              [115.124042756, -3.19444849499996, 0],
              [115.125137324, -3.19339930499996, 0],
              [115.125630493, -3.19247983999998, 0],
              [115.125663666, -3.19189667299997, 0],
              [115.125778834, -3.189872, 0],
              [115.125518039, -3.18961120299997, 0],
              [115.124604326, -3.18833581199993, 0],
              [115.12377877, -3.18654923699995, 0],
              [115.123953368, -3.18530598799993, 0],
              [115.123739392, -3.18537087999994, 0],
              [115.123715331, -3.18465094299995, 0],
              [115.124078174, -3.18441729199998, 0],
              [115.124813717, -3.17917964599997, 0],
              [115.124152608, -3.17666947199996, 0],
              [115.124203504, -3.17666027499996, 0],
              [115.12438078, -3.17652725299996, 0],
              [115.124602397, -3.17634986199994, 0],
              [115.124658011, -3.17630706099993, 0],
              [115.124887466, -3.17624664299996, 0],
              [115.125143051, -3.17601776099997, 0],
              [115.12547493, -3.17578124999994, 0],
              [115.125627518, -3.17565345799994, 0],
              [115.125772476, -3.17477226299997, 0],
              [115.125764847, -3.17457961999998, 0],
              [115.125772476, -3.17449378999993, 0],
              [115.12603569, -3.17357253999995, 0],
              [115.126073837, -3.17349433899994, 0],
              [115.126493454, -3.17296409599993, 0],
              [115.12660408, -3.17234611499993, 0],
              [115.126867294, -3.17199516299996, 0],
              [115.126771927, -3.17144584699997, 0],
              [115.126819294, -3.17096987099995, 0],
              [115.126862926, -3.17069282699993, 0],
              [115.126840005, -3.17053760699997, 0],
              [115.126843494, -3.17037384699995, 0],
              [115.126794419, -3.17023296499997, 0],
              [115.126684189, -3.17013549799998, 0],
              [115.126718521, -3.16996383699996, 0],
              [115.126756668, -3.16991996799993, 0],
              [115.126756668, -3.16990089399997, 0],
              [115.12698555, -3.16945075999996, 0],
              [115.127191544, -3.16926765399995, 0],
              [115.12698555, -3.16888999899993, 0],
              [115.127016068, -3.16845321699998, 0],
              [115.127248764, -3.16788482699997, 0],
              [115.127435684, -3.16698455799997, 0],
              [115.127504349, -3.16652107199997, 0],
              [115.127607346, -3.16625213599997, 0],
              [115.127622604, -3.16569900499997, 0],
              [115.127634048, -3.16560554499995, 0],
              [115.127592087, -3.16533470199994, 0],
              [115.127828598, -3.16460227999994, 0],
              [115.128019333, -3.16411018399998, 0],
              [115.128141403, -3.16370582599996, 0],
              [115.128171921, -3.16351127599995, 0],
              [115.128255844, -3.16279792799998, 0],
              [115.128290176, -3.16260909999994, 0],
              [115.12830925, -3.16255569499998, 0],
              [115.128465652, -3.16211509699997, 0],
              [115.12937355, -3.16196632399993, 0],
              [115.130649964, -3.16169505099998, 0],
              [115.13041899, -3.16121706099995, 100],
              [115.13010977, -3.16058806699994, 100],
              [115.129990141, -3.16037814499993, 98.4048000000039],
              [115.12981833, -3.16007665499996, 94.8665000000037],
              [115.12975783, -3.15998565399997, 93.8217000000004],
              [115.129580589, -3.15971905699996, 88.8203999999969],
              [115.129194511, -3.15931145899998, 80],
              [115.128777151, -3.15879077599993, 80],
              [115.128413724, -3.15829279699995, 80],
              [115.128310913, -3.15815244999993, 80],
              [115.128240805, -3.15805674599994, 80],
              [115.128184898, -3.15798042699993, 80],
              [115.127987637, -3.15762290299995, 80],
              [115.127835126, -3.15739204999994, 80],
              [115.127646497, -3.15723799199998, 78.771900000007],
              [115.127457859, -3.15708845399996, 74.997000000003],
              [115.127291629, -3.15698416799995, 72.0506000000023],
              [115.127107367, -3.15690245399998, 69.252999999997],
              [115.126972492, -3.15687056199994, 67.8120000000054],
              [115.126824091, -3.15685672999996, 67.8589999999967],
              [115.126545231, -3.15685622499996, 68.6484999999957],
              [115.126507136, -3.15685832299994, 68.7823000000062],
              [115.126306827, -3.15686935699995, 69.2434999999969],
              [115.126000097, -3.15694521099994, 0],
              [115.125780106, -3.15664672899993, 0],
              [115.126588821, -3.15515899699994, 0],
              [115.126657486, -3.15509605399996, 0],
              [115.126850502, -3.15353637099997, 0],
              [115.132965966, -3.15353636999993, 0],
              [115.133358075, -3.15324228799994, 0],
              [115.133792328, -3.15291659899998, 0],
              [115.133851849, -3.15284596099997, 0],
              [115.13443964, -3.15214838499998, 0],
              [115.134963121, -3.15181525999998, 0],
              [115.135505638, -3.15154875999997, 0],
              [115.135957507, -3.15122033899996, 0],
              [115.1360262, -3.12929353099997, 0],
              [115.136030772, -3.12783085999996, 0],
              [115.13603631, -3.12606248599997, 0],
              [115.136053166, -3.12065684799995, 0],
              [115.136066242, -3.11646228499996, 0],
              [115.136067072, -3.11619619899994, 0],
              [115.138723382, -3.11426903099994, 0],
              [115.141435969, -3.11243684599998, 0],
              [115.144600651, -3.10981943799993, 0],
              [115.145695204, -3.10879627099996, 0],
              [115.146337659, -3.10813002199996, 0],
              [115.147079308, -3.10751275099995, 0],
              [115.156582221, -3.11033075899996, 0],
              [115.161647663, -3.11265969799996, 0],
              [115.161911176, -3.11279175899995, 0],
              [115.161911621, -3.11279442599994, 0],
              [115.161871683, -3.11686804999994, 0],
              [115.162169131, -3.11703507899995, 0],
              [115.162990044, -3.11680903099995, 0],
              [115.165512273, -3.11591673199996, 0],
              [115.166844772, -3.11516720199995, 0],
              [115.167142203, -3.11496494799997, 0],
              [115.167489804, -3.11485883299997, 0],
              [115.167972222, -3.11466666699994, 0],
              [115.172926807, -3.11698048299996, 0],
              [115.173153956, -3.11708656299993, 0],
              [115.173444444, -3.11722222199995, 0],
              [115.177, -3.11902777799998, 0],
              [115.179027778, -3.12094444399997, 0],
              [115.1805, -3.12511111099997, 0],
              [115.181166667, -3.13069444399997, 0],
              [115.184194444, -3.13133333299993, 0],
              [115.184523408, -3.13130105199997, 0],
              [115.190138889, -3.13075, 0],
              [115.194777778, -3.13022222199993, 0],
              [115.196230569, -3.12997262399995, 0],
              [115.201083333, -3.12913888899993, 0],
              [115.204777778, -3.12766666699997, 0],
              [115.207916667, -3.12633333299993, 0],
              [115.211063859, -3.12551555899995, 0],
              [115.211444444, -3.12541666699997, 0],
              [115.21751688, -3.12680529799997, 0],
              [115.21771446, -3.12685047999997, 0],
              [115.218324009, -3.12698986999993, 0],
              [115.219830548, -3.12808286499995, 0],
              [115.226145312, -3.13266422899994, 0],
              [115.227833333, -3.13388888899993, 0],
              [115.229188172, -3.13429435199993, 0],
              [115.235444444, -3.13616666699994, 0],
              [115.241879946, -3.13580913899995, 0],
              [115.241944444, -3.13580555599998, 0],
              [115.244250387, -3.15475669199998, 0],
              [115.244361111, -3.15566666699993, 0],
              [115.237638889, -3.16677777799993, 0],
              [115.236047055, -3.16710912299993, 0],
              [115.200526479, -3.17450284099994, 0],
              [115.20018749, -3.17457340299995, 0],
              [115.20007243, -3.17452916999997, 0],
              [115.199955665, -3.17442330399996, 0],
              [115.199827152, -3.17434676799996, 0],
              [115.199757203, -3.17432205399996, 0],
              [115.199710276, -3.17430547299995, 0],
              [115.199593336, -3.17429939899995, 0],
              [115.199476378, -3.17430506399995, 0],
              [115.199353501, -3.17435180999996, 0],
              [115.19923648, -3.17439269599993, 0],
              [115.199142719, -3.17450993299997, 0],
              [115.199069485, -3.17459611899994, 0],
              [115.199043109, -3.17462715999994, 0],
              [115.198925968, -3.17473848699996, 0],
              [115.198855594, -3.17485576399997, 0],
              [115.198796906, -3.17497893399997, 0],
              [115.19869145, -3.17509614999995, 0],
              [115.198574378, -3.17516638699993, 0],
              [115.198475175, -3.17504881099995, 0],
              [115.198434458, -3.17492546799997, 0],
              [115.198411272, -3.17480802599994, 0],
              [115.198358858, -3.17468466299994, 0],
              [115.198300587, -3.17456715899994, 0],
              [115.198242315, -3.17444965599998, 0],
              [115.198189893, -3.17433216299997, 0],
              [115.198073066, -3.17426151699993, 0],
              [115.197956149, -3.17424370299995, 0],
              [115.19783924, -3.17422001699993, 0],
              [115.197726534, -3.17421175799996, 0],
              [115.197603778, -3.17418806299997, 0],
              [115.19748691, -3.17414089799996, 0],
              [115.197405251, -3.17402335299994, 0],
              [115.197446387, -3.17390602399996, 0],
              [115.197451793, -3.17385269199997, 0],
              [115.197458285, -3.17378864399996, 0],
              [115.197458488, -3.17367124199996, 0],
              [115.197429454, -3.17355378999997, 0],
              [115.197394573, -3.17343632799998, 0],
              [115.197307065, -3.17331877299995, 0],
              [115.197190148, -3.17330095799997, 0],
              [115.197067393, -3.17327726299993, 0],
              [115.196962342, -3.17315967799993, 0],
              [115.196968394, -3.17304228699993, 0],
              [115.197021223, -3.17292497799997, 0],
              [115.197109141, -3.17280401699998, 0],
              [115.197103497, -3.17268660499997, 0],
              [115.196986722, -3.17258660999994, 0],
              [115.196869956, -3.17248074399993, 0],
              [115.196817534, -3.17236325099998, 0],
              [115.196782653, -3.17224578799994, 0],
              [115.196747771, -3.17212832599995, 0],
              [115.196695359, -3.17200496299995, 0],
              [115.196654208, -3.17188493299994, 0],
              [115.196595938, -3.17176742899994, 0],
              [115.196531819, -3.17164991499993, 0],
              [115.196438475, -3.17152648099994, 0],
              [115.196315863, -3.17142060499998, 0],
              [115.196193189, -3.17134994899993, 0],
              [115.196076383, -3.17126756399995, 0],
              [115.19597718, -3.17114998799997, 0],
              [115.1959423, -3.17103252599998, 0],
              [115.195901593, -3.17090331399993, 0],
              [115.195884253, -3.17078588199996, 0],
              [115.195884457, -3.17066848099995, 0],
              [115.195948982, -3.17055119299994, 0],
              [115.195995964, -3.17043387299998, 0],
              [115.196037225, -3.17031949299997, 0],
              [115.196095902, -3.17020219399996, 0],
              [115.196096126, -3.17007305299995, 0],
              [115.196020323, -3.16994964899993, 0],
              [115.195903527, -3.16986139299996, 0],
              [115.195786742, -3.16976726799993, 0],
              [115.195740167, -3.16964978499993, 0],
              [115.195716991, -3.16952647299996, 0],
              [115.195641178, -3.16940893899994, 0],
              [115.195553681, -3.16928551399997, 0],
              [115.195501257, -3.16916802099996, 0],
              [115.195448845, -3.16904465799996, 0],
              [115.195402268, -3.16892717499997, 0],
              [115.195372881, -3.16881259799993, 0],
              [115.195338001, -3.16869513499995, 0],
              [115.195308967, -3.16857768299997, 0],
              [115.195279934, -3.16846023099993, 0],
              [115.195264254, -3.16837015499993, 0],
              [115.1952627, -3.16836122699993, 0],
              [115.195196443, -3.16823070399994, 0],
              [115.195178588, -3.16810364999998, 0],
              [115.195097448, -3.16798555699995, 0],
              [115.195034387, -3.16786749599993, 0],
              [115.194971325, -3.16774943499996, 0],
              [115.194935376, -3.16763142099995, 0],
              [115.194854238, -3.16751332899997, 0],
              [115.194727878, -3.16741330299993, 0],
              [115.194673871, -3.16728618499997, 0],
              [115.194619862, -3.16715906699994, 0],
              [115.194592953, -3.16704106899994, 0],
              [115.19457508, -3.16692308699993, 0],
              [115.194557208, -3.16680510499998, 0],
              [115.194539353, -3.16667804999997, 0],
              [115.19450342, -3.16655096399995, 0],
              [115.194476321, -3.16642103199996, 0],
              [115.19444941, -3.16630303499994, 0],
              [115.194413463, -3.16618502099993, 0],
              [115.194350401, -3.16606695999997, 0],
              [115.194233047, -3.16598509599993, 0],
              [115.194106657, -3.16590321699994, 0],
              [115.193989209, -3.16587579199995, 0],
              [115.193871606, -3.16593909799997, 0],
              [115.193753937, -3.16603869699998, 0],
              [115.193627216, -3.16614735199994, 0],
              [115.193509533, -3.16625602399995, 0],
              [115.19339196, -3.16630118299997, 0],
              [115.193265426, -3.16630096199998, 0],
              [115.193148027, -3.16624631699995, 0],
              [115.193030595, -3.16620981899996, 0],
              [115.192904109, -3.16618237899996, 0],
              [115.192786631, -3.16617309999998, 0],
              [115.19266912, -3.16618196699994, 0],
              [115.19255158, -3.16620897999997, 0],
              [115.192434022, -3.16624506699998, 0],
              [115.192320067, -3.16632396899996, 0],
              [115.192316386, -3.16632651799995, 0],
              [115.192180674, -3.16640793899995, 0],
              [115.192063132, -3.16643495199998, 0],
              [115.191936662, -3.16639843799993, 0],
              [115.191792116, -3.16636189199994, 0],
              [115.191674795, -3.16626188199996, 0],
              [115.191647885, -3.16614388499994, 0],
              [115.191602916, -3.16601678299998, 0],
              [115.19155793, -3.16589875299997, 0],
              [115.191458717, -3.16578062899993, 0],
              [115.191341395, -3.16568061899994, 0],
              [115.191314486, -3.16556262199993, 0],
              [115.191296615, -3.16544463999998, 0],
              [115.19126972, -3.16531756899997, 0],
              [115.191179545, -3.16519946099993, 0],
              [115.191053091, -3.16515387399994, 0],
              [115.190935692, -3.16509922999995, 0],
              [115.190809207, -3.16507178899997, 0],
              [115.190691792, -3.16502621699993, 0],
              [115.190574313, -3.16501693799995, 0],
              [115.190447922, -3.16493505899996, 0],
              [115.190384876, -3.16480792399995, 0],
              [115.190331263, -3.16445397999996, 0],
              [115.190304368, -3.16432690899995, 0],
              [115.190204574, -3.16421309499998, 0],
              [115.190159588, -3.16409506599996, 0],
              [115.190087489, -3.16397698999998, 0],
              [115.190042504, -3.16385896099996, 0],
              [115.190006556, -3.16374094699995, 0],
              [115.189979663, -3.16361387599994, 0],
              [115.18997083, -3.16349591099993, 0],
              [115.189980072, -3.16337797699993, 0],
              [115.189998353, -3.16326005899998, 0],
              [115.190016633, -3.16314213999993, 0],
              [115.190007815, -3.16301510099993, 0],
              [115.189926678, -3.16289700899995, 0],
              [115.18980928, -3.16284236499996, 0],
              [115.189574291, -3.16284195299994, 0],
              [115.189456782, -3.16285081999996, 0],
              [115.189203654, -3.16288666799994, 0],
              [115.189077045, -3.16293181199995, 0],
              [115.188959487, -3.16296789799998, 0],
              [115.1887245, -3.16296748599996, 0],
              [115.188607037, -3.16294913399997, 0],
              [115.188489591, -3.16292170799994, 0],
              [115.188363185, -3.16284890199995, 0],
              [115.188245722, -3.16283054999997, 0],
              [115.188128402, -3.16273053999993, 0],
              [115.188062996, -3.16260985899993, 0],
              [115.18801801, -3.16249182999997, 0],
              [115.188018215, -3.16237387999996, 0],
              [115.188009397, -3.16224684099996, 0],
              [115.187882961, -3.16219218099997, 0],
              [115.187765483, -3.16218290199993, 0],
              [115.187530496, -3.16218248999996, 0],
              [115.187412907, -3.16223672199993, 0],
              [115.187295335, -3.16228188099996, 0],
              [115.187177778, -3.16231796699998, 0],
              [115.187060173, -3.16238127199995, 0],
              [115.186942586, -3.16243550399997, 0],
              [115.186824934, -3.16252602899994, 0],
              [115.186707283, -3.16261655299996, 0],
              [115.186580672, -3.16266169599993, 0],
              [115.186219153, -3.16266106099994, 0],
              [115.186101771, -3.16259734399995, 0],
              [115.185993519, -3.16247920399997, 0],
              [115.185957573, -3.16236118999996, 0],
              [115.185930663, -3.16224319299994, 0],
              [115.18592183, -3.16212522699993, 0],
              [115.185894922, -3.16200722999997, 0],
              [115.185849937, -3.16188920099995, 0],
              [115.185732586, -3.16180733699997, 0],
              [115.185612833, -3.16178649699998, 0],
              [115.185495402, -3.16174999799995, 0],
              [115.185378004, -3.16169535299997, 0],
              [115.18526062, -3.16163163499994, 0],
              [115.185170446, -3.16151352699995, 0],
              [115.185053109, -3.16142258999997, 0],
              [115.184953898, -3.16130446599993, 0],
              [115.184827571, -3.16118629399995, 0],
              [115.184710126, -3.16115886799997, 0],
              [115.184592695, -3.16112236999993, 0],
              [115.184475234, -3.16110401699996, 0],
              [115.184348765, -3.16106750299997, 0],
              [115.184231303, -3.16104914999994, 0],
              [115.18411381, -3.16104894399996, 0],
              [115.183996221, -3.16110317599993, 0],
              [115.183878619, -3.16116647999996, 0],
              [115.18376103, -3.16122071199993, 0],
              [115.183643457, -3.16126587099996, 0],
              [115.183614413, -3.16127926599995, 0],
              [115.18352587, -3.16132010299998, 0],
              [115.183408297, -3.16136526099996, 0],
              [115.183290725, -3.16141041999993, 0],
              [115.183171359, -3.16147400399996, 0],
              [115.18305377, -3.16152823599998, 0],
              [115.18293623, -3.16155524799996, 0],
              [115.182818705, -3.16157318799998, 0],
              [115.182692173, -3.16157296499995, 0],
              [115.182565706, -3.16153644999997, 0],
              [115.182448275, -3.16149995199993, 0],
              [115.182416296, -3.16148753999994, 0],
              [115.18233086, -3.16145437999995, 0],
              [115.182213447, -3.16140880799998, 0],
              [115.182077909, -3.16139042299994, 0],
              [115.181960462, -3.16136299699997, 0],
              [115.181833948, -3.16135370099994, 0],
              [115.181716454, -3.16135349499996, 0],
              [115.181598978, -3.16134421499993, 0],
              [115.181472494, -3.16131677299995, 0],
              [115.181355047, -3.16128934699998, 0],
              [115.181237602, -3.16126192099995, 0],
              [115.181111007, -3.16129799099997, 0],
              [115.180975406, -3.16131589799994, 0],
              [115.180857788, -3.16138827599997, 0],
              [115.180740183, -3.16145157999995, 0],
              [115.1806225, -3.16156024899993, 0],
              [115.180502873, -3.16158865099993, 0],
              [115.180376215, -3.16166101199997, 0],
              [115.18024959, -3.16171522699995, 0],
              [115.180131906, -3.16182389699998, 0],
              [115.180014224, -3.16193256599996, 0],
              [115.179913377, -3.16206140599996, 0],
              [115.179813755, -3.16217917999995, 0],
              [115.179750283, -3.16229701799995, 0],
              [115.179632631, -3.16238754099993, 0],
              [115.179533008, -3.16250531499998, 0],
              [115.179415389, -3.16257769199996, 0],
              [115.179297753, -3.16265914199994, 0],
              [115.179192126, -3.16271192799997, 0],
              [115.179171111, -3.16272242999997, 0],
              [115.179145589, -3.16275260299994, 0],
              [115.179071488, -3.16284020399996, 0],
              [115.178953836, -3.16293072699995, 0],
              [115.178836217, -3.16300310399993, 0],
              [115.178763707, -3.16312092599998, 0],
              [115.178673122, -3.16323871499998, 0],
              [115.178555486, -3.16332016499996, 0],
              [115.178437929, -3.16335624999994, 0],
              [115.178202942, -3.16335583499995, 0],
              [115.178085466, -3.16334655499998, 0],
              [115.177966745, -3.16330069799994, 0],
              [115.177849393, -3.16321883399996, 0],
              [115.177732044, -3.16313696999993, 0],
              [115.177614645, -3.16308232399996, 0],
              [115.177488193, -3.16303673599998, 0],
              [115.177370764, -3.16300023699995, 0],
              [115.177253365, -3.16294559099993, 0],
              [115.177136, -3.16287279999995, 0],
              [115.177018538, -3.16285444599993, 0],
              [115.17689207, -3.16281793099995, 0],
              [115.176774641, -3.16278143099993, 0],
              [115.176657195, -3.16275400499995, 0],
              [115.17653975, -3.16272657799993, 0],
              [115.176422288, -3.16270822499996, 0],
              [115.176304842, -3.16268079899993, 0],
              [115.176187382, -3.16266244499997, 0],
              [115.176069904, -3.16265316499994, 0],
              [115.175952539, -3.16258037299997, 0],
              [115.17583514, -3.16252572799994, 0],
              [115.175708625, -3.16251643099997, 0],
              [115.17559118, -3.16248900499994, 0],
              [115.175464649, -3.16248878099998, 0],
              [115.175347171, -3.16247950099995, 0],
              [115.175229679, -3.16247929299993, 0],
              [115.175218357, -3.16248276799996, 0],
              [115.175112122, -3.16251537799997, 0],
              [115.174994551, -3.16256053499996, 0],
              [115.174876978, -3.16260569199994, 0],
              [115.174841995, -3.16261642999996, 0],
              [115.174759421, -3.16264177599993, 0],
              [115.174641802, -3.16271415299997, 0],
              [115.174485287, -3.16280650899995, 0],
              [115.174527496, -3.16296874799997, 0],
              [115.1745952, -3.16313103199997, 0],
              [115.174602707, -3.16314162599997, 0],
              [115.174679976, -3.16325067099996, 0],
              [115.174730728, -3.16338732099996, 0],
              [115.17475603, -3.16349832099996, 0],
              [115.174764289, -3.16363489499997, 0],
              [115.174768428, -3.16369455499995, 0],
              [115.174772579, -3.16375439899997, 0],
              [115.174797746, -3.16394221299993, 0],
              [115.174822734, -3.16423244699996, 0],
              [115.174814115, -3.16430071199994, 0],
              [115.174762945, -3.16440304099996, 0],
              [115.174703276, -3.16450535499996, 0],
              [115.174635199, -3.16455644499996, 0],
              [115.174507691, -3.16457328899998, 0],
              [115.174442202, -3.16457317299995, 0],
              [115.174388712, -3.16457307899998, 0],
              [115.174184778, -3.16455564799998, 0],
              [115.17409023, -3.16454492799994, 0],
              [115.173955362, -3.16452963699993, 0],
              [115.17376838, -3.16453784199996, 0],
              [115.17356431, -3.16459722499997, 0],
              [115.173300648, -3.16471624799993, 0],
              [115.173245057, -3.16476503599995, 0],
              [115.173188446, -3.16481471899994, 0],
              [115.173162888, -3.16485307399995, 0],
              [115.173086195, -3.16496816699993, 0],
              [115.173017953, -3.16511314099995, 0],
              [115.172966692, -3.16526667999995, 0],
              [115.172898495, -3.16538604899995, 0],
              [115.172779187, -3.16557360699994, 0],
              [115.172676965, -3.16570998499998, 0],
              [115.172583198, -3.16587198399998, 0],
              [115.172463858, -3.16607661199993, 0],
              [115.172404055, -3.16625573999994, 0],
              [115.172344281, -3.16641779899993, 0],
              [115.172310032, -3.16656283199995, 0],
              [115.172233246, -3.16673339599993, 0],
              [115.172147991, -3.16688687499993, 0],
              [115.172045724, -3.16704885799993, 0],
              [115.171968969, -3.16720235099996, 0],
              [115.171813516, -3.16746506999994, 0],
              [115.17167718, -3.16766966699993, 0],
              [115.171557902, -3.16784015499997, 0],
              [115.171515229, -3.16794249899994, 0],
              [115.171464102, -3.16801922299993, 0],
              [115.171293488, -3.16838592399995, 0],
              [115.171242228, -3.16853946299995, 0],
              [115.171190952, -3.16870153599996, 0],
              [115.171131102, -3.16890626899993, 0],
              [115.17111373, -3.16911961199997, 0],
              [115.171113325, -3.16935005599993, 0],
              [115.171138461, -3.16955493899997, 0],
              [115.171163537, -3.16979396299996, 0],
              [115.171197186, -3.16999032699994, 0],
              [115.171230896, -3.17015255099994, 0],
              [115.171256046, -3.17034889999997, 0],
              [115.17126429, -3.17049400899998, 0],
              [115.171264005, -3.17065617299994, 0],
              [115.171263765, -3.17079273199994, 0],
              [115.171237264, -3.17103695599997, 0],
              [115.171219727, -3.17134418399996, 0],
              [115.171185523, -3.17146361299996, 0],
              [115.171117265, -3.17161712099994, 0],
              [115.1711171, -3.17171100499996, 0],
              [115.171125343, -3.17185611499997, 0],
              [115.171150509, -3.17204392799994, 0],
              [115.171184233, -3.17219761699994, 0],
              [115.171209429, -3.17236836099994, 0],
              [115.171209129, -3.17253905999996, 0],
              [115.171208874, -3.17268415399997, 0],
              [115.171183138, -3.17282066799993, 0],
              [115.17119988, -3.17296579199996, 0],
              [115.171216636, -3.17310238099998, 0],
              [115.171190916, -3.17323035999993, 0],
              [115.171131201, -3.17335827899996, 0],
              [115.171071516, -3.17346912699998, 0],
              [115.170994848, -3.17357140999997, 0],
              [115.17092665, -3.17369077899997, 0],
              [115.170900184, -3.17380645399993, 0],
              [115.17080646, -3.17394284699998, 0],
              [115.170738351, -3.17401100499995, 0],
              [115.170636143, -3.17413884799993, 0],
              [115.170567928, -3.17426675099995, 0],
              [115.170542253, -3.17436912499994, 0],
              [115.170491037, -3.17449705899998, 0],
              [115.170431261, -3.17465911599993, 0],
              [115.170414023, -3.17479564499996, 0],
              [115.170413678, -3.17499194799996, 0],
              [115.170413599, -3.17503698799993, 0],
              [115.170413407, -3.17514557799996, 0],
              [115.170396154, -3.17529064099995, 0],
              [115.170353392, -3.17544419399997, 0],
              [115.170344592, -3.17561487799998, 0],
              [115.170301799, -3.17578550099995, 0],
              [115.170267549, -3.17593053499996, 0],
              [115.17023336, -3.17604142799996, 0],
              [115.170190506, -3.17624619099996, 0],
              [115.170147772, -3.17638267399997, 0],
              [115.170061659, -3.17655034199993, 0],
              [115.16998487, -3.17672090499997, 0],
              [115.169891101, -3.17688290299998, 0],
              [115.169797346, -3.17703636499994, 0],
              [115.169695122, -3.17717274199993, 0],
              [115.169558843, -3.17734319899995, 0],
              [115.169405523, -3.17753922999998, 0],
              [115.169345048, -3.17760905599994, 0],
              [115.169294815, -3.17766705699995, 0],
              [115.169115983, -3.17787157699996, 0],
              [115.168996777, -3.17799938899998, 0],
              [115.168907486, -3.17807533799993, 0],
              [115.16882655, -3.17814417999995, 0],
              [115.168656337, -3.17828043599997, 0],
              [115.168520088, -3.17843382299998, 0],
              [115.16840941, -3.17854457999994, 0],
              [115.168324184, -3.17868098699995, 0],
              [115.168284036, -3.17876627399994, 0],
              [115.168255939, -3.17882595899994, 0],
              [115.168204676, -3.17897949799993, 0],
              [115.168204496, -3.17908191699996, 0],
              [115.168211658, -3.17941976699996, 0],
              [115.168202379, -3.17949778299993, 0],
              [115.16817715, -3.17970989399993, 0],
              [115.168168215, -3.17995739099996, 0],
              [115.168159295, -3.18019635399998, 0],
              [115.168133257, -3.18050356599997, 0],
              [115.168132925, -3.18069133399996, 0],
              [115.168132488, -3.18093884699994, 0],
              [115.168115265, -3.18106683999997, 0],
              [115.16808109, -3.18116919899995, 0],
              [115.168029932, -3.18126299199997, 0],
              [115.167953203, -3.18139941399994, 0],
              [115.16787655, -3.18149316199998, 0],
              [115.167782899, -3.18158687899995, 0],
              [115.167663737, -3.18168908599995, 0],
              [115.167459439, -3.18187648999998, 0],
              [115.16728912, -3.18207248999994, 0],
              [115.167022715, -3.18224906999996, 0],
              [115.166988194, -3.18228627199994, 0],
              [115.166912021, -3.18236836199998, 0],
              [115.166835322, -3.18248771399993, 0],
              [115.166758653, -3.18258999599993, 0],
              [115.166610962, -3.18270822199997, 0],
              [115.166588439, -3.18272625099996, 0],
              [115.166426739, -3.18285398699993, 0],
              [115.166341647, -3.18291357899994, 0],
              [115.166171433, -3.18304983399997, 0],
              [115.166035289, -3.18314347499995, 0],
              [115.165856606, -3.18326264499996, 0],
              [115.16573749, -3.18333924599995, 0],
              [115.165652292, -3.18345858299995, 0],
              [115.165635078, -3.18351013899996, 0],
              [115.165609572, -3.18358653099995, 0],
              [115.165600817, -3.18373160899995, 0],
              [115.165609104, -3.18385111299995, 0],
              [115.165650749, -3.18404197599995, 0],
              [115.16569303, -3.18416153999993, 0],
              [115.165769141, -3.18437504999997, 0],
              [115.165775908, -3.18439281399998, 0],
              [115.165853734, -3.18459710999997, 0],
              [115.165904455, -3.18475082899994, 0],
              [115.165938117, -3.18493865799997, 0],
              [115.165963477, -3.18501551799994, 0],
              [115.16602274, -3.18514364799995, 0],
              [115.166098926, -3.18531448299996, 0],
              [115.166141162, -3.18545965299995, 0],
              [115.166183429, -3.18558775199995, 0],
              [115.166242693, -3.18571588199995, 0],
              [115.166276521, -3.18580982699996, 0],
              [115.166327317, -3.18592087299993, 0],
              [115.166386656, -3.18600632799996, 0],
              [115.166454449, -3.18611740299997, 0],
              [115.166496807, -3.18619429399996, 0],
              [115.166564644, -3.18627976399995, 0],
              [115.1666749, -3.18640798499996, 0],
              [115.166734226, -3.18650197599993, 0],
              [115.166818955, -3.18664722099993, 0],
              [115.166852738, -3.18676677099995, 0],
              [115.166886506, -3.18689485599998, 0],
              [115.166886325, -3.18699727499995, 0],
              [115.166852164, -3.18709109799994, 0],
              [115.166766996, -3.18719336499993, 0],
              [115.166690372, -3.18727004199997, 0],
              [115.166582691, -3.18737489699993, 0],
              [115.166441768, -3.18751212099994, 0],
              [115.166271478, -3.18769104899997, 0],
              [115.166160799, -3.18780180499994, 0],
              [115.16604165, -3.18789547699993, 0],
              [115.165905505, -3.18798911799996, 0],
              [115.165794871, -3.18807426899997, 0],
              [115.165675739, -3.18815940499997, 0],
              [115.165582193, -3.18819337699995, 0],
              [115.165522703, -3.18819327099993, 0],
              [115.16540372, -3.18819305799997, 0],
              [115.16535276, -3.18817589699995, 0],
              [115.165276513, -3.18803920099998, 0],
              [115.165242912, -3.18781723299998, 0],
              [115.165268892, -3.18754416099995, 0],
              [115.165269452, -3.18722836999996, 0],
              [115.165269815, -3.18702353099997, 0],
              [115.165236061, -3.18688691199998, 0],
              [115.165176646, -3.18684413099993, 0],
              [115.165142667, -3.18683553499994, 0],
              [115.164913204, -3.18683512499996, 0],
              [115.16477715, -3.18687755599996, 0],
              [115.164581514, -3.18697108999993, 0],
              [115.164468673, -3.18702995799993, 0],
              [115.164385864, -3.18707315899997, 0],
              [115.164105242, -3.18716653999996, 0],
              [115.163926663, -3.18722596499993, 0],
              [115.163816105, -3.18726844099996, 0],
              [115.163748011, -3.18732806399993, 0],
              [115.163730877, -3.18740484799997, 0],
              [115.163739225, -3.18749021199994, 0],
              [115.163807002, -3.18760982199996, 0],
              [115.163848522, -3.18767028099995, 0],
              [115.163883293, -3.18772091299996, 0],
              [115.163976596, -3.18782349999998, 0],
              [115.164053039, -3.18784924099998, 0],
              [115.164061193, -3.18785198699993, 0],
              [115.163666283, -3.18779066999997, 0],
              [115.15676084, -3.18671846899997, 0],
              [115.149391819, -3.18557428999998, 0],
              [115.1490775, -3.18552548599996, 0]
            ]
          ]
        ]
      }
    }
  ]
}